#
# There is insufficient memory for the Java Runtime Environment to continue.
# Native memory allocation (mmap) failed to map 76546048 bytes. Error detail: G1 virtual space
# Possible reasons:
#   The system is out of physical RAM or swap space
#   This process is running with CompressedOops enabled, and the Java Heap may be blocking the growth of the native heap
# Possible solutions:
#   Reduce memory load on the system
#   Increase physical memory or swap space
#   Check if swap backing store is full
#   Decrease Java heap size (-Xmx/-Xms)
#   Decrease number of Java threads
#   Decrease Java thread stack sizes (-Xss)
#   Set larger code cache with -XX:ReservedCodeCacheSize=
#   JVM is running with Unscaled Compressed Oops mode in which the Java heap is
#     placed in the first 4GB address space. The Java Heap base address is the
#     maximum limit for the native heap growth. Please use -XX:HeapBaseMinAddress
#     to set the Java Heap base and to place the Java Heap above 4GB virtual address.
# This output file may be truncated or incomplete.
#
#  Out of Memory Error (os_windows.cpp:3926), pid=7536, tid=21984
#
# JRE version: OpenJDK Runtime Environment (21.0.10) (build 21.0.10+-14961533-b1163.108)
# Java VM: OpenJDK 64-Bit Server VM (21.0.10+-14961533-b1163.108, mixed mode, tiered, compressed oops, compressed class ptrs, g1 gc, windows-amd64)
# No core dump will be written. Minidumps are not enabled by default on client versions of Windows
#

---------------  S U M M A R Y ------------

Command Line: --add-opens=java.base/java.lang=ALL-UNNAMED --add-opens=java.base/java.lang.invoke=ALL-UNNAMED --add-opens=java.base/java.util=ALL-UNNAMED --add-opens=java.prefs/java.util.prefs=ALL-UNNAMED --add-exports=jdk.compiler/com.sun.tools.javac.api=ALL-UNNAMED --add-exports=jdk.compiler/com.sun.tools.javac.util=ALL-UNNAMED --add-opens=java.base/java.util=ALL-UNNAMED --add-opens=java.prefs/java.util.prefs=ALL-UNNAMED --add-opens=java.base/java.nio.charset=ALL-UNNAMED --add-opens=java.base/java.net=ALL-UNNAMED --add-opens=java.base/java.util.concurrent=ALL-UNNAMED --add-opens=java.base/java.util.concurrent.atomic=ALL-UNNAMED --add-opens=java.xml/javax.xml.namespace=ALL-UNNAMED --add-opens=java.base/java.time=ALL-UNNAMED -Xmx2048m -Dfile.encoding=UTF-8 -Duser.country=IN -Duser.language=en -Duser.variant -javaagent:C:\Users\ELCOT\.gradle\wrapper\dists\gradle-9.4.1-bin\arn2x92ynaizyzdaamcbpbhtj\gradle-9.4.1\lib\agents\gradle-instrumentation-agent-9.4.1.jar org.gradle.launcher.daemon.bootstrap.GradleDaemon 9.4.1

Host: AMD Ryzen 3 7320U with Radeon Graphics         , 8 cores, 7G,  Windows 11 , 64 bit Build 26100 (10.0.26100.9168)
Time: Thu Sep  3 01:26:38 2026 India Standard Time elapsed time: 133.506734 seconds (0d 0h 2m 13s)

---------------  T H R E A D  ---------------

Current thread (0x0000021d49045120):  VMThread "VM Thread"          [id=21984, stack(0x00000063ded00000,0x00000063dee00000) (1024K)]

Stack: [0x00000063ded00000,0x00000063dee00000]
Native frames: (J=compiled Java code, j=interpreted, Vv=VM code, C=native code)
V  [jvm.dll+0x6d78a9]
V  [jvm.dll+0x8665b3]
V  [jvm.dll+0x868bde]
V  [jvm.dll+0x8692c3]
V  [jvm.dll+0x280ee6]
V  [jvm.dll+0x6d4165]
V  [jvm.dll+0x6c77fa]
V  [jvm.dll+0x358f4b]
V  [jvm.dll+0x360bc6]
V  [jvm.dll+0x3b2ea6]
V  [jvm.dll+0x3b3178]
V  [jvm.dll+0x32b65c]
V  [jvm.dll+0x32b6e7]
V  [jvm.dll+0x3715cc]
V  [jvm.dll+0x36fd7e]
V  [jvm.dll+0x32adb1]
V  [jvm.dll+0x36f480]
V  [jvm.dll+0x86f048]
V  [jvm.dll+0x870394]
V  [jvm.dll+0x8708d0]
V  [jvm.dll+0x870b63]
V  [jvm.dll+0x80fd28]
V  [jvm.dll+0x6d60fd]
C  [ucrtbase.dll+0x2cd30]
C  [KERNEL32.DLL+0x2ccb7]
C  [ntdll.dll+0xaad6c]

VM_Operation (0x00000063e1bf86a0): G1CollectForAllocation, mode: safepoint, requested by thread 0x0000021d4cae9260


---------------  P R O C E S S  ---------------

Threads class SMR info:
_java_thread_list=0x0000021d4d6ce480, length=77, elements={
0x0000021d2b353fa0, 0x0000021d49071f30, 0x0000021d490bac90, 0x0000021d490961e0,
0x0000021d490974b0, 0x0000021d490d3af0, 0x0000021d490d4550, 0x0000021d490dcfc0,
0x0000021d490e3270, 0x0000021d490e3d10, 0x0000021d49480910, 0x0000021d4a330590,
0x0000021d4ae97610, 0x0000021d4b558ff0, 0x0000021d4bde3340, 0x0000021d4b148240,
0x0000021d4a317e50, 0x0000021d4b043790, 0x0000021d4afbe500, 0x0000021d4b03d970,
0x0000021d4b03bf30, 0x0000021d4b03b210, 0x0000021d4b03e000, 0x0000021d4b03c5c0,
0x0000021d4b03d2e0, 0x0000021d4cae2ff0, 0x0000021d4cae5de0, 0x0000021d4cae6470,
0x0000021d4cae4a30, 0x0000021d4cae6b00, 0x0000021d4cae50c0, 0x0000021d4cae3680,
0x0000021d4cae7190, 0x0000021d4cae3d10, 0x0000021d4cae7eb0, 0x0000021d4cae7820,
0x0000021d4cae8540, 0x0000021d4cae5750, 0x0000021d4cae9260, 0x0000021d4cae98f0,
0x0000021d4cae9f80, 0x0000021d4caea610, 0x0000021d4e707820, 0x0000021d4e707eb0,
0x0000021d4e704a30, 0x0000021d4e705750, 0x0000021d4e706b00, 0x0000021d4e706470,
0x0000021d6a7555a0, 0x0000021d6a757d00, 0x0000021d6a758390, 0x0000021d6b68d540,
0x0000021d4d5f9db0, 0x0000021d6b5e03b0, 0x0000021d6b5e10d0, 0x0000021d6b5dfd20,
0x0000021d5e0ba030, 0x0000021d5e0c02a0, 0x0000021d5e0c1650, 0x0000021d5e0c0930,
0x0000021d5e0c1ce0, 0x0000021d5e0c2370, 0x0000021d5e0c0fc0, 0x0000021d5e0beef0,
0x0000021d5e0c4440, 0x0000021d5e0c5e80, 0x0000021d5e0c4ad0, 0x0000021d5e0c3db0,
0x0000021d5e0021a0, 0x0000021d5e001480, 0x0000021d5e003550, 0x0000021d5e002ec0,
0x0000021d5e000df0, 0x0000021d5e007060, 0x0000021d5e006340, 0x0000021d5e4f25b0,
0x0000021d5e55bb40
}

Java Threads: ( => current thread )
  0x0000021d2b353fa0 JavaThread "main"                              [_thread_blocked, id=16228, stack(0x00000063de600000,0x00000063de700000) (1024K)]
  0x0000021d49071f30 JavaThread "Common-Cleaner"             daemon [_thread_blocked, id=19132, stack(0x00000063dee00000,0x00000063def00000) (1024K)]
  0x0000021d490bac90 JavaThread "Reference Handler"          daemon [_thread_blocked, id=14560, stack(0x00000063def00000,0x00000063df000000) (1024K)]
  0x0000021d490961e0 JavaThread "Finalizer"                  daemon [_thread_blocked, id=14348, stack(0x00000063df000000,0x00000063df100000) (1024K)]
  0x0000021d490974b0 JavaThread "Signal Dispatcher"          daemon [_thread_blocked, id=14352, stack(0x00000063df100000,0x00000063df200000) (1024K)]
  0x0000021d490d3af0 JavaThread "Attach Listener"            daemon [_thread_blocked, id=4336, stack(0x00000063df200000,0x00000063df300000) (1024K)]
  0x0000021d490d4550 JavaThread "Service Thread"             daemon [_thread_blocked, id=11728, stack(0x00000063df300000,0x00000063df400000) (1024K)]
  0x0000021d490dcfc0 JavaThread "Monitor Deflation Thread"   daemon [_thread_blocked, id=8364, stack(0x00000063df400000,0x00000063df500000) (1024K)]
  0x0000021d490e3270 JavaThread "C2 CompilerThread0"         daemon [_thread_blocked, id=23212, stack(0x00000063df500000,0x00000063df600000) (1024K)]
  0x0000021d490e3d10 JavaThread "C1 CompilerThread0"         daemon [_thread_blocked, id=11448, stack(0x00000063df600000,0x00000063df700000) (1024K)]
  0x0000021d49480910 JavaThread "Notification Thread"        daemon [_thread_blocked, id=24264, stack(0x00000063df700000,0x00000063df800000) (1024K)]
  0x0000021d4a330590 JavaThread "Daemon health stats"               [_thread_blocked, id=22288, stack(0x00000063dfd00000,0x00000063dfe00000) (1024K)]
  0x0000021d4ae97610 JavaThread "Incoming local TCP Connector on port 54619"        [_thread_in_native, id=19832, stack(0x00000063dfe00000,0x00000063dff00000) (1024K)]
  0x0000021d4b558ff0 JavaThread "Daemon periodic checks"            [_thread_blocked, id=7792, stack(0x00000063dff00000,0x00000063e0000000) (1024K)]
  0x0000021d4bde3340 JavaThread "Daemon"                            [_thread_blocked, id=1904, stack(0x00000063e0000000,0x00000063e0100000) (1024K)]
  0x0000021d4b148240 JavaThread "Handler for socket connection from /127.0.0.1:54619 to /127.0.0.1:54621"        [_thread_in_native, id=19688, stack(0x00000063e0100000,0x00000063e0200000) (1024K)]
  0x0000021d4a317e50 JavaThread "Cancel handler"                    [_thread_blocked, id=21916, stack(0x00000063e0200000,0x00000063e0300000) (1024K)]
  0x0000021d4b043790 JavaThread "Daemon worker"                     [_thread_blocked, id=14340, stack(0x00000063e0700000,0x00000063e0800000) (1024K)]
  0x0000021d4afbe500 JavaThread "Asynchronous log dispatcher for DefaultDaemonConnection: socket connection from /127.0.0.1:54619 to /127.0.0.1:54621"        [_thread_blocked, id=23116, stack(0x00000063e0800000,0x00000063e0900000) (1024K)]
  0x0000021d4b03d970 JavaThread "Stdin handler"                     [_thread_blocked, id=17468, stack(0x00000063e0900000,0x00000063e0a00000) (1024K)]
  0x0000021d4b03bf30 JavaThread "Daemon client event forwarder"        [_thread_blocked, id=21332, stack(0x00000063e0a00000,0x00000063e0b00000) (1024K)]
  0x0000021d4b03b210 JavaThread "Cache worker for journal cache (C:\Users\ELCOT\.gradle\caches\journal-1)"        [_thread_blocked, id=16888, stack(0x00000063dfb00000,0x00000063dfc00000) (1024K)]
  0x0000021d4b03e000 JavaThread "File lock request listener"        [_thread_in_native, id=17860, stack(0x00000063e0b00000,0x00000063e0c00000) (1024K)]
  0x0000021d4b03c5c0 JavaThread "Cache worker for file hash cache (C:\Users\ELCOT\.gradle\caches\9.4.1\fileHashes)"        [_thread_blocked, id=23636, stack(0x00000063e0c00000,0x00000063e0d00000) (1024K)]
  0x0000021d4b03d2e0 JavaThread "Cache worker for file hash cache (C:\Users\ELCOT\AndroidStudioProjects\Transaction\.gradle\9.4.1\fileHashes)"        [_thread_blocked, id=18152, stack(0x00000063e0d00000,0x00000063e0e00000) (1024K)]
  0x0000021d4cae2ff0 JavaThread "Cache worker for Build Output Cleanup Cache (C:\Users\ELCOT\AndroidStudioProjects\Transaction\.gradle\buildOutputCleanup)"        [_thread_blocked, id=9268, stack(0x00000063e0e00000,0x00000063e0f00000) (1024K)]
  0x0000021d4cae5de0 JavaThread "File watcher server"        daemon [_thread_blocked, id=6684, stack(0x00000063e0f00000,0x00000063e1000000) (1024K)]
  0x0000021d4cae6470 JavaThread "File watcher consumer"      daemon [_thread_blocked, id=12684, stack(0x00000063e1000000,0x00000063e1100000) (1024K)]
  0x0000021d4cae4a30 JavaThread "Cache worker for file content cache (C:\Users\ELCOT\.gradle\caches\9.4.1\fileContent)"        [_thread_blocked, id=7624, stack(0x00000063e1100000,0x00000063e1200000) (1024K)]
  0x0000021d4cae6b00 JavaThread "Cache worker for checksums cache (C:\Users\ELCOT\AndroidStudioProjects\Transaction\.gradle\9.4.1\checksums)"        [_thread_blocked, id=11896, stack(0x00000063e1200000,0x00000063e1300000) (1024K)]
  0x0000021d4cae50c0 JavaThread "Cache worker for cache directory md-supplier (C:\Users\ELCOT\.gradle\caches\9.4.1\md-supplier)"        [_thread_blocked, id=20804, stack(0x00000063e1300000,0x00000063e1400000) (1024K)]
  0x0000021d4cae3680 JavaThread "Cache worker for cache directory md-rule (C:\Users\ELCOT\.gradle\caches\9.4.1\md-rule)"        [_thread_blocked, id=15108, stack(0x00000063e1400000,0x00000063e1500000) (1024K)]
  0x0000021d4cae7190 JavaThread "jar transforms"                    [_thread_blocked, id=17336, stack(0x00000063e1500000,0x00000063e1600000) (1024K)]
  0x0000021d4cae3d10 JavaThread "jar transforms Thread 2"           [_thread_blocked, id=17704, stack(0x00000063e1600000,0x00000063e1700000) (1024K)]
  0x0000021d4cae7eb0 JavaThread "jar transforms Thread 3"           [_thread_blocked, id=1252, stack(0x00000063e1700000,0x00000063e1800000) (1024K)]
  0x0000021d4cae7820 JavaThread "jar transforms Thread 4"           [_thread_blocked, id=11416, stack(0x00000063e1800000,0x00000063e1900000) (1024K)]
  0x0000021d4cae8540 JavaThread "jar transforms Thread 5"           [_thread_blocked, id=2696, stack(0x00000063e1900000,0x00000063e1a00000) (1024K)]
  0x0000021d4cae5750 JavaThread "Build operations"                  [_thread_blocked, id=6736, stack(0x00000063e1a00000,0x00000063e1b00000) (1024K)]
  0x0000021d4cae9260 JavaThread "Build operations Thread 2"         [_thread_blocked, id=4680, stack(0x00000063e1b00000,0x00000063e1c00000) (1024K)]
  0x0000021d4cae98f0 JavaThread "Build operations Thread 3"         [_thread_blocked, id=6184, stack(0x00000063e1c00000,0x00000063e1d00000) (1024K)]
  0x0000021d4cae9f80 JavaThread "Build operations Thread 4"         [_thread_blocked, id=14712, stack(0x00000063e1d00000,0x00000063e1e00000) (1024K)]
  0x0000021d4caea610 JavaThread "Build operations Thread 5"         [_thread_blocked, id=17744, stack(0x00000063e1e00000,0x00000063e1f00000) (1024K)]
  0x0000021d4e707820 JavaThread "Build operations Thread 6"         [_thread_blocked, id=24548, stack(0x00000063e1f00000,0x00000063e2000000) (1024K)]
  0x0000021d4e707eb0 JavaThread "Build operations Thread 7"         [_thread_blocked, id=23516, stack(0x00000063e2000000,0x00000063e2100000) (1024K)]
  0x0000021d4e704a30 JavaThread "Build operations Thread 8"         [_thread_blocked, id=23168, stack(0x00000063e2100000,0x00000063e2200000) (1024K)]
  0x0000021d4e705750 JavaThread "jar transforms Thread 6"           [_thread_blocked, id=23772, stack(0x00000063e2200000,0x00000063e2300000) (1024K)]
  0x0000021d4e706b00 JavaThread "jar transforms Thread 7"           [_thread_blocked, id=15032, stack(0x00000063e2300000,0x00000063e2400000) (1024K)]
  0x0000021d4e706470 JavaThread "jar transforms Thread 8"           [_thread_blocked, id=12308, stack(0x00000063e2400000,0x00000063e2500000) (1024K)]
  0x0000021d6a7555a0 JavaThread "Problems report writer"            [_thread_blocked, id=12576, stack(0x00000063e2500000,0x00000063e2600000) (1024K)]
  0x0000021d6a757d00 JavaThread "build event listener"              [_thread_blocked, id=20368, stack(0x00000063e2600000,0x00000063e2700000) (1024K)]
  0x0000021d6a758390 JavaThread "Memory manager"                    [_thread_blocked, id=18980, stack(0x00000063e2700000,0x00000063e2800000) (1024K)]
  0x0000021d6b68d540 JavaThread "build event listener"              [_thread_blocked, id=19564, stack(0x00000063e2800000,0x00000063e2900000) (1024K)]
  0x0000021d4d5f9db0 JavaThread "Kotlin DSL Writer"                 [_thread_blocked, id=14932, stack(0x00000063e2a00000,0x00000063e2b00000) (1024K)]
  0x0000021d6b5e03b0 JavaThread "included builds"                   [_thread_blocked, id=21548, stack(0x00000063de500000,0x00000063de600000) (1024K)]
  0x0000021d6b5e10d0 JavaThread "Execution worker"                  [_thread_blocked, id=8584, stack(0x00000063e2900000,0x00000063e2a00000) (1024K)]
  0x0000021d6b5dfd20 JavaThread "Execution worker Thread 2"         [_thread_blocked, id=23068, stack(0x00000063e2b00000,0x00000063e2c00000) (1024K)]
  0x0000021d5e0ba030 JavaThread "Execution worker Thread 3"         [_thread_blocked, id=10712, stack(0x00000063e2c00000,0x00000063e2d00000) (1024K)]
  0x0000021d5e0c02a0 JavaThread "Execution worker Thread 4"         [_thread_blocked, id=18444, stack(0x00000063e2d00000,0x00000063e2e00000) (1024K)]
  0x0000021d5e0c1650 JavaThread "Execution worker Thread 5"         [_thread_blocked, id=13620, stack(0x00000063e2e00000,0x00000063e2f00000) (1024K)]
  0x0000021d5e0c0930 JavaThread "Execution worker Thread 6"         [_thread_blocked, id=22440, stack(0x00000063e2f00000,0x00000063e3000000) (1024K)]
  0x0000021d5e0c1ce0 JavaThread "Execution worker Thread 7"         [_thread_blocked, id=7084, stack(0x00000063e3000000,0x00000063e3100000) (1024K)]
  0x0000021d5e0c2370 JavaThread "Cache worker for execution history cache (C:\Users\ELCOT\AndroidStudioProjects\Transaction\.gradle\9.4.1\executionHistory)"        [_thread_blocked, id=19812, stack(0x00000063e3100000,0x00000063e3200000) (1024K)]
  0x0000021d5e0c0fc0 JavaThread "Unconstrained build operations"        [_thread_blocked, id=19024, stack(0x00000063e3200000,0x00000063e3300000) (1024K)]
  0x0000021d5e0beef0 JavaThread "Unconstrained build operations Thread 2"        [_thread_blocked, id=20012, stack(0x00000063e3300000,0x00000063e3400000) (1024K)]
  0x0000021d5e0c4440 JavaThread "Unconstrained build operations Thread 3"        [_thread_blocked, id=22228, stack(0x00000063e3500000,0x00000063e3600000) (1024K)]
  0x0000021d5e0c5e80 JavaThread "Unconstrained build operations Thread 4"        [_thread_blocked, id=23724, stack(0x00000063e3600000,0x00000063e3700000) (1024K)]
  0x0000021d5e0c4ad0 JavaThread "Unconstrained build operations Thread 5"        [_thread_blocked, id=2692, stack(0x00000063e3700000,0x00000063e3800000) (1024K)]
  0x0000021d5e0c3db0 JavaThread "Unconstrained build operations Thread 6"        [_thread_blocked, id=12080, stack(0x00000063e3800000,0x00000063e3900000) (1024K)]
  0x0000021d5e0021a0 JavaThread "WorkerExecutor Queue"              [_thread_blocked, id=24076, stack(0x00000063e3b00000,0x00000063e3c00000) (1024K)]
  0x0000021d5e001480 JavaThread "WorkerExecutor Queue Thread 2"        [_thread_blocked, id=17220, stack(0x00000063e3d00000,0x00000063e3e00000) (1024K)]
  0x0000021d5e003550 JavaThread "WorkerExecutor Queue Thread 3"        [_thread_blocked, id=12652, stack(0x00000063e3e00000,0x00000063e3f00000) (1024K)]
  0x0000021d5e002ec0 JavaThread "WorkerExecutor Queue Thread 4"        [_thread_blocked, id=19004, stack(0x00000063e3f00000,0x00000063e4000000) (1024K)]
  0x0000021d5e000df0 JavaThread "WorkerExecutor Queue Thread 6"        [_thread_blocked, id=6280, stack(0x00000063e4100000,0x00000063e4200000) (1024K)]
  0x0000021d5e007060 JavaThread "WorkerExecutor Queue Thread 7"        [_thread_blocked, id=24480, stack(0x00000063e4200000,0x00000063e4300000) (1024K)]
  0x0000021d5e006340 JavaThread "WorkerExecutor Queue Thread 8"        [_thread_blocked, id=3456, stack(0x00000063e4300000,0x00000063e4400000) (1024K)]
  0x0000021d5e4f25b0 JavaThread "WorkerExecutor Queue Thread 9"        [_thread_blocked, id=23372, stack(0x00000063e3c00000,0x00000063e3d00000) (1024K)]
  0x0000021d5e55bb40 JavaThread "C2 CompilerThread1"         daemon [_thread_blocked, id=20692, stack(0x00000063de400000,0x00000063de500000) (1024K)]
Total: 77

Other Threads:
=>0x0000021d49045120 VMThread "VM Thread"                           [id=21984, stack(0x00000063ded00000,0x00000063dee00000) (1024K)]
  0x0000021d44c7d9b0 WatcherThread "VM Periodic Task Thread"        [id=21992, stack(0x00000063dec00000,0x00000063ded00000) (1024K)]
  0x0000021d2b41df60 WorkerThread "GC Thread#0"                     [id=8124, stack(0x00000063de700000,0x00000063de800000) (1024K)]
  0x0000021d49bb6830 WorkerThread "GC Thread#1"                     [id=17836, stack(0x00000063df800000,0x00000063df900000) (1024K)]
  0x0000021d4a1afc80 WorkerThread "GC Thread#2"                     [id=19368, stack(0x00000063df900000,0x00000063dfa00000) (1024K)]
  0x0000021d49646fb0 WorkerThread "GC Thread#3"                     [id=19896, stack(0x00000063dfa00000,0x00000063dfb00000) (1024K)]
  0x0000021d4a381010 WorkerThread "GC Thread#4"                     [id=14264, stack(0x00000063dfc00000,0x00000063dfd00000) (1024K)]
  0x0000021d4b02abb0 WorkerThread "GC Thread#5"                     [id=24220, stack(0x00000063e0300000,0x00000063e0400000) (1024K)]
  0x0000021d4bdce8d0 WorkerThread "GC Thread#6"                     [id=17676, stack(0x00000063e0400000,0x00000063e0500000) (1024K)]
  0x0000021d4b033cf0 WorkerThread "GC Thread#7"                     [id=16584, stack(0x00000063e0500000,0x00000063e0600000) (1024K)]
  0x0000021d2d723450 ConcurrentGCThread "G1 Main Marker"            [id=22024, stack(0x00000063de800000,0x00000063de900000) (1024K)]
  0x0000021d2d723d70 WorkerThread "G1 Conc#0"                       [id=22844, stack(0x00000063de900000,0x00000063dea00000) (1024K)]
  0x0000021d4b033590 WorkerThread "G1 Conc#1"                       [id=11856, stack(0x00000063e0600000,0x00000063e0700000) (1024K)]
  0x0000021d44b4f030 ConcurrentGCThread "G1 Refine#0"               [id=21684, stack(0x00000063dea00000,0x00000063deb00000) (1024K)]
  0x0000021d44b4f860 ConcurrentGCThread "G1 Service"                [id=9028, stack(0x00000063deb00000,0x00000063dec00000) (1024K)]
Total: 15

Threads with active compile tasks:
C2 CompilerThread0  133553 27962       4       com.android.tools.r8.graph.p4::a (42 bytes)
C1 CompilerThread0  133553 28459       2       com.android.tools.r8.internal.vt0::<init> (112 bytes)
C2 CompilerThread1  133553 28284 %     4       com.android.tools.r8.internal.vd::a @ 2762 (6886 bytes)
Total: 3

VM state: at safepoint (normal execution)

VM Mutex/Monitor currently owned by a thread:  ([mutex/lock_event])
[0x00007ffee19686d0] Threads_lock - owner thread: 0x0000021d49045120
[0x00007ffee19687d0] Heap_lock - owner thread: 0x0000021d4cae9260

Heap address: 0x0000000080000000, size: 2048 MB, Compressed Oops mode: 32-bit

CDS archive(s) not mapped
Compressed class space mapped at: 0x0000000100000000-0x0000000140000000, reserved size: 1073741824
Narrow klass base: 0x0000000000000000, Narrow klass shift: 3, Narrow klass range: 0x140000000

GC Precious Log:
 CardTable entry size: 512
 Card Set container configuration: InlinePtr #cards 5 size 8 Array Of Cards #cards 12 size 40 Howl #buckets 4 coarsen threshold 1843 Howl Bitmap #cards 512 size 80 coarsen threshold 460 Card regions per heap region 1 cards per card region 2048
 CPUs: 8 total, 8 available
 Memory: 7412M
 Large Page Support: Disabled
 NUMA Support: Disabled
 Compressed Oops: Enabled (32-bit)
 Heap Region Size: 1M
 Heap Min Capacity: 8M
 Heap Initial Capacity: 116M
 Heap Max Capacity: 2G
 Pre-touch: Disabled
 Parallel Workers: 8
 Concurrent Workers: 2
 Concurrent Refinement Workers: 8
 Periodic GC: Disabled

Heap:
 garbage-first heap   total 427008K, used 305152K [0x0000000080000000, 0x0000000100000000)
  region size 1024K, 14 young (14336K), 14 survivors (14336K)
 Metaspace       used 222391K, committed 224960K, reserved 1245184K
  class space    used 29438K, committed 30656K, reserved 1048576K

Heap Regions: E=young(eden), S=young(survivor), O=old, HS=humongous(starts), HC=humongous(continues), CS=collection set, F=free, TAMS=top-at-mark-start, PB=parsable bottom
|   0|0x0000000080000000, 0x0000000080100000, 0x0000000080100000|100%|HS|  |TAMS 0x0000000080100000| PB 0x0000000080000000| Complete 
|   1|0x0000000080100000, 0x0000000080200000, 0x0000000080200000|100%|HC|  |TAMS 0x0000000080200000| PB 0x0000000080100000| Complete 
|   2|0x0000000080200000, 0x0000000080300000, 0x0000000080300000|100%|HC|  |TAMS 0x0000000080300000| PB 0x0000000080200000| Complete 
|   3|0x0000000080300000, 0x0000000080400000, 0x0000000080400000|100%|HC|  |TAMS 0x0000000080400000| PB 0x0000000080300000| Complete 
|   4|0x0000000080400000, 0x0000000080500000, 0x0000000080500000|100%| O|  |TAMS 0x0000000080500000| PB 0x0000000080400000| Untracked 
|   5|0x0000000080500000, 0x0000000080600000, 0x0000000080600000|100%| O|  |TAMS 0x0000000080600000| PB 0x0000000080500000| Untracked 
|   6|0x0000000080600000, 0x0000000080700000, 0x0000000080700000|100%| O|  |TAMS 0x0000000080700000| PB 0x0000000080600000| Untracked 
|   7|0x0000000080700000, 0x0000000080800000, 0x0000000080800000|100%| O|  |TAMS 0x0000000080800000| PB 0x0000000080700000| Untracked 
|   8|0x0000000080800000, 0x0000000080900000, 0x0000000080900000|100%| O|  |TAMS 0x0000000080900000| PB 0x0000000080800000| Untracked 
|   9|0x0000000080900000, 0x0000000080a00000, 0x0000000080a00000|100%| O|  |TAMS 0x0000000080a00000| PB 0x0000000080900000| Untracked 
|  10|0x0000000080a00000, 0x0000000080b00000, 0x0000000080b00000|100%| O|  |TAMS 0x0000000080b00000| PB 0x0000000080a00000| Untracked 
|  11|0x0000000080b00000, 0x0000000080c00000, 0x0000000080c00000|100%|HS|  |TAMS 0x0000000080c00000| PB 0x0000000080b00000| Complete 
|  12|0x0000000080c00000, 0x0000000080d00000, 0x0000000080d00000|100%| O|  |TAMS 0x0000000080d00000| PB 0x0000000080c00000| Untracked 
|  13|0x0000000080d00000, 0x0000000080e00000, 0x0000000080e00000|100%| O|  |TAMS 0x0000000080e00000| PB 0x0000000080d00000| Untracked 
|  14|0x0000000080e00000, 0x0000000080f00000, 0x0000000080f00000|100%| O|  |TAMS 0x0000000080f00000| PB 0x0000000080e00000| Untracked 
|  15|0x0000000080f00000, 0x0000000081000000, 0x0000000081000000|100%| O|  |TAMS 0x0000000081000000| PB 0x0000000080f00000| Untracked 
|  16|0x0000000081000000, 0x0000000081100000, 0x0000000081100000|100%| O|  |TAMS 0x0000000081100000| PB 0x0000000081000000| Untracked 
|  17|0x0000000081100000, 0x0000000081200000, 0x0000000081200000|100%| O|  |TAMS 0x0000000081200000| PB 0x0000000081100000| Untracked 
|  18|0x0000000081200000, 0x0000000081300000, 0x0000000081300000|100%| O|  |TAMS 0x0000000081300000| PB 0x0000000081200000| Untracked 
|  19|0x0000000081300000, 0x0000000081400000, 0x0000000081400000|100%| O|  |TAMS 0x0000000081400000| PB 0x0000000081300000| Untracked 
|  20|0x0000000081400000, 0x0000000081500000, 0x0000000081500000|100%| O|  |TAMS 0x0000000081500000| PB 0x0000000081400000| Untracked 
|  21|0x0000000081500000, 0x0000000081600000, 0x0000000081600000|100%| O|  |TAMS 0x0000000081600000| PB 0x0000000081500000| Untracked 
|  22|0x0000000081600000, 0x0000000081700000, 0x0000000081700000|100%| O|  |TAMS 0x0000000081700000| PB 0x0000000081600000| Untracked 
|  23|0x0000000081700000, 0x0000000081800000, 0x0000000081800000|100%| O|  |TAMS 0x0000000081800000| PB 0x0000000081700000| Untracked 
|  24|0x0000000081800000, 0x0000000081900000, 0x0000000081900000|100%| O|  |TAMS 0x0000000081900000| PB 0x0000000081800000| Untracked 
|  25|0x0000000081900000, 0x0000000081a00000, 0x0000000081a00000|100%| O|  |TAMS 0x0000000081a00000| PB 0x0000000081900000| Untracked 
|  26|0x0000000081a00000, 0x0000000081b00000, 0x0000000081b00000|100%| O|  |TAMS 0x0000000081b00000| PB 0x0000000081a00000| Untracked 
|  27|0x0000000081b00000, 0x0000000081c00000, 0x0000000081c00000|100%|HS|  |TAMS 0x0000000081c00000| PB 0x0000000081b00000| Complete 
|  28|0x0000000081c00000, 0x0000000081d00000, 0x0000000081d00000|100%|HC|  |TAMS 0x0000000081d00000| PB 0x0000000081c00000| Complete 
|  29|0x0000000081d00000, 0x0000000081e00000, 0x0000000081e00000|100%| O|  |TAMS 0x0000000081e00000| PB 0x0000000081d00000| Untracked 
|  30|0x0000000081e00000, 0x0000000081f00000, 0x0000000081f00000|100%| O|  |TAMS 0x0000000081f00000| PB 0x0000000081e00000| Untracked 
|  31|0x0000000081f00000, 0x0000000082000000, 0x0000000082000000|100%| O|  |TAMS 0x0000000082000000| PB 0x0000000081f00000| Untracked 
|  32|0x0000000082000000, 0x0000000082100000, 0x0000000082100000|100%| O|  |TAMS 0x0000000082100000| PB 0x0000000082000000| Untracked 
|  33|0x0000000082100000, 0x0000000082200000, 0x0000000082200000|100%| O|  |TAMS 0x0000000082200000| PB 0x0000000082100000| Untracked 
|  34|0x0000000082200000, 0x0000000082300000, 0x0000000082300000|100%| O|  |TAMS 0x0000000082300000| PB 0x0000000082200000| Untracked 
|  35|0x0000000082300000, 0x0000000082400000, 0x0000000082400000|100%| O|  |TAMS 0x0000000082400000| PB 0x0000000082300000| Untracked 
|  36|0x0000000082400000, 0x0000000082500000, 0x0000000082500000|100%| O|  |TAMS 0x0000000082500000| PB 0x0000000082400000| Untracked 
|  37|0x0000000082500000, 0x0000000082600000, 0x0000000082600000|100%| O|  |TAMS 0x0000000082600000| PB 0x0000000082500000| Untracked 
|  38|0x0000000082600000, 0x0000000082700000, 0x0000000082700000|100%| O|  |TAMS 0x0000000082700000| PB 0x0000000082600000| Untracked 
|  39|0x0000000082700000, 0x0000000082800000, 0x0000000082800000|100%| O|  |TAMS 0x0000000082800000| PB 0x0000000082700000| Untracked 
|  40|0x0000000082800000, 0x0000000082900000, 0x0000000082900000|100%| O|  |TAMS 0x0000000082900000| PB 0x0000000082800000| Untracked 
|  41|0x0000000082900000, 0x0000000082a00000, 0x0000000082a00000|100%| O|  |TAMS 0x0000000082a00000| PB 0x0000000082900000| Untracked 
|  42|0x0000000082a00000, 0x0000000082b00000, 0x0000000082b00000|100%| O|  |TAMS 0x0000000082b00000| PB 0x0000000082a00000| Untracked 
|  43|0x0000000082b00000, 0x0000000082c00000, 0x0000000082c00000|100%| O|  |TAMS 0x0000000082c00000| PB 0x0000000082b00000| Untracked 
|  44|0x0000000082c00000, 0x0000000082d00000, 0x0000000082d00000|100%| O|  |TAMS 0x0000000082d00000| PB 0x0000000082c00000| Untracked 
|  45|0x0000000082d00000, 0x0000000082e00000, 0x0000000082e00000|100%| O|  |TAMS 0x0000000082e00000| PB 0x0000000082d00000| Untracked 
|  46|0x0000000082e00000, 0x0000000082f00000, 0x0000000082f00000|100%| O|  |TAMS 0x0000000082f00000| PB 0x0000000082e00000| Untracked 
|  47|0x0000000082f00000, 0x0000000083000000, 0x0000000083000000|100%| O|  |TAMS 0x0000000083000000| PB 0x0000000082f00000| Untracked 
|  48|0x0000000083000000, 0x0000000083100000, 0x0000000083100000|100%| O|  |TAMS 0x0000000083100000| PB 0x0000000083000000| Untracked 
|  49|0x0000000083100000, 0x0000000083200000, 0x0000000083200000|100%| O|  |TAMS 0x0000000083200000| PB 0x0000000083100000| Untracked 
|  50|0x0000000083200000, 0x0000000083300000, 0x0000000083300000|100%| O|  |TAMS 0x0000000083300000| PB 0x0000000083200000| Untracked 
|  51|0x0000000083300000, 0x0000000083400000, 0x0000000083400000|100%| O|  |TAMS 0x0000000083400000| PB 0x0000000083300000| Untracked 
|  52|0x0000000083400000, 0x0000000083500000, 0x0000000083500000|100%| O|  |TAMS 0x0000000083500000| PB 0x0000000083400000| Untracked 
|  53|0x0000000083500000, 0x0000000083600000, 0x0000000083600000|100%| O|  |TAMS 0x0000000083600000| PB 0x0000000083500000| Untracked 
|  54|0x0000000083600000, 0x0000000083700000, 0x0000000083700000|100%| O|  |TAMS 0x0000000083700000| PB 0x0000000083600000| Untracked 
|  55|0x0000000083700000, 0x0000000083800000, 0x0000000083800000|100%| O|  |TAMS 0x0000000083800000| PB 0x0000000083700000| Untracked 
|  56|0x0000000083800000, 0x0000000083900000, 0x0000000083900000|100%| O|  |TAMS 0x0000000083900000| PB 0x0000000083800000| Untracked 
|  57|0x0000000083900000, 0x0000000083a00000, 0x0000000083a00000|100%| O|  |TAMS 0x0000000083a00000| PB 0x0000000083900000| Untracked 
|  58|0x0000000083a00000, 0x0000000083b00000, 0x0000000083b00000|100%| O|  |TAMS 0x0000000083b00000| PB 0x0000000083a00000| Untracked 
|  59|0x0000000083b00000, 0x0000000083c00000, 0x0000000083c00000|100%| O|  |TAMS 0x0000000083c00000| PB 0x0000000083b00000| Untracked 
|  60|0x0000000083c00000, 0x0000000083d00000, 0x0000000083d00000|100%| O|  |TAMS 0x0000000083d00000| PB 0x0000000083c00000| Untracked 
|  61|0x0000000083d00000, 0x0000000083e00000, 0x0000000083e00000|100%| O|  |TAMS 0x0000000083e00000| PB 0x0000000083d00000| Untracked 
|  62|0x0000000083e00000, 0x0000000083f00000, 0x0000000083f00000|100%| O|  |TAMS 0x0000000083f00000| PB 0x0000000083e00000| Untracked 
|  63|0x0000000083f00000, 0x0000000084000000, 0x0000000084000000|100%| O|  |TAMS 0x0000000084000000| PB 0x0000000083f00000| Untracked 
|  64|0x0000000084000000, 0x0000000084100000, 0x0000000084100000|100%| O|  |TAMS 0x0000000084100000| PB 0x0000000084000000| Untracked 
|  65|0x0000000084100000, 0x0000000084200000, 0x0000000084200000|100%| O|  |TAMS 0x0000000084200000| PB 0x0000000084100000| Untracked 
|  66|0x0000000084200000, 0x0000000084300000, 0x0000000084300000|100%| O|  |TAMS 0x0000000084300000| PB 0x0000000084200000| Untracked 
|  67|0x0000000084300000, 0x0000000084400000, 0x0000000084400000|100%|HS|  |TAMS 0x0000000084400000| PB 0x0000000084300000| Complete 
|  68|0x0000000084400000, 0x0000000084500000, 0x0000000084500000|100%|HC|  |TAMS 0x0000000084500000| PB 0x0000000084400000| Complete 
|  69|0x0000000084500000, 0x0000000084600000, 0x0000000084600000|100%|HC|  |TAMS 0x0000000084600000| PB 0x0000000084500000| Complete 
|  70|0x0000000084600000, 0x0000000084700000, 0x0000000084700000|100%| O|  |TAMS 0x0000000084700000| PB 0x0000000084600000| Untracked 
|  71|0x0000000084700000, 0x0000000084800000, 0x0000000084800000|100%| O|  |TAMS 0x0000000084800000| PB 0x0000000084700000| Untracked 
|  72|0x0000000084800000, 0x0000000084900000, 0x0000000084900000|100%| O|  |TAMS 0x0000000084900000| PB 0x0000000084800000| Untracked 
|  73|0x0000000084900000, 0x0000000084a00000, 0x0000000084a00000|100%| O|  |TAMS 0x0000000084a00000| PB 0x0000000084900000| Untracked 
|  74|0x0000000084a00000, 0x0000000084b00000, 0x0000000084b00000|100%| O|  |TAMS 0x0000000084b00000| PB 0x0000000084a00000| Untracked 
|  75|0x0000000084b00000, 0x0000000084c00000, 0x0000000084c00000|100%| O|  |TAMS 0x0000000084c00000| PB 0x0000000084b00000| Untracked 
|  76|0x0000000084c00000, 0x0000000084d00000, 0x0000000084d00000|100%| O|  |TAMS 0x0000000084d00000| PB 0x0000000084c00000| Untracked 
|  77|0x0000000084d00000, 0x0000000084e00000, 0x0000000084e00000|100%| O|  |TAMS 0x0000000084e00000| PB 0x0000000084d00000| Untracked 
|  78|0x0000000084e00000, 0x0000000084f00000, 0x0000000084f00000|100%| O|  |TAMS 0x0000000084f00000| PB 0x0000000084e00000| Untracked 
|  79|0x0000000084f00000, 0x0000000085000000, 0x0000000085000000|100%| O|  |TAMS 0x0000000085000000| PB 0x0000000084f00000| Untracked 
|  80|0x0000000085000000, 0x0000000085100000, 0x0000000085100000|100%| O|  |TAMS 0x0000000085000000| PB 0x0000000085000000| Untracked 
|  81|0x0000000085100000, 0x0000000085200000, 0x0000000085200000|100%| O|  |TAMS 0x0000000085200000| PB 0x0000000085100000| Untracked 
|  82|0x0000000085200000, 0x0000000085300000, 0x0000000085300000|100%| O|  |TAMS 0x0000000085300000| PB 0x0000000085200000| Untracked 
|  83|0x0000000085300000, 0x0000000085400000, 0x0000000085400000|100%| O|  |TAMS 0x0000000085400000| PB 0x0000000085300000| Untracked 
|  84|0x0000000085400000, 0x0000000085500000, 0x0000000085500000|100%| O|  |TAMS 0x0000000085500000| PB 0x0000000085400000| Untracked 
|  85|0x0000000085500000, 0x0000000085600000, 0x0000000085600000|100%| O|  |TAMS 0x0000000085600000| PB 0x0000000085500000| Untracked 
|  86|0x0000000085600000, 0x0000000085700000, 0x0000000085700000|100%| O|  |TAMS 0x0000000085700000| PB 0x0000000085600000| Untracked 
|  87|0x0000000085700000, 0x0000000085800000, 0x0000000085800000|100%| O|  |TAMS 0x0000000085800000| PB 0x0000000085700000| Untracked 
|  88|0x0000000085800000, 0x0000000085900000, 0x0000000085900000|100%| O|  |TAMS 0x0000000085900000| PB 0x0000000085800000| Untracked 
|  89|0x0000000085900000, 0x0000000085a00000, 0x0000000085a00000|100%| O|  |TAMS 0x0000000085a00000| PB 0x0000000085900000| Untracked 
|  90|0x0000000085a00000, 0x0000000085b00000, 0x0000000085b00000|100%| O|  |TAMS 0x0000000085b00000| PB 0x0000000085a00000| Untracked 
|  91|0x0000000085b00000, 0x0000000085c00000, 0x0000000085c00000|100%| O|  |TAMS 0x0000000085c00000| PB 0x0000000085b00000| Untracked 
|  92|0x0000000085c00000, 0x0000000085d00000, 0x0000000085d00000|100%| O|  |TAMS 0x0000000085d00000| PB 0x0000000085c00000| Untracked 
|  93|0x0000000085d00000, 0x0000000085e00000, 0x0000000085e00000|100%| O|  |TAMS 0x0000000085e00000| PB 0x0000000085d00000| Untracked 
|  94|0x0000000085e00000, 0x0000000085f00000, 0x0000000085f00000|100%| O|  |TAMS 0x0000000085f00000| PB 0x0000000085e00000| Untracked 
|  95|0x0000000085f00000, 0x0000000086000000, 0x0000000086000000|100%| O|  |TAMS 0x0000000086000000| PB 0x0000000085f00000| Untracked 
|  96|0x0000000086000000, 0x0000000086100000, 0x0000000086100000|100%| O|  |TAMS 0x0000000086100000| PB 0x0000000086000000| Untracked 
|  97|0x0000000086100000, 0x0000000086200000, 0x0000000086200000|100%| O|  |TAMS 0x0000000086200000| PB 0x0000000086100000| Untracked 
|  98|0x0000000086200000, 0x0000000086300000, 0x0000000086300000|100%| O|  |TAMS 0x0000000086300000| PB 0x0000000086200000| Untracked 
|  99|0x0000000086300000, 0x0000000086400000, 0x0000000086400000|100%| O|  |TAMS 0x0000000086400000| PB 0x0000000086300000| Untracked 
| 100|0x0000000086400000, 0x0000000086500000, 0x0000000086500000|100%| O|  |TAMS 0x0000000086500000| PB 0x0000000086400000| Untracked 
| 101|0x0000000086500000, 0x0000000086600000, 0x0000000086600000|100%| O|  |TAMS 0x0000000086600000| PB 0x0000000086500000| Untracked 
| 102|0x0000000086600000, 0x0000000086700000, 0x0000000086700000|100%| O|  |TAMS 0x0000000086700000| PB 0x0000000086600000| Untracked 
| 103|0x0000000086700000, 0x0000000086800000, 0x0000000086800000|100%| O|  |TAMS 0x0000000086800000| PB 0x0000000086700000| Untracked 
| 104|0x0000000086800000, 0x0000000086900000, 0x0000000086900000|100%| O|  |TAMS 0x0000000086900000| PB 0x0000000086800000| Untracked 
| 105|0x0000000086900000, 0x0000000086a00000, 0x0000000086a00000|100%| O|  |TAMS 0x0000000086a00000| PB 0x0000000086900000| Untracked 
| 106|0x0000000086a00000, 0x0000000086b00000, 0x0000000086b00000|100%| O|  |TAMS 0x0000000086b00000| PB 0x0000000086a00000| Untracked 
| 107|0x0000000086b00000, 0x0000000086c00000, 0x0000000086c00000|100%|HS|  |TAMS 0x0000000086c00000| PB 0x0000000086b00000| Complete 
| 108|0x0000000086c00000, 0x0000000086d00000, 0x0000000086d00000|100%|HS|  |TAMS 0x0000000086d00000| PB 0x0000000086c00000| Complete 
| 109|0x0000000086d00000, 0x0000000086e00000, 0x0000000086e00000|100%|HS|  |TAMS 0x0000000086e00000| PB 0x0000000086d00000| Complete 
| 110|0x0000000086e00000, 0x0000000086f00000, 0x0000000086f00000|100%|HC|  |TAMS 0x0000000086f00000| PB 0x0000000086e00000| Complete 
| 111|0x0000000086f00000, 0x0000000087000000, 0x0000000087000000|100%|HS|  |TAMS 0x0000000087000000| PB 0x0000000086f00000| Complete 
| 112|0x0000000087000000, 0x0000000087100000, 0x0000000087100000|100%|HC|  |TAMS 0x0000000087100000| PB 0x0000000087000000| Complete 
| 113|0x0000000087100000, 0x0000000087200000, 0x0000000087200000|100%|HS|  |TAMS 0x0000000087200000| PB 0x0000000087100000| Complete 
| 114|0x0000000087200000, 0x0000000087300000, 0x0000000087300000|100%| O|  |TAMS 0x0000000087300000| PB 0x0000000087200000| Untracked 
| 115|0x0000000087300000, 0x0000000087400000, 0x0000000087400000|100%| O|  |TAMS 0x0000000087400000| PB 0x0000000087300000| Untracked 
| 116|0x0000000087400000, 0x0000000087500000, 0x0000000087500000|100%| O|  |TAMS 0x0000000087500000| PB 0x0000000087400000| Untracked 
| 117|0x0000000087500000, 0x0000000087600000, 0x0000000087600000|100%| O|  |TAMS 0x0000000087600000| PB 0x0000000087500000| Untracked 
| 118|0x0000000087600000, 0x0000000087700000, 0x0000000087700000|100%| O|  |TAMS 0x0000000087700000| PB 0x0000000087600000| Untracked 
| 119|0x0000000087700000, 0x0000000087800000, 0x0000000087800000|100%|HS|  |TAMS 0x0000000087800000| PB 0x0000000087700000| Complete 
| 120|0x0000000087800000, 0x0000000087900000, 0x0000000087900000|100%|HC|  |TAMS 0x0000000087900000| PB 0x0000000087800000| Complete 
| 121|0x0000000087900000, 0x0000000087a00000, 0x0000000087a00000|100%|HC|  |TAMS 0x0000000087a00000| PB 0x0000000087900000| Complete 
| 122|0x0000000087a00000, 0x0000000087b00000, 0x0000000087b00000|100%|HS|  |TAMS 0x0000000087b00000| PB 0x0000000087a00000| Complete 
| 123|0x0000000087b00000, 0x0000000087c00000, 0x0000000087c00000|100%| O|  |TAMS 0x0000000087c00000| PB 0x0000000087b00000| Untracked 
| 124|0x0000000087c00000, 0x0000000087d00000, 0x0000000087d00000|100%|HS|  |TAMS 0x0000000087d00000| PB 0x0000000087c00000| Complete 
| 125|0x0000000087d00000, 0x0000000087e00000, 0x0000000087e00000|100%|HS|  |TAMS 0x0000000087e00000| PB 0x0000000087d00000| Complete 
| 126|0x0000000087e00000, 0x0000000087f00000, 0x0000000087f00000|100%| O|  |TAMS 0x0000000087f00000| PB 0x0000000087e00000| Untracked 
| 127|0x0000000087f00000, 0x0000000088000000, 0x0000000088000000|100%| O|  |TAMS 0x0000000088000000| PB 0x0000000087f00000| Untracked 
| 128|0x0000000088000000, 0x0000000088100000, 0x0000000088100000|100%| O|  |TAMS 0x0000000088100000| PB 0x0000000088000000| Untracked 
| 129|0x0000000088100000, 0x0000000088200000, 0x0000000088200000|100%| O|  |TAMS 0x0000000088100000| PB 0x0000000088100000| Untracked 
| 130|0x0000000088200000, 0x0000000088300000, 0x0000000088300000|100%| O|  |TAMS 0x0000000088300000| PB 0x0000000088200000| Untracked 
| 131|0x0000000088300000, 0x0000000088400000, 0x0000000088400000|100%| O|  |TAMS 0x0000000088400000| PB 0x0000000088300000| Untracked 
| 132|0x0000000088400000, 0x0000000088500000, 0x0000000088500000|100%| O|  |TAMS 0x0000000088500000| PB 0x0000000088400000| Untracked 
| 133|0x0000000088500000, 0x0000000088600000, 0x0000000088600000|100%| O|  |TAMS 0x0000000088600000| PB 0x0000000088500000| Untracked 
| 134|0x0000000088600000, 0x0000000088700000, 0x0000000088700000|100%| O|  |TAMS 0x0000000088700000| PB 0x0000000088600000| Untracked 
| 135|0x0000000088700000, 0x0000000088800000, 0x0000000088800000|100%|HS|  |TAMS 0x0000000088800000| PB 0x0000000088700000| Complete 
| 136|0x0000000088800000, 0x0000000088900000, 0x0000000088900000|100%| O|  |TAMS 0x0000000088900000| PB 0x0000000088800000| Untracked 
| 137|0x0000000088900000, 0x0000000088a00000, 0x0000000088a00000|100%| O|  |TAMS 0x0000000088a00000| PB 0x0000000088900000| Untracked 
| 138|0x0000000088a00000, 0x0000000088b00000, 0x0000000088b00000|100%| O|  |TAMS 0x0000000088b00000| PB 0x0000000088a00000| Untracked 
| 139|0x0000000088b00000, 0x0000000088c00000, 0x0000000088c00000|100%| O|  |TAMS 0x0000000088c00000| PB 0x0000000088b00000| Untracked 
| 140|0x0000000088c00000, 0x0000000088d00000, 0x0000000088d00000|100%| O|  |TAMS 0x0000000088d00000| PB 0x0000000088c00000| Untracked 
| 141|0x0000000088d00000, 0x0000000088e00000, 0x0000000088e00000|100%| O|  |TAMS 0x0000000088e00000| PB 0x0000000088d00000| Untracked 
| 142|0x0000000088e00000, 0x0000000088f00000, 0x0000000088f00000|100%| O|  |TAMS 0x0000000088f00000| PB 0x0000000088e00000| Untracked 
| 143|0x0000000088f00000, 0x0000000089000000, 0x0000000089000000|100%| O|  |TAMS 0x0000000089000000| PB 0x0000000088f00000| Untracked 
| 144|0x0000000089000000, 0x0000000089100000, 0x0000000089100000|100%| O|  |TAMS 0x0000000089100000| PB 0x0000000089000000| Untracked 
| 145|0x0000000089100000, 0x0000000089200000, 0x0000000089200000|100%| O|  |TAMS 0x0000000089200000| PB 0x0000000089100000| Untracked 
| 146|0x0000000089200000, 0x0000000089300000, 0x0000000089300000|100%| O|  |TAMS 0x0000000089200000| PB 0x0000000089200000| Untracked 
| 147|0x0000000089300000, 0x0000000089400000, 0x0000000089400000|100%| O|  |TAMS 0x0000000089400000| PB 0x0000000089300000| Untracked 
| 148|0x0000000089400000, 0x0000000089500000, 0x0000000089500000|100%| O|  |TAMS 0x0000000089500000| PB 0x0000000089400000| Untracked 
| 149|0x0000000089500000, 0x0000000089600000, 0x0000000089600000|100%| O|  |TAMS 0x0000000089600000| PB 0x0000000089500000| Untracked 
| 150|0x0000000089600000, 0x0000000089700000, 0x0000000089700000|100%| O|  |TAMS 0x0000000089600000| PB 0x0000000089600000| Untracked 
| 151|0x0000000089700000, 0x0000000089800000, 0x0000000089800000|100%| O|  |TAMS 0x0000000089800000| PB 0x0000000089700000| Untracked 
| 152|0x0000000089800000, 0x0000000089900000, 0x0000000089900000|100%| O|  |TAMS 0x0000000089900000| PB 0x0000000089800000| Untracked 
| 153|0x0000000089900000, 0x0000000089a00000, 0x0000000089a00000|100%| O|  |TAMS 0x0000000089a00000| PB 0x0000000089900000| Untracked 
| 154|0x0000000089a00000, 0x0000000089b00000, 0x0000000089b00000|100%| O|  |TAMS 0x0000000089b00000| PB 0x0000000089a00000| Untracked 
| 155|0x0000000089b00000, 0x0000000089c00000, 0x0000000089c00000|100%| O|  |TAMS 0x0000000089c00000| PB 0x0000000089b00000| Untracked 
| 156|0x0000000089c00000, 0x0000000089d00000, 0x0000000089d00000|100%| O|  |TAMS 0x0000000089d00000| PB 0x0000000089c00000| Untracked 
| 157|0x0000000089d00000, 0x0000000089e00000, 0x0000000089e00000|100%| O|  |TAMS 0x0000000089e00000| PB 0x0000000089d00000| Untracked 
| 158|0x0000000089e00000, 0x0000000089f00000, 0x0000000089f00000|100%| O|  |TAMS 0x0000000089f00000| PB 0x0000000089e00000| Untracked 
| 159|0x0000000089f00000, 0x000000008a000000, 0x000000008a000000|100%| O|  |TAMS 0x000000008a000000| PB 0x0000000089f00000| Untracked 
| 160|0x000000008a000000, 0x000000008a100000, 0x000000008a100000|100%| O|  |TAMS 0x000000008a100000| PB 0x000000008a000000| Untracked 
| 161|0x000000008a100000, 0x000000008a200000, 0x000000008a200000|100%| O|  |TAMS 0x000000008a200000| PB 0x000000008a100000| Untracked 
| 162|0x000000008a200000, 0x000000008a300000, 0x000000008a300000|100%| O|  |TAMS 0x000000008a300000| PB 0x000000008a200000| Untracked 
| 163|0x000000008a300000, 0x000000008a400000, 0x000000008a400000|100%| O|  |TAMS 0x000000008a400000| PB 0x000000008a300000| Untracked 
| 164|0x000000008a400000, 0x000000008a500000, 0x000000008a500000|100%| O|  |TAMS 0x000000008a500000| PB 0x000000008a400000| Untracked 
| 165|0x000000008a500000, 0x000000008a600000, 0x000000008a600000|100%| O|  |TAMS 0x000000008a600000| PB 0x000000008a500000| Untracked 
| 166|0x000000008a600000, 0x000000008a700000, 0x000000008a700000|100%| O|  |TAMS 0x000000008a700000| PB 0x000000008a600000| Untracked 
| 167|0x000000008a700000, 0x000000008a800000, 0x000000008a800000|100%| O|  |TAMS 0x000000008a800000| PB 0x000000008a700000| Untracked 
| 168|0x000000008a800000, 0x000000008a900000, 0x000000008a900000|100%| O|  |TAMS 0x000000008a900000| PB 0x000000008a800000| Untracked 
| 169|0x000000008a900000, 0x000000008aa00000, 0x000000008aa00000|100%| O|  |TAMS 0x000000008aa00000| PB 0x000000008a900000| Untracked 
| 170|0x000000008aa00000, 0x000000008ab00000, 0x000000008ab00000|100%| O|  |TAMS 0x000000008ab00000| PB 0x000000008aa00000| Untracked 
| 171|0x000000008ab00000, 0x000000008ac00000, 0x000000008ac00000|100%| O|  |TAMS 0x000000008ac00000| PB 0x000000008ab00000| Untracked 
| 172|0x000000008ac00000, 0x000000008ad00000, 0x000000008ad00000|100%| O|  |TAMS 0x000000008ad00000| PB 0x000000008ac00000| Untracked 
| 173|0x000000008ad00000, 0x000000008ae00000, 0x000000008ae00000|100%| O|  |TAMS 0x000000008ae00000| PB 0x000000008ad00000| Untracked 
| 174|0x000000008ae00000, 0x000000008af00000, 0x000000008af00000|100%| O|  |TAMS 0x000000008af00000| PB 0x000000008ae00000| Untracked 
| 175|0x000000008af00000, 0x000000008b000000, 0x000000008b000000|100%| O|  |TAMS 0x000000008b000000| PB 0x000000008af00000| Untracked 
| 176|0x000000008b000000, 0x000000008b100000, 0x000000008b100000|100%| O|  |TAMS 0x000000008b100000| PB 0x000000008b000000| Untracked 
| 177|0x000000008b100000, 0x000000008b200000, 0x000000008b200000|100%| O|  |TAMS 0x000000008b200000| PB 0x000000008b100000| Untracked 
| 178|0x000000008b200000, 0x000000008b300000, 0x000000008b300000|100%| O|  |TAMS 0x000000008b300000| PB 0x000000008b200000| Untracked 
| 179|0x000000008b300000, 0x000000008b400000, 0x000000008b400000|100%| O|  |TAMS 0x000000008b400000| PB 0x000000008b300000| Untracked 
| 180|0x000000008b400000, 0x000000008b500000, 0x000000008b500000|100%| O|  |TAMS 0x000000008b500000| PB 0x000000008b400000| Untracked 
| 181|0x000000008b500000, 0x000000008b600000, 0x000000008b600000|100%| O|  |TAMS 0x000000008b600000| PB 0x000000008b500000| Untracked 
| 182|0x000000008b600000, 0x000000008b700000, 0x000000008b700000|100%| O|  |TAMS 0x000000008b700000| PB 0x000000008b600000| Untracked 
| 183|0x000000008b700000, 0x000000008b800000, 0x000000008b800000|100%| O|  |TAMS 0x000000008b800000| PB 0x000000008b700000| Untracked 
| 184|0x000000008b800000, 0x000000008b900000, 0x000000008b900000|100%| O|  |TAMS 0x000000008b900000| PB 0x000000008b800000| Untracked 
| 185|0x000000008b900000, 0x000000008ba00000, 0x000000008ba00000|100%| O|  |TAMS 0x000000008ba00000| PB 0x000000008b900000| Untracked 
| 186|0x000000008ba00000, 0x000000008bb00000, 0x000000008bb00000|100%| O|  |TAMS 0x000000008bb00000| PB 0x000000008ba00000| Untracked 
| 187|0x000000008bb00000, 0x000000008bc00000, 0x000000008bc00000|100%| O|  |TAMS 0x000000008bc00000| PB 0x000000008bb00000| Untracked 
| 188|0x000000008bc00000, 0x000000008bd00000, 0x000000008bd00000|100%| O|  |TAMS 0x000000008bd00000| PB 0x000000008bc00000| Untracked 
| 189|0x000000008bd00000, 0x000000008be00000, 0x000000008be00000|100%| O|  |TAMS 0x000000008be00000| PB 0x000000008bd00000| Untracked 
| 190|0x000000008be00000, 0x000000008bf00000, 0x000000008bf00000|100%| O|  |TAMS 0x000000008bf00000| PB 0x000000008be00000| Untracked 
| 191|0x000000008bf00000, 0x000000008c000000, 0x000000008c000000|100%| O|  |TAMS 0x000000008c000000| PB 0x000000008bf00000| Untracked 
| 192|0x000000008c000000, 0x000000008c100000, 0x000000008c100000|100%| O|  |TAMS 0x000000008c100000| PB 0x000000008c000000| Untracked 
| 193|0x000000008c100000, 0x000000008c200000, 0x000000008c200000|100%| O|  |TAMS 0x000000008c200000| PB 0x000000008c100000| Untracked 
| 194|0x000000008c200000, 0x000000008c300000, 0x000000008c300000|100%| O|  |TAMS 0x000000008c300000| PB 0x000000008c200000| Untracked 
| 195|0x000000008c300000, 0x000000008c400000, 0x000000008c400000|100%| O|  |TAMS 0x000000008c400000| PB 0x000000008c300000| Untracked 
| 196|0x000000008c400000, 0x000000008c500000, 0x000000008c500000|100%| O|  |TAMS 0x000000008c500000| PB 0x000000008c400000| Untracked 
| 197|0x000000008c500000, 0x000000008c600000, 0x000000008c600000|100%| O|  |TAMS 0x000000008c600000| PB 0x000000008c500000| Untracked 
| 198|0x000000008c600000, 0x000000008c700000, 0x000000008c700000|100%| O|  |TAMS 0x000000008c700000| PB 0x000000008c600000| Untracked 
| 199|0x000000008c700000, 0x000000008c800000, 0x000000008c800000|100%| O|  |TAMS 0x000000008c800000| PB 0x000000008c700000| Untracked 
| 200|0x000000008c800000, 0x000000008c900000, 0x000000008c900000|100%| O|  |TAMS 0x000000008c900000| PB 0x000000008c800000| Untracked 
| 201|0x000000008c900000, 0x000000008ca00000, 0x000000008ca00000|100%| O|  |TAMS 0x000000008ca00000| PB 0x000000008c900000| Untracked 
| 202|0x000000008ca00000, 0x000000008cb00000, 0x000000008cb00000|100%| O|  |TAMS 0x000000008cb00000| PB 0x000000008ca00000| Untracked 
| 203|0x000000008cb00000, 0x000000008cc00000, 0x000000008cc00000|100%| O|  |TAMS 0x000000008cc00000| PB 0x000000008cb00000| Untracked 
| 204|0x000000008cc00000, 0x000000008cd00000, 0x000000008cd00000|100%| O|  |TAMS 0x000000008cd00000| PB 0x000000008cc00000| Untracked 
| 205|0x000000008cd00000, 0x000000008ce00000, 0x000000008ce00000|100%| O|  |TAMS 0x000000008ce00000| PB 0x000000008cd00000| Untracked 
| 206|0x000000008ce00000, 0x000000008cf00000, 0x000000008cf00000|100%| O|  |TAMS 0x000000008cf00000| PB 0x000000008ce00000| Untracked 
| 207|0x000000008cf00000, 0x000000008d000000, 0x000000008d000000|100%| O|  |TAMS 0x000000008d000000| PB 0x000000008cf00000| Untracked 
| 208|0x000000008d000000, 0x000000008d100000, 0x000000008d100000|100%| O|  |TAMS 0x000000008d100000| PB 0x000000008d000000| Untracked 
| 209|0x000000008d100000, 0x000000008d200000, 0x000000008d200000|100%| O|  |TAMS 0x000000008d200000| PB 0x000000008d100000| Untracked 
| 210|0x000000008d200000, 0x000000008d300000, 0x000000008d300000|100%| O|  |TAMS 0x000000008d300000| PB 0x000000008d200000| Untracked 
| 211|0x000000008d300000, 0x000000008d400000, 0x000000008d400000|100%| O|  |TAMS 0x000000008d400000| PB 0x000000008d300000| Untracked 
| 212|0x000000008d400000, 0x000000008d500000, 0x000000008d500000|100%| O|  |TAMS 0x000000008d500000| PB 0x000000008d400000| Untracked 
| 213|0x000000008d500000, 0x000000008d600000, 0x000000008d600000|100%| O|  |TAMS 0x000000008d600000| PB 0x000000008d500000| Untracked 
| 214|0x000000008d600000, 0x000000008d700000, 0x000000008d700000|100%| O|  |TAMS 0x000000008d700000| PB 0x000000008d600000| Untracked 
| 215|0x000000008d700000, 0x000000008d800000, 0x000000008d800000|100%| O|  |TAMS 0x000000008d700000| PB 0x000000008d700000| Untracked 
| 216|0x000000008d800000, 0x000000008d900000, 0x000000008d900000|100%| O|  |TAMS 0x000000008d800000| PB 0x000000008d800000| Untracked 
| 217|0x000000008d900000, 0x000000008da00000, 0x000000008da00000|100%| O|  |TAMS 0x000000008d900000| PB 0x000000008d900000| Untracked 
| 218|0x000000008da00000, 0x000000008db00000, 0x000000008db00000|100%| O|  |TAMS 0x000000008da00000| PB 0x000000008da00000| Untracked 
| 219|0x000000008db00000, 0x000000008dc00000, 0x000000008dc00000|100%| O|  |TAMS 0x000000008db00000| PB 0x000000008db00000| Untracked 
| 220|0x000000008dc00000, 0x000000008dd00000, 0x000000008dd00000|100%| O|  |TAMS 0x000000008dc00000| PB 0x000000008dc00000| Untracked 
| 221|0x000000008dd00000, 0x000000008de00000, 0x000000008de00000|100%| O|  |TAMS 0x000000008dd00000| PB 0x000000008dd00000| Untracked 
| 222|0x000000008de00000, 0x000000008df00000, 0x000000008df00000|100%| O|  |TAMS 0x000000008de00000| PB 0x000000008de00000| Untracked 
| 223|0x000000008df00000, 0x000000008e000000, 0x000000008e000000|100%| O|  |TAMS 0x000000008df00000| PB 0x000000008df00000| Untracked 
| 224|0x000000008e000000, 0x000000008e100000, 0x000000008e100000|100%| O|  |TAMS 0x000000008e000000| PB 0x000000008e000000| Untracked 
| 225|0x000000008e100000, 0x000000008e200000, 0x000000008e200000|100%| O|  |TAMS 0x000000008e100000| PB 0x000000008e100000| Untracked 
| 226|0x000000008e200000, 0x000000008e300000, 0x000000008e300000|100%| O|  |TAMS 0x000000008e200000| PB 0x000000008e200000| Untracked 
| 227|0x000000008e300000, 0x000000008e400000, 0x000000008e400000|100%| O|  |TAMS 0x000000008e300000| PB 0x000000008e300000| Untracked 
| 228|0x000000008e400000, 0x000000008e500000, 0x000000008e500000|100%| O|  |TAMS 0x000000008e400000| PB 0x000000008e400000| Untracked 
| 229|0x000000008e500000, 0x000000008e600000, 0x000000008e600000|100%| O|  |TAMS 0x000000008e500000| PB 0x000000008e500000| Untracked 
| 230|0x000000008e600000, 0x000000008e700000, 0x000000008e700000|100%| O|  |TAMS 0x000000008e600000| PB 0x000000008e600000| Untracked 
| 231|0x000000008e700000, 0x000000008e800000, 0x000000008e800000|100%| O|  |TAMS 0x000000008e700000| PB 0x000000008e700000| Untracked 
| 232|0x000000008e800000, 0x000000008e800000, 0x000000008e900000|  0%| F|  |TAMS 0x000000008e800000| PB 0x000000008e800000| Untracked 
| 233|0x000000008e900000, 0x000000008e900000, 0x000000008ea00000|  0%| F|  |TAMS 0x000000008e900000| PB 0x000000008e900000| Untracked 
| 234|0x000000008ea00000, 0x000000008ea00000, 0x000000008eb00000|  0%| F|  |TAMS 0x000000008ea00000| PB 0x000000008ea00000| Untracked 
| 235|0x000000008eb00000, 0x000000008ec00000, 0x000000008ec00000|100%| O|  |TAMS 0x000000008ec00000| PB 0x000000008eb00000| Untracked 
| 236|0x000000008ec00000, 0x000000008ed00000, 0x000000008ed00000|100%| O|  |TAMS 0x000000008ed00000| PB 0x000000008ec00000| Untracked 
| 237|0x000000008ed00000, 0x000000008ee00000, 0x000000008ee00000|100%| O|  |TAMS 0x000000008ee00000| PB 0x000000008ed00000| Untracked 
| 238|0x000000008ee00000, 0x000000008ef00000, 0x000000008ef00000|100%| O|  |TAMS 0x000000008ef00000| PB 0x000000008ee00000| Untracked 
| 239|0x000000008ef00000, 0x000000008f000000, 0x000000008f000000|100%| O|  |TAMS 0x000000008f000000| PB 0x000000008ef00000| Untracked 
| 240|0x000000008f000000, 0x000000008f100000, 0x000000008f100000|100%| O|  |TAMS 0x000000008f100000| PB 0x000000008f000000| Untracked 
| 241|0x000000008f100000, 0x000000008f200000, 0x000000008f200000|100%| O|  |TAMS 0x000000008f200000| PB 0x000000008f100000| Untracked 
| 242|0x000000008f200000, 0x000000008f300000, 0x000000008f300000|100%| O|  |TAMS 0x000000008f300000| PB 0x000000008f200000| Untracked 
| 243|0x000000008f300000, 0x000000008f400000, 0x000000008f400000|100%| O|  |TAMS 0x000000008f400000| PB 0x000000008f300000| Untracked 
| 244|0x000000008f400000, 0x000000008f500000, 0x000000008f500000|100%| O|  |TAMS 0x000000008f500000| PB 0x000000008f400000| Untracked 
| 245|0x000000008f500000, 0x000000008f600000, 0x000000008f600000|100%| O|  |TAMS 0x000000008f600000| PB 0x000000008f500000| Untracked 
| 246|0x000000008f600000, 0x000000008f700000, 0x000000008f700000|100%| O|  |TAMS 0x000000008f700000| PB 0x000000008f600000| Untracked 
| 247|0x000000008f700000, 0x000000008f800000, 0x000000008f800000|100%| O|  |TAMS 0x000000008f800000| PB 0x000000008f700000| Untracked 
| 248|0x000000008f800000, 0x000000008f900000, 0x000000008f900000|100%| O|  |TAMS 0x000000008f900000| PB 0x000000008f800000| Untracked 
| 249|0x000000008f900000, 0x000000008f900000, 0x000000008fa00000|  0%| F|  |TAMS 0x000000008f900000| PB 0x000000008f900000| Untracked 
| 250|0x000000008fa00000, 0x000000008fa00000, 0x000000008fb00000|  0%| F|  |TAMS 0x000000008fa00000| PB 0x000000008fa00000| Untracked 
| 251|0x000000008fb00000, 0x000000008fb00000, 0x000000008fc00000|  0%| F|  |TAMS 0x000000008fb00000| PB 0x000000008fb00000| Untracked 
| 252|0x000000008fc00000, 0x000000008fc00000, 0x000000008fd00000|  0%| F|  |TAMS 0x000000008fc00000| PB 0x000000008fc00000| Untracked 
| 253|0x000000008fd00000, 0x000000008fd00000, 0x000000008fe00000|  0%| F|  |TAMS 0x000000008fd00000| PB 0x000000008fd00000| Untracked 
| 254|0x000000008fe00000, 0x000000008fe00000, 0x000000008ff00000|  0%| F|  |TAMS 0x000000008fe00000| PB 0x000000008fe00000| Untracked 
| 255|0x000000008ff00000, 0x000000008ff00000, 0x0000000090000000|  0%| F|  |TAMS 0x000000008ff00000| PB 0x000000008ff00000| Untracked 
| 256|0x0000000090000000, 0x0000000090000000, 0x0000000090100000|  0%| F|  |TAMS 0x0000000090000000| PB 0x0000000090000000| Untracked 
| 257|0x0000000090100000, 0x0000000090100000, 0x0000000090200000|  0%| F|  |TAMS 0x0000000090100000| PB 0x0000000090100000| Untracked 
| 258|0x0000000090200000, 0x0000000090200000, 0x0000000090300000|  0%| F|  |TAMS 0x0000000090200000| PB 0x0000000090200000| Untracked 
| 259|0x0000000090300000, 0x0000000090300000, 0x0000000090400000|  0%| F|  |TAMS 0x0000000090300000| PB 0x0000000090300000| Untracked 
| 260|0x0000000090400000, 0x0000000090400000, 0x0000000090500000|  0%| F|  |TAMS 0x0000000090400000| PB 0x0000000090400000| Untracked 
| 261|0x0000000090500000, 0x0000000090500000, 0x0000000090600000|  0%| F|  |TAMS 0x0000000090500000| PB 0x0000000090500000| Untracked 
| 262|0x0000000090600000, 0x0000000090600000, 0x0000000090700000|  0%| F|  |TAMS 0x0000000090600000| PB 0x0000000090600000| Untracked 
| 263|0x0000000090700000, 0x0000000090700000, 0x0000000090800000|  0%| F|  |TAMS 0x0000000090700000| PB 0x0000000090700000| Untracked 
| 264|0x0000000090800000, 0x0000000090800000, 0x0000000090900000|  0%| F|  |TAMS 0x0000000090800000| PB 0x0000000090800000| Untracked 
| 265|0x0000000090900000, 0x0000000090900000, 0x0000000090a00000|  0%| F|  |TAMS 0x0000000090900000| PB 0x0000000090900000| Untracked 
| 266|0x0000000090a00000, 0x0000000090a00000, 0x0000000090b00000|  0%| F|  |TAMS 0x0000000090a00000| PB 0x0000000090a00000| Untracked 
| 267|0x0000000090b00000, 0x0000000090b00000, 0x0000000090c00000|  0%| F|  |TAMS 0x0000000090b00000| PB 0x0000000090b00000| Untracked 
| 268|0x0000000090c00000, 0x0000000090c00000, 0x0000000090d00000|  0%| F|  |TAMS 0x0000000090c00000| PB 0x0000000090c00000| Untracked 
| 269|0x0000000090d00000, 0x0000000090d00000, 0x0000000090e00000|  0%| F|  |TAMS 0x0000000090d00000| PB 0x0000000090d00000| Untracked 
| 270|0x0000000090e00000, 0x0000000090e00000, 0x0000000090f00000|  0%| F|  |TAMS 0x0000000090e00000| PB 0x0000000090e00000| Untracked 
| 271|0x0000000090f00000, 0x0000000091000000, 0x0000000091000000|100%| S|CS|TAMS 0x0000000090f00000| PB 0x0000000090f00000| Complete 
| 272|0x0000000091000000, 0x0000000091100000, 0x0000000091100000|100%| S|CS|TAMS 0x0000000091000000| PB 0x0000000091000000| Complete 
| 273|0x0000000091100000, 0x0000000091200000, 0x0000000091200000|100%| S|CS|TAMS 0x0000000091100000| PB 0x0000000091100000| Complete 
| 274|0x0000000091200000, 0x0000000091300000, 0x0000000091300000|100%| S|CS|TAMS 0x0000000091200000| PB 0x0000000091200000| Complete 
| 275|0x0000000091300000, 0x0000000091400000, 0x0000000091400000|100%| S|CS|TAMS 0x0000000091300000| PB 0x0000000091300000| Complete 
| 276|0x0000000091400000, 0x0000000091500000, 0x0000000091500000|100%| S|CS|TAMS 0x0000000091400000| PB 0x0000000091400000| Complete 
| 277|0x0000000091500000, 0x0000000091600000, 0x0000000091600000|100%| S|CS|TAMS 0x0000000091500000| PB 0x0000000091500000| Complete 
| 278|0x0000000091600000, 0x0000000091700000, 0x0000000091700000|100%| S|CS|TAMS 0x0000000091600000| PB 0x0000000091600000| Complete 
| 279|0x0000000091700000, 0x0000000091800000, 0x0000000091800000|100%| S|CS|TAMS 0x0000000091700000| PB 0x0000000091700000| Complete 
| 280|0x0000000091800000, 0x0000000091900000, 0x0000000091900000|100%| S|CS|TAMS 0x0000000091800000| PB 0x0000000091800000| Complete 
| 281|0x0000000091900000, 0x0000000091a00000, 0x0000000091a00000|100%| S|CS|TAMS 0x0000000091900000| PB 0x0000000091900000| Complete 
| 282|0x0000000091a00000, 0x0000000091b00000, 0x0000000091b00000|100%| S|CS|TAMS 0x0000000091a00000| PB 0x0000000091a00000| Complete 
| 283|0x0000000091b00000, 0x0000000091c00000, 0x0000000091c00000|100%| S|CS|TAMS 0x0000000091b00000| PB 0x0000000091b00000| Complete 
| 284|0x0000000091c00000, 0x0000000091d00000, 0x0000000091d00000|100%| S|CS|TAMS 0x0000000091c00000| PB 0x0000000091c00000| Complete 
| 285|0x0000000091d00000, 0x0000000091d00000, 0x0000000091e00000|  0%| F|  |TAMS 0x0000000091d00000| PB 0x0000000091d00000| Untracked 
| 286|0x0000000091e00000, 0x0000000091e00000, 0x0000000091f00000|  0%| F|  |TAMS 0x0000000091e00000| PB 0x0000000091e00000| Untracked 
| 287|0x0000000091f00000, 0x0000000091f00000, 0x0000000092000000|  0%| F|  |TAMS 0x0000000091f00000| PB 0x0000000091f00000| Untracked 
| 288|0x0000000092000000, 0x0000000092000000, 0x0000000092100000|  0%| F|  |TAMS 0x0000000092000000| PB 0x0000000092000000| Untracked 
| 289|0x0000000092100000, 0x0000000092100000, 0x0000000092200000|  0%| F|  |TAMS 0x0000000092100000| PB 0x0000000092100000| Untracked 
| 290|0x0000000092200000, 0x0000000092200000, 0x0000000092300000|  0%| F|  |TAMS 0x0000000092200000| PB 0x0000000092200000| Untracked 
| 291|0x0000000092300000, 0x0000000092300000, 0x0000000092400000|  0%| F|  |TAMS 0x0000000092300000| PB 0x0000000092300000| Untracked 
| 292|0x0000000092400000, 0x0000000092400000, 0x0000000092500000|  0%| F|  |TAMS 0x0000000092400000| PB 0x0000000092400000| Untracked 
| 293|0x0000000092500000, 0x0000000092500000, 0x0000000092600000|  0%| F|  |TAMS 0x0000000092500000| PB 0x0000000092500000| Untracked 
| 294|0x0000000092600000, 0x0000000092600000, 0x0000000092700000|  0%| F|  |TAMS 0x0000000092600000| PB 0x0000000092600000| Untracked 
| 295|0x0000000092700000, 0x0000000092700000, 0x0000000092800000|  0%| F|  |TAMS 0x0000000092700000| PB 0x0000000092700000| Untracked 
| 296|0x0000000092800000, 0x0000000092800000, 0x0000000092900000|  0%| F|  |TAMS 0x0000000092800000| PB 0x0000000092800000| Untracked 
| 297|0x0000000092900000, 0x0000000092900000, 0x0000000092a00000|  0%| F|  |TAMS 0x0000000092900000| PB 0x0000000092900000| Untracked 
| 298|0x0000000092a00000, 0x0000000092a00000, 0x0000000092b00000|  0%| F|  |TAMS 0x0000000092a00000| PB 0x0000000092a00000| Untracked 
| 299|0x0000000092b00000, 0x0000000092b00000, 0x0000000092c00000|  0%| F|  |TAMS 0x0000000092b00000| PB 0x0000000092b00000| Untracked 
| 300|0x0000000092c00000, 0x0000000092c00000, 0x0000000092d00000|  0%| F|  |TAMS 0x0000000092c00000| PB 0x0000000092c00000| Untracked 
| 301|0x0000000092d00000, 0x0000000092d00000, 0x0000000092e00000|  0%| F|  |TAMS 0x0000000092d00000| PB 0x0000000092d00000| Untracked 
| 302|0x0000000092e00000, 0x0000000092e00000, 0x0000000092f00000|  0%| F|  |TAMS 0x0000000092e00000| PB 0x0000000092e00000| Untracked 
| 303|0x0000000092f00000, 0x0000000092f00000, 0x0000000093000000|  0%| F|  |TAMS 0x0000000092f00000| PB 0x0000000092f00000| Untracked 
| 304|0x0000000093000000, 0x0000000093000000, 0x0000000093100000|  0%| F|  |TAMS 0x0000000093000000| PB 0x0000000093000000| Untracked 
| 305|0x0000000093100000, 0x0000000093100000, 0x0000000093200000|  0%| F|  |TAMS 0x0000000093100000| PB 0x0000000093100000| Untracked 
| 306|0x0000000093200000, 0x0000000093200000, 0x0000000093300000|  0%| F|  |TAMS 0x0000000093200000| PB 0x0000000093200000| Untracked 
| 307|0x0000000093300000, 0x0000000093300000, 0x0000000093400000|  0%| F|  |TAMS 0x0000000093300000| PB 0x0000000093300000| Untracked 
| 308|0x0000000093400000, 0x0000000093400000, 0x0000000093500000|  0%| F|  |TAMS 0x0000000093400000| PB 0x0000000093400000| Untracked 
| 309|0x0000000093500000, 0x0000000093500000, 0x0000000093600000|  0%| F|  |TAMS 0x0000000093500000| PB 0x0000000093500000| Untracked 
| 310|0x0000000093600000, 0x0000000093600000, 0x0000000093700000|  0%| F|  |TAMS 0x0000000093600000| PB 0x0000000093600000| Untracked 
| 311|0x0000000093700000, 0x0000000093700000, 0x0000000093800000|  0%| F|  |TAMS 0x0000000093700000| PB 0x0000000093700000| Untracked 
| 312|0x0000000093800000, 0x0000000093800000, 0x0000000093900000|  0%| F|  |TAMS 0x0000000093800000| PB 0x0000000093800000| Untracked 
| 313|0x0000000093900000, 0x0000000093900000, 0x0000000093a00000|  0%| F|  |TAMS 0x0000000093900000| PB 0x0000000093900000| Untracked 
| 314|0x0000000093a00000, 0x0000000093a00000, 0x0000000093b00000|  0%| F|  |TAMS 0x0000000093a00000| PB 0x0000000093a00000| Untracked 
| 315|0x0000000093b00000, 0x0000000093b00000, 0x0000000093c00000|  0%| F|  |TAMS 0x0000000093b00000| PB 0x0000000093b00000| Untracked 
| 316|0x0000000093c00000, 0x0000000093c00000, 0x0000000093d00000|  0%| F|  |TAMS 0x0000000093c00000| PB 0x0000000093c00000| Untracked 
| 317|0x0000000093d00000, 0x0000000093d00000, 0x0000000093e00000|  0%| F|  |TAMS 0x0000000093d00000| PB 0x0000000093d00000| Untracked 
| 318|0x0000000093e00000, 0x0000000093e00000, 0x0000000093f00000|  0%| F|  |TAMS 0x0000000093e00000| PB 0x0000000093e00000| Untracked 
| 319|0x0000000093f00000, 0x0000000093f00000, 0x0000000094000000|  0%| F|  |TAMS 0x0000000093f00000| PB 0x0000000093f00000| Untracked 
| 320|0x0000000094000000, 0x0000000094000000, 0x0000000094100000|  0%| F|  |TAMS 0x0000000094000000| PB 0x0000000094000000| Untracked 
| 321|0x0000000094100000, 0x0000000094100000, 0x0000000094200000|  0%| F|  |TAMS 0x0000000094100000| PB 0x0000000094100000| Untracked 
| 322|0x0000000094200000, 0x0000000094200000, 0x0000000094300000|  0%| F|  |TAMS 0x0000000094200000| PB 0x0000000094200000| Untracked 
| 323|0x0000000094300000, 0x0000000094300000, 0x0000000094400000|  0%| F|  |TAMS 0x0000000094300000| PB 0x0000000094300000| Untracked 
| 324|0x0000000094400000, 0x0000000094400000, 0x0000000094500000|  0%| F|  |TAMS 0x0000000094400000| PB 0x0000000094400000| Untracked 
| 325|0x0000000094500000, 0x0000000094500000, 0x0000000094600000|  0%| F|  |TAMS 0x0000000094500000| PB 0x0000000094500000| Untracked 
| 326|0x0000000094600000, 0x0000000094600000, 0x0000000094700000|  0%| F|  |TAMS 0x0000000094600000| PB 0x0000000094600000| Untracked 
| 327|0x0000000094700000, 0x0000000094700000, 0x0000000094800000|  0%| F|  |TAMS 0x0000000094700000| PB 0x0000000094700000| Untracked 
| 328|0x0000000094800000, 0x0000000094800000, 0x0000000094900000|  0%| F|  |TAMS 0x0000000094800000| PB 0x0000000094800000| Untracked 
| 329|0x0000000094900000, 0x0000000094900000, 0x0000000094a00000|  0%| F|  |TAMS 0x0000000094900000| PB 0x0000000094900000| Untracked 
| 330|0x0000000094a00000, 0x0000000094a00000, 0x0000000094b00000|  0%| F|  |TAMS 0x0000000094a00000| PB 0x0000000094a00000| Untracked 
| 331|0x0000000094b00000, 0x0000000094b00000, 0x0000000094c00000|  0%| F|  |TAMS 0x0000000094b00000| PB 0x0000000094b00000| Untracked 
| 332|0x0000000094c00000, 0x0000000094c00000, 0x0000000094d00000|  0%| F|  |TAMS 0x0000000094c00000| PB 0x0000000094c00000| Untracked 
| 333|0x0000000094d00000, 0x0000000094d00000, 0x0000000094e00000|  0%| F|  |TAMS 0x0000000094d00000| PB 0x0000000094d00000| Untracked 
| 334|0x0000000094e00000, 0x0000000094e00000, 0x0000000094f00000|  0%| F|  |TAMS 0x0000000094e00000| PB 0x0000000094e00000| Untracked 
| 335|0x0000000094f00000, 0x0000000094f00000, 0x0000000095000000|  0%| F|  |TAMS 0x0000000094f00000| PB 0x0000000094f00000| Untracked 
| 336|0x0000000095000000, 0x0000000095000000, 0x0000000095100000|  0%| F|  |TAMS 0x0000000095000000| PB 0x0000000095000000| Untracked 
| 337|0x0000000095100000, 0x0000000095100000, 0x0000000095200000|  0%| F|  |TAMS 0x0000000095100000| PB 0x0000000095100000| Untracked 
| 338|0x0000000095200000, 0x0000000095200000, 0x0000000095300000|  0%| F|  |TAMS 0x0000000095200000| PB 0x0000000095200000| Untracked 
| 339|0x0000000095300000, 0x0000000095300000, 0x0000000095400000|  0%| F|  |TAMS 0x0000000095300000| PB 0x0000000095300000| Untracked 
| 340|0x0000000095400000, 0x0000000095400000, 0x0000000095500000|  0%| F|  |TAMS 0x0000000095400000| PB 0x0000000095400000| Untracked 
| 341|0x0000000095500000, 0x0000000095500000, 0x0000000095600000|  0%| F|  |TAMS 0x0000000095500000| PB 0x0000000095500000| Untracked 
| 342|0x0000000095600000, 0x0000000095600000, 0x0000000095700000|  0%| F|  |TAMS 0x0000000095600000| PB 0x0000000095600000| Untracked 
| 343|0x0000000095700000, 0x0000000095700000, 0x0000000095800000|  0%| F|  |TAMS 0x0000000095700000| PB 0x0000000095700000| Untracked 
| 344|0x0000000095800000, 0x0000000095800000, 0x0000000095900000|  0%| F|  |TAMS 0x0000000095800000| PB 0x0000000095800000| Untracked 
| 345|0x0000000095900000, 0x0000000095900000, 0x0000000095a00000|  0%| F|  |TAMS 0x0000000095900000| PB 0x0000000095900000| Untracked 
| 346|0x0000000095a00000, 0x0000000095a00000, 0x0000000095b00000|  0%| F|  |TAMS 0x0000000095a00000| PB 0x0000000095a00000| Untracked 
| 347|0x0000000095b00000, 0x0000000095b00000, 0x0000000095c00000|  0%| F|  |TAMS 0x0000000095b00000| PB 0x0000000095b00000| Untracked 
| 348|0x0000000095c00000, 0x0000000095c00000, 0x0000000095d00000|  0%| F|  |TAMS 0x0000000095c00000| PB 0x0000000095c00000| Untracked 
| 349|0x0000000095d00000, 0x0000000095d00000, 0x0000000095e00000|  0%| F|  |TAMS 0x0000000095d00000| PB 0x0000000095d00000| Untracked 
|1981|0x00000000fbd00000, 0x00000000fbe00000, 0x00000000fbe00000|100%| O|  |TAMS 0x00000000fbe00000| PB 0x00000000fbd00000| Untracked 
|1982|0x00000000fbe00000, 0x00000000fbf00000, 0x00000000fbf00000|100%| O|  |TAMS 0x00000000fbf00000| PB 0x00000000fbe00000| Untracked 
|1983|0x00000000fbf00000, 0x00000000fc000000, 0x00000000fc000000|100%| O|  |TAMS 0x00000000fc000000| PB 0x00000000fbf00000| Untracked 
|1984|0x00000000fc000000, 0x00000000fc100000, 0x00000000fc100000|100%| O|  |TAMS 0x00000000fc100000| PB 0x00000000fc000000| Untracked 
|1985|0x00000000fc100000, 0x00000000fc200000, 0x00000000fc200000|100%| O|  |TAMS 0x00000000fc200000| PB 0x00000000fc100000| Untracked 
|1986|0x00000000fc200000, 0x00000000fc300000, 0x00000000fc300000|100%| O|  |TAMS 0x00000000fc300000| PB 0x00000000fc200000| Untracked 
|1987|0x00000000fc300000, 0x00000000fc400000, 0x00000000fc400000|100%| O|  |TAMS 0x00000000fc400000| PB 0x00000000fc300000| Untracked 
|1988|0x00000000fc400000, 0x00000000fc500000, 0x00000000fc500000|100%| O|  |TAMS 0x00000000fc500000| PB 0x00000000fc400000| Untracked 
|1989|0x00000000fc500000, 0x00000000fc600000, 0x00000000fc600000|100%| O|  |TAMS 0x00000000fc600000| PB 0x00000000fc500000| Untracked 
|1990|0x00000000fc600000, 0x00000000fc700000, 0x00000000fc700000|100%| O|  |TAMS 0x00000000fc700000| PB 0x00000000fc600000| Untracked 
|1991|0x00000000fc700000, 0x00000000fc800000, 0x00000000fc800000|100%| O|  |TAMS 0x00000000fc800000| PB 0x00000000fc700000| Untracked 
|1992|0x00000000fc800000, 0x00000000fc900000, 0x00000000fc900000|100%| O|  |TAMS 0x00000000fc900000| PB 0x00000000fc800000| Untracked 
|1993|0x00000000fc900000, 0x00000000fca00000, 0x00000000fca00000|100%| O|  |TAMS 0x00000000fca00000| PB 0x00000000fc900000| Untracked 
|1994|0x00000000fca00000, 0x00000000fcb00000, 0x00000000fcb00000|100%| O|  |TAMS 0x00000000fcb00000| PB 0x00000000fca00000| Untracked 
|1995|0x00000000fcb00000, 0x00000000fcc00000, 0x00000000fcc00000|100%| O|  |TAMS 0x00000000fcc00000| PB 0x00000000fcb00000| Untracked 
|1996|0x00000000fcc00000, 0x00000000fcc00000, 0x00000000fcd00000|  0%| F|  |TAMS 0x00000000fcc00000| PB 0x00000000fcc00000| Untracked 
|1997|0x00000000fcd00000, 0x00000000fcd00000, 0x00000000fce00000|  0%| F|  |TAMS 0x00000000fcd00000| PB 0x00000000fcd00000| Untracked 
|1998|0x00000000fce00000, 0x00000000fce00000, 0x00000000fcf00000|  0%| F|  |TAMS 0x00000000fce00000| PB 0x00000000fce00000| Untracked 
|1999|0x00000000fcf00000, 0x00000000fd000000, 0x00000000fd000000|100%| O|  |TAMS 0x00000000fd000000| PB 0x00000000fcf00000| Untracked 
|2000|0x00000000fd000000, 0x00000000fd100000, 0x00000000fd100000|100%| O|  |TAMS 0x00000000fd100000| PB 0x00000000fd000000| Untracked 
|2001|0x00000000fd100000, 0x00000000fd200000, 0x00000000fd200000|100%| O|  |TAMS 0x00000000fd200000| PB 0x00000000fd100000| Untracked 
|2002|0x00000000fd200000, 0x00000000fd300000, 0x00000000fd300000|100%| O|  |TAMS 0x00000000fd300000| PB 0x00000000fd200000| Untracked 
|2003|0x00000000fd300000, 0x00000000fd400000, 0x00000000fd400000|100%| O|  |TAMS 0x00000000fd400000| PB 0x00000000fd300000| Untracked 
|2004|0x00000000fd400000, 0x00000000fd500000, 0x00000000fd500000|100%| O|  |TAMS 0x00000000fd500000| PB 0x00000000fd400000| Untracked 
|2005|0x00000000fd500000, 0x00000000fd600000, 0x00000000fd600000|100%| O|  |TAMS 0x00000000fd600000| PB 0x00000000fd500000| Untracked 
|2006|0x00000000fd600000, 0x00000000fd700000, 0x00000000fd700000|100%| O|  |TAMS 0x00000000fd700000| PB 0x00000000fd600000| Untracked 
|2007|0x00000000fd700000, 0x00000000fd800000, 0x00000000fd800000|100%| O|  |TAMS 0x00000000fd800000| PB 0x00000000fd700000| Untracked 
|2008|0x00000000fd800000, 0x00000000fd900000, 0x00000000fd900000|100%| O|  |TAMS 0x00000000fd900000| PB 0x00000000fd800000| Untracked 
|2009|0x00000000fd900000, 0x00000000fda00000, 0x00000000fda00000|100%| O|  |TAMS 0x00000000fda00000| PB 0x00000000fd900000| Untracked 
|2010|0x00000000fda00000, 0x00000000fdb00000, 0x00000000fdb00000|100%| O|  |TAMS 0x00000000fdb00000| PB 0x00000000fda00000| Untracked 
|2011|0x00000000fdb00000, 0x00000000fdc00000, 0x00000000fdc00000|100%| O|  |TAMS 0x00000000fdc00000| PB 0x00000000fdb00000| Untracked 
|2012|0x00000000fdc00000, 0x00000000fdd00000, 0x00000000fdd00000|100%| O|  |TAMS 0x00000000fdd00000| PB 0x00000000fdc00000| Untracked 
|2013|0x00000000fdd00000, 0x00000000fde00000, 0x00000000fde00000|100%| O|  |TAMS 0x00000000fde00000| PB 0x00000000fdd00000| Untracked 
|2014|0x00000000fde00000, 0x00000000fde00000, 0x00000000fdf00000|  0%| F|  |TAMS 0x00000000fde00000| PB 0x00000000fde00000| Untracked 
|2015|0x00000000fdf00000, 0x00000000fdf00000, 0x00000000fe000000|  0%| F|  |TAMS 0x00000000fdf00000| PB 0x00000000fdf00000| Untracked 
|2016|0x00000000fe000000, 0x00000000fe000000, 0x00000000fe100000|  0%| F|  |TAMS 0x00000000fe000000| PB 0x00000000fe000000| Untracked 
|2017|0x00000000fe100000, 0x00000000fe100000, 0x00000000fe200000|  0%| F|  |TAMS 0x00000000fe100000| PB 0x00000000fe100000| Untracked 
|2018|0x00000000fe200000, 0x00000000fe200000, 0x00000000fe300000|  0%| F|  |TAMS 0x00000000fe200000| PB 0x00000000fe200000| Untracked 
|2019|0x00000000fe300000, 0x00000000fe300000, 0x00000000fe400000|  0%| F|  |TAMS 0x00000000fe300000| PB 0x00000000fe300000| Untracked 
|2020|0x00000000fe400000, 0x00000000fe400000, 0x00000000fe500000|  0%| F|  |TAMS 0x00000000fe400000| PB 0x00000000fe400000| Untracked 
|2021|0x00000000fe500000, 0x00000000fe500000, 0x00000000fe600000|  0%| F|  |TAMS 0x00000000fe500000| PB 0x00000000fe500000| Untracked 
|2022|0x00000000fe600000, 0x00000000fe600000, 0x00000000fe700000|  0%| F|  |TAMS 0x00000000fe600000| PB 0x00000000fe600000| Untracked 
|2023|0x00000000fe700000, 0x00000000fe700000, 0x00000000fe800000|  0%| F|  |TAMS 0x00000000fe700000| PB 0x00000000fe700000| Untracked 
|2024|0x00000000fe800000, 0x00000000fe800000, 0x00000000fe900000|  0%| F|  |TAMS 0x00000000fe800000| PB 0x00000000fe800000| Untracked 
|2025|0x00000000fe900000, 0x00000000fe900000, 0x00000000fea00000|  0%| F|  |TAMS 0x00000000fe900000| PB 0x00000000fe900000| Untracked 
|2026|0x00000000fea00000, 0x00000000fea00000, 0x00000000feb00000|  0%| F|  |TAMS 0x00000000fea00000| PB 0x00000000fea00000| Untracked 
|2027|0x00000000feb00000, 0x00000000feb00000, 0x00000000fec00000|  0%| F|  |TAMS 0x00000000feb00000| PB 0x00000000feb00000| Untracked 
|2028|0x00000000fec00000, 0x00000000fec00000, 0x00000000fed00000|  0%| F|  |TAMS 0x00000000fec00000| PB 0x00000000fec00000| Untracked 
|2029|0x00000000fed00000, 0x00000000fed00000, 0x00000000fee00000|  0%| F|  |TAMS 0x00000000fed00000| PB 0x00000000fed00000| Untracked 
|2030|0x00000000fee00000, 0x00000000fee00000, 0x00000000fef00000|  0%| F|  |TAMS 0x00000000fee00000| PB 0x00000000fee00000| Untracked 
|2031|0x00000000fef00000, 0x00000000fef00000, 0x00000000ff000000|  0%| F|  |TAMS 0x00000000fef00000| PB 0x00000000fef00000| Untracked 
|2032|0x00000000ff000000, 0x00000000ff000000, 0x00000000ff100000|  0%| F|  |TAMS 0x00000000ff000000| PB 0x00000000ff000000| Untracked 
|2033|0x00000000ff100000, 0x00000000ff100000, 0x00000000ff200000|  0%| F|  |TAMS 0x00000000ff100000| PB 0x00000000ff100000| Untracked 
|2034|0x00000000ff200000, 0x00000000ff200000, 0x00000000ff300000|  0%| F|  |TAMS 0x00000000ff200000| PB 0x00000000ff200000| Untracked 
|2035|0x00000000ff300000, 0x00000000ff300000, 0x00000000ff400000|  0%| F|  |TAMS 0x00000000ff300000| PB 0x00000000ff300000| Untracked 
|2036|0x00000000ff400000, 0x00000000ff400000, 0x00000000ff500000|  0%| F|  |TAMS 0x00000000ff400000| PB 0x00000000ff400000| Untracked 
|2037|0x00000000ff500000, 0x00000000ff500000, 0x00000000ff600000|  0%| F|  |TAMS 0x00000000ff500000| PB 0x00000000ff500000| Untracked 
|2038|0x00000000ff600000, 0x00000000ff600000, 0x00000000ff700000|  0%| F|  |TAMS 0x00000000ff600000| PB 0x00000000ff600000| Untracked 
|2039|0x00000000ff700000, 0x00000000ff700000, 0x00000000ff800000|  0%| F|  |TAMS 0x00000000ff700000| PB 0x00000000ff700000| Untracked 
|2040|0x00000000ff800000, 0x00000000ff900000, 0x00000000ff900000|100%| O|  |TAMS 0x00000000ff900000| PB 0x00000000ff800000| Untracked 
|2041|0x00000000ff900000, 0x00000000ffa00000, 0x00000000ffa00000|100%| O|  |TAMS 0x00000000ffa00000| PB 0x00000000ff900000| Untracked 
|2042|0x00000000ffa00000, 0x00000000ffb00000, 0x00000000ffb00000|100%| O|  |TAMS 0x00000000ffb00000| PB 0x00000000ffa00000| Untracked 
|2043|0x00000000ffb00000, 0x00000000ffc00000, 0x00000000ffc00000|100%| O|  |TAMS 0x00000000ffc00000| PB 0x00000000ffb00000| Untracked 
|2044|0x00000000ffc00000, 0x00000000ffd00000, 0x00000000ffd00000|100%| O|  |TAMS 0x00000000ffd00000| PB 0x00000000ffc00000| Untracked 
|2045|0x00000000ffd00000, 0x00000000ffe00000, 0x00000000ffe00000|100%| O|  |TAMS 0x00000000ffe00000| PB 0x00000000ffd00000| Untracked 
|2046|0x00000000ffe00000, 0x00000000fff00000, 0x00000000fff00000|100%| O|  |TAMS 0x00000000fff00000| PB 0x00000000ffe00000| Untracked 
|2047|0x00000000fff00000, 0x0000000100000000, 0x0000000100000000|100%| O|  |TAMS 0x0000000100000000| PB 0x00000000fff00000| Untracked 

Card table byte_map: [0x0000021d3ff60000,0x0000021d40360000] _byte_map_base: 0x0000021d3fb60000

Marking Bits: (CMBitMap*) 0x0000021d2b41e480
 Bits: [0x0000021d40360000, 0x0000021d42360000)

Polling page: 0x0000021d2b890000

Metaspace:

Usage:
  Non-class:    188.43 MB used.
      Class:     28.75 MB used.
       Both:    217.18 MB used.

Virtual space:
  Non-class space:      192.00 MB reserved,     189.75 MB ( 99%) committed,  3 nodes.
      Class space:        1.00 GB reserved,      29.94 MB (  3%) committed,  1 nodes.
             Both:        1.19 GB reserved,     219.69 MB ( 18%) committed. 

Chunk freelists:
   Non-Class:  1.45 MB
       Class:  1.94 MB
        Both:  3.39 MB

MaxMetaspaceSize: unlimited
CompressedClassSpaceSize: 1.00 GB
Initial GC threshold: 21.00 MB
Current GC threshold: 357.31 MB
CDS: off
 - commit_granule_bytes: 65536.
 - commit_granule_words: 8192.
 - virtual_space_node_default_size: 8388608.
 - enlarge_chunks_in_place: 1.
 - use_allocation_guard: 0.


Internal statistics:

num_allocs_failed_limit: 12.
num_arena_births: 5128.
num_arena_deaths: 2.
num_vsnodes_births: 4.
num_vsnodes_deaths: 0.
num_space_committed: 3510.
num_space_uncommitted: 0.
num_chunks_returned_to_freelist: 15.
num_chunks_taken_from_freelist: 13812.
num_chunk_merges: 9.
num_chunk_splits: 9733.
num_chunks_enlarged: 6972.
num_inconsistent_stats: 0.

CodeHeap 'non-profiled nmethods': size=120000Kb used=14394Kb max_used=14894Kb free=105605Kb
 bounds [0x0000021d382f0000, 0x0000021d39190000, 0x0000021d3f820000]
CodeHeap 'profiled nmethods': size=120000Kb used=47435Kb max_used=51736Kb free=72564Kb
 bounds [0x0000021d30820000, 0x0000021d33b50000, 0x0000021d37d50000]
CodeHeap 'non-nmethods': size=5760Kb used=2402Kb max_used=2470Kb free=3357Kb
 bounds [0x0000021d37d50000, 0x0000021d37fe0000, 0x0000021d382f0000]
CodeCache: size=245760Kb, used=64231Kb, max_used=69100Kb, free=181526Kb
 total_blobs=22154, nmethods=20919, adapters=1137, full_count=0
Compilation: enabled, stopped_count=0, restarted_count=0

Compilation events (20 events):
Event: 132.327 Thread 0x0000021d490e3d10 nmethod 28450 0x0000021d38f74010 code [0x0000021d38f741a0, 0x0000021d38f74268]
Event: 132.334 Thread 0x0000021d490e3270 nmethod 27992 0x0000021d3870ea10 code [0x0000021d3870ec20, 0x0000021d3870f538]
Event: 132.334 Thread 0x0000021d490e3270 27962       4       com.android.tools.r8.graph.p4::a (42 bytes)
Event: 132.342 Thread 0x0000021d490e3d10 28451       2       com.android.tools.r8.internal.S::equals (54 bytes)
Event: 132.342 Thread 0x0000021d490e3d10 nmethod 28451 0x0000021d31e2fb90 code [0x0000021d31e2fda0, 0x0000021d31e300f0]
Event: 132.344 Thread 0x0000021d490e3d10 28452       2       java.util.HashMap$Node::setValue (12 bytes)
Event: 132.344 Thread 0x0000021d490e3d10 nmethod 28452 0x0000021d31e2f810 code [0x0000021d31e2f9a0, 0x0000021d31e2faf8]
Event: 132.344 Thread 0x0000021d490e3d10 28453       2       com.android.tools.r8.internal.rr0::a (23 bytes)
Event: 132.345 Thread 0x0000021d490e3d10 nmethod 28453 0x0000021d320b6b90 code [0x0000021d320b6d40, 0x0000021d320b6ea0]
Event: 132.345 Thread 0x0000021d490e3d10 28454       2       com.android.tools.r8.internal.sr0::A (37 bytes)
Event: 132.346 Thread 0x0000021d490e3d10 nmethod 28454 0x0000021d320b6590 code [0x0000021d320b6740, 0x0000021d320b6948]
Event: 132.346 Thread 0x0000021d490e3d10 28456       2       com.android.tools.r8.internal.Oa$$Lambda/0x0000000101df9ac0::a (17 bytes)
Event: 132.347 Thread 0x0000021d490e3d10 nmethod 28456 0x0000021d32edbb10 code [0x0000021d32edbcc0, 0x0000021d32edbf38]
Event: 132.347 Thread 0x0000021d490e3d10 28457       2       com.android.tools.r8.internal.Oa::a (10 bytes)
Event: 132.347 Thread 0x0000021d490e3d10 nmethod 28457 0x0000021d32f74410 code [0x0000021d32f745c0, 0x0000021d32f747d0]
Event: 132.347 Thread 0x0000021d490e3d10 28455       2       com.android.tools.r8.internal.C5::d (5 bytes)
Event: 132.347 Thread 0x0000021d490e3d10 nmethod 28455 0x0000021d32edb690 code [0x0000021d32edb820, 0x0000021d32edb960]
Event: 132.347 Thread 0x0000021d490e3d10 28458       3       com.android.tools.r8.internal.ko0$$Lambda/0x0000000101db6dc0::test (9 bytes)
Event: 132.348 Thread 0x0000021d490e3d10 nmethod 28458 0x0000021d32f73f10 code [0x0000021d32f740c0, 0x0000021d32f74338]
Event: 132.348 Thread 0x0000021d490e3d10 28459       2       com.android.tools.r8.internal.vt0::<init> (112 bytes)

GC Heap History (20 events):
Event: 114.299 GC heap after
{Heap after GC invocations=73 (full 0):
 garbage-first heap   total 358400K, used 168311K [0x0000000080000000, 0x0000000100000000)
  region size 1024K, 10 young (10240K), 10 survivors (10240K)
 Metaspace       used 208757K, committed 211328K, reserved 1245184K
  class space    used 27307K, committed 28544K, reserved 1048576K
}
Event: 115.123 GC heap before
{Heap before GC invocations=73 (full 0):
 garbage-first heap   total 358400K, used 336247K [0x0000000080000000, 0x0000000100000000)
  region size 1024K, 175 young (179200K), 10 survivors (10240K)
 Metaspace       used 208775K, committed 211328K, reserved 1245184K
  class space    used 27307K, committed 28544K, reserved 1048576K
}
Event: 115.138 GC heap after
{Heap after GC invocations=74 (full 0):
 garbage-first heap   total 358400K, used 168899K [0x0000000080000000, 0x0000000100000000)
  region size 1024K, 10 young (10240K), 10 survivors (10240K)
 Metaspace       used 208775K, committed 211328K, reserved 1245184K
  class space    used 27307K, committed 28544K, reserved 1048576K
}
Event: 116.717 GC heap before
{Heap before GC invocations=75 (full 0):
 garbage-first heap   total 358400K, used 338883K [0x0000000080000000, 0x0000000100000000)
  region size 1024K, 177 young (181248K), 10 survivors (10240K)
 Metaspace       used 208800K, committed 211392K, reserved 1245184K
  class space    used 27309K, committed 28544K, reserved 1048576K
}
Event: 116.731 GC heap after
{Heap after GC invocations=76 (full 0):
 garbage-first heap   total 358400K, used 168899K [0x0000000080000000, 0x0000000100000000)
  region size 1024K, 10 young (10240K), 10 survivors (10240K)
 Metaspace       used 208800K, committed 211392K, reserved 1245184K
  class space    used 27309K, committed 28544K, reserved 1048576K
}
Event: 117.595 GC heap before
{Heap before GC invocations=76 (full 0):
 garbage-first heap   total 358400K, used 339907K [0x0000000080000000, 0x0000000100000000)
  region size 1024K, 177 young (181248K), 10 survivors (10240K)
 Metaspace       used 208800K, committed 211392K, reserved 1245184K
  class space    used 27309K, committed 28544K, reserved 1048576K
}
Event: 117.611 GC heap after
{Heap after GC invocations=77 (full 0):
 garbage-first heap   total 358400K, used 166938K [0x0000000080000000, 0x0000000100000000)
  region size 1024K, 12 young (12288K), 12 survivors (12288K)
 Metaspace       used 208800K, committed 211392K, reserved 1245184K
  class space    used 27309K, committed 28544K, reserved 1048576K
}
Event: 118.474 GC heap before
{Heap before GC invocations=77 (full 0):
 garbage-first heap   total 358400K, used 338970K [0x0000000080000000, 0x0000000100000000)
  region size 1024K, 180 young (184320K), 12 survivors (12288K)
 Metaspace       used 208800K, committed 211392K, reserved 1245184K
  class space    used 27309K, committed 28544K, reserved 1048576K
}
Event: 118.484 GC heap after
{Heap after GC invocations=78 (full 0):
 garbage-first heap   total 358400K, used 168474K [0x0000000080000000, 0x0000000100000000)
  region size 1024K, 14 young (14336K), 14 survivors (14336K)
 Metaspace       used 208800K, committed 211392K, reserved 1245184K
  class space    used 27309K, committed 28544K, reserved 1048576K
}
Event: 127.307 GC heap before
{Heap before GC invocations=79 (full 0):
 garbage-first heap   total 358400K, used 345626K [0x0000000080000000, 0x0000000100000000)
  region size 1024K, 180 young (184320K), 14 survivors (14336K)
 Metaspace       used 209932K, committed 212544K, reserved 1245184K
  class space    used 27470K, committed 28672K, reserved 1048576K
}
Event: 127.327 GC heap after
{Heap after GC invocations=80 (full 0):
 garbage-first heap   total 371712K, used 179100K [0x0000000080000000, 0x0000000100000000)
  region size 1024K, 23 young (23552K), 23 survivors (23552K)
 Metaspace       used 209932K, committed 212544K, reserved 1245184K
  class space    used 27470K, committed 28672K, reserved 1048576K
}
Event: 128.750 GC heap before
{Heap before GC invocations=80 (full 0):
 garbage-first heap   total 371712K, used 347036K [0x0000000080000000, 0x0000000100000000)
  region size 1024K, 188 young (192512K), 23 survivors (23552K)
 Metaspace       used 214493K, committed 217088K, reserved 1245184K
  class space    used 28150K, committed 29376K, reserved 1048576K
}
Event: 128.795 GC heap after
{Heap after GC invocations=81 (full 0):
 garbage-first heap   total 404480K, used 204427K [0x0000000080000000, 0x0000000100000000)
  region size 1024K, 24 young (24576K), 24 survivors (24576K)
 Metaspace       used 214493K, committed 217088K, reserved 1245184K
  class space    used 28150K, committed 29376K, reserved 1048576K
}
Event: 129.369 GC heap before
{Heap before GC invocations=81 (full 0):
 garbage-first heap   total 404480K, used 362123K [0x0000000080000000, 0x0000000100000000)
  region size 1024K, 179 young (183296K), 24 survivors (24576K)
 Metaspace       used 216400K, committed 219008K, reserved 1245184K
  class space    used 28489K, committed 29696K, reserved 1048576K
}
Event: 129.414 GC heap after
{Heap after GC invocations=82 (full 0):
 garbage-first heap   total 415744K, used 232379K [0x0000000080000000, 0x0000000100000000)
  region size 1024K, 23 young (23552K), 23 survivors (23552K)
 Metaspace       used 216400K, committed 219008K, reserved 1245184K
  class space    used 28489K, committed 29696K, reserved 1048576K
}
Event: 130.324 GC heap before
{Heap before GC invocations=83 (full 0):
 garbage-first heap   total 415744K, used 368571K [0x0000000080000000, 0x0000000100000000)
  region size 1024K, 157 young (160768K), 23 survivors (23552K)
 Metaspace       used 217770K, committed 220416K, reserved 1245184K
  class space    used 28685K, committed 29952K, reserved 1048576K
}
Event: 130.380 GC heap after
{Heap after GC invocations=84 (full 0):
 garbage-first heap   total 427008K, used 265728K [0x0000000080000000, 0x0000000100000000)
  region size 1024K, 20 young (20480K), 20 survivors (20480K)
 Metaspace       used 217770K, committed 220416K, reserved 1245184K
  class space    used 28685K, committed 29952K, reserved 1048576K
}
Event: 131.468 GC heap before
{Heap before GC invocations=84 (full 0):
 garbage-first heap   total 427008K, used 377344K [0x0000000080000000, 0x0000000100000000)
  region size 1024K, 129 young (132096K), 20 survivors (20480K)
 Metaspace       used 220105K, committed 222720K, reserved 1245184K
  class space    used 29071K, committed 30336K, reserved 1048576K
}
Event: 131.511 GC heap after
{Heap after GC invocations=85 (full 0):
 garbage-first heap   total 427008K, used 286720K [0x0000000080000000, 0x0000000100000000)
  region size 1024K, 17 young (17408K), 17 survivors (17408K)
 Metaspace       used 220105K, committed 222720K, reserved 1245184K
  class space    used 29071K, committed 30336K, reserved 1048576K
}
Event: 132.348 GC heap before
{Heap before GC invocations=85 (full 0):
 garbage-first heap   total 427008K, used 381952K [0x0000000080000000, 0x0000000100000000)
  region size 1024K, 111 young (113664K), 17 survivors (17408K)
 Metaspace       used 222391K, committed 224960K, reserved 1245184K
  class space    used 29438K, committed 30656K, reserved 1048576K
}

Dll operation events (3 events):
Event: 1.408 Loaded shared library D:\Andriod Studio\jbr\bin\java.dll
Event: 1.420 Loaded shared library D:\Andriod Studio\jbr\bin\zip.dll
Event: 3.255 Loaded shared library D:\Andriod Studio\jbr\bin\verify.dll

Deoptimization events (20 events):
Event: 132.119 Thread 0x0000021d4e707eb0 DEOPT PACKING pc=0x0000021d33b0b9ad sp=0x00000063e20f96d0
Event: 132.119 Thread 0x0000021d4e707eb0 DEOPT UNPACKING pc=0x0000021d37da4b42 sp=0x00000063e20f8df8 mode 0
Event: 132.212 Thread 0x0000021d4e707eb0 Uncommon trap: trap_request=0xffffff45 fr.pc=0x0000021d38e6d318 relative=0x00000000000000f8
Event: 132.212 Thread 0x0000021d4e707eb0 Uncommon trap: reason=unstable_if action=reinterpret pc=0x0000021d38e6d318 method=java.io.ObjectOutputStream$BlockDataOutputStream.writeShort(I)V @ 9 c2
Event: 132.212 Thread 0x0000021d4e707eb0 DEOPT PACKING pc=0x0000021d38e6d318 sp=0x00000063e20f9a20
Event: 132.212 Thread 0x0000021d4e707eb0 DEOPT UNPACKING pc=0x0000021d37da43a2 sp=0x00000063e20f9950 mode 2
Event: 132.213 Thread 0x0000021d4cae9260 DEOPT PACKING pc=0x0000021d33b0b98c sp=0x00000063e1bf9730
Event: 132.214 Thread 0x0000021d4cae9260 DEOPT UNPACKING pc=0x0000021d37da4b42 sp=0x00000063e1bf8e58 mode 0
Event: 132.238 Thread 0x0000021d4e707eb0 DEOPT PACKING pc=0x0000021d33b0b96b sp=0x00000063e20f98e0
Event: 132.238 Thread 0x0000021d4e707eb0 DEOPT UNPACKING pc=0x0000021d37da4b42 sp=0x00000063e20f9008 mode 0
Event: 132.303 Thread 0x0000021d4e707eb0 DEOPT PACKING pc=0x0000021d33b0b96b sp=0x00000063e20f98e0
Event: 132.303 Thread 0x0000021d4e707eb0 DEOPT UNPACKING pc=0x0000021d37da4b42 sp=0x00000063e20f9008 mode 0
Event: 132.305 Thread 0x0000021d4e707820 Uncommon trap: trap_request=0xffffffc6 fr.pc=0x0000021d38671480 relative=0x0000000000000340
Event: 132.305 Thread 0x0000021d4e707820 Uncommon trap: reason=bimorphic_or_optimized_type_check action=maybe_recompile pc=0x0000021d38671480 method=java.util.stream.StreamOpFlag.fromCharacteristics(Ljava/util/Spliterator;)I @ 14 c2
Event: 132.305 Thread 0x0000021d4e707820 DEOPT PACKING pc=0x0000021d38671480 sp=0x00000063e1ff9e90
Event: 132.305 Thread 0x0000021d4e707820 DEOPT UNPACKING pc=0x0000021d37da43a2 sp=0x00000063e1ff9d78 mode 2
Event: 132.305 Thread 0x0000021d4e704a30 Uncommon trap: trap_request=0xffffffc6 fr.pc=0x0000021d38671480 relative=0x0000000000000340
Event: 132.305 Thread 0x0000021d4e704a30 Uncommon trap: reason=bimorphic_or_optimized_type_check action=maybe_recompile pc=0x0000021d38671480 method=java.util.stream.StreamOpFlag.fromCharacteristics(Ljava/util/Spliterator;)I @ 14 c2
Event: 132.305 Thread 0x0000021d4e704a30 DEOPT PACKING pc=0x0000021d38671480 sp=0x00000063e21fa0d0
Event: 132.305 Thread 0x0000021d4e704a30 DEOPT UNPACKING pc=0x0000021d37da43a2 sp=0x00000063e21f9fb8 mode 2

Classes loaded (20 events):
Event: 113.518 Loading class java/util/zip/Deflater$DeflaterZStreamRef
Event: 113.519 Loading class java/util/zip/Deflater$DeflaterZStreamRef done
Event: 126.665 Loading class java/nio/file/Files$2
Event: 126.667 Loading class java/nio/file/Files$2 done
Event: 126.739 Loading class java/nio/file/FileTreeWalker$1
Event: 126.739 Loading class java/nio/file/FileTreeWalker$1 done
Event: 127.708 Loading class java/util/stream/IntPipeline$1
Event: 127.710 Loading class java/util/stream/IntPipeline$1 done
Event: 127.711 Loading class java/util/stream/IntPipeline$1$1
Event: 127.712 Loading class java/util/stream/Sink$ChainedInt
Event: 127.712 Loading class java/util/stream/Sink$ChainedInt done
Event: 127.713 Loading class java/util/stream/IntPipeline$1$1 done
Event: 128.506 Loading class java/util/concurrent/ConcurrentLinkedQueue$Itr
Event: 128.509 Loading class java/util/concurrent/ConcurrentLinkedQueue$Itr done
Event: 132.204 Loading class java/util/IdentityHashMap$EntrySpliterator
Event: 132.210 Loading class java/util/IdentityHashMap$IdentityHashMapSpliterator
Event: 132.210 Loading class java/util/IdentityHashMap$IdentityHashMapSpliterator done
Event: 132.210 Loading class java/util/IdentityHashMap$EntrySpliterator done
Event: 132.273 Loading class java/util/SortedSet$1
Event: 132.276 Loading class java/util/SortedSet$1 done

Classes unloaded (1 events):
Event: 112.242 Thread 0x0000021d49045120 Unloading class 0x0000000101a84c00 'java/lang/invoke/LambdaForm$DMH+0x0000000101a84c00'

Classes redefined (0 events):
No events

Internal exceptions (20 events):
Event: 132.306 Thread 0x0000021d4cae5750 Exception <a 'sun/nio/fs/WindowsException'{0x000000009242e8f8}> (0x000000009242e8f8) 
thrown [s\src\hotspot\share\prims\jni.cpp, line 537]
Event: 132.308 Thread 0x0000021d4e704a30 Exception <a 'sun/nio/fs/WindowsException'{0x0000000092848550}> (0x0000000092848550) 
thrown [s\src\hotspot\share\prims\jni.cpp, line 537]
Event: 132.308 Thread 0x0000021d4cae5750 Exception <a 'sun/nio/fs/WindowsException'{0x00000000923a95f0}> (0x00000000923a95f0) 
thrown [s\src\hotspot\share\prims\jni.cpp, line 537]
Event: 132.309 Thread 0x0000021d4cae5750 Exception <a 'sun/nio/fs/WindowsException'{0x00000000923b4310}> (0x00000000923b4310) 
thrown [s\src\hotspot\share\prims\jni.cpp, line 537]
Event: 132.309 Thread 0x0000021d4e704a30 Exception <a 'sun/nio/fs/WindowsException'{0x0000000092203aa0}> (0x0000000092203aa0) 
thrown [s\src\hotspot\share\prims\jni.cpp, line 537]
Event: 132.312 Thread 0x0000021d4cae5750 Exception <a 'sun/nio/fs/WindowsException'{0x00000000923bf3a0}> (0x00000000923bf3a0) 
thrown [s\src\hotspot\share\prims\jni.cpp, line 537]
Event: 132.312 Thread 0x0000021d4e707820 Exception <a 'sun/nio/fs/WindowsException'{0x000000009230ae80}> (0x000000009230ae80) 
thrown [s\src\hotspot\share\prims\jni.cpp, line 537]
Event: 132.315 Thread 0x0000021d4e707820 Exception <a 'sun/nio/fs/WindowsException'{0x0000000092316fc0}> (0x0000000092316fc0) 
thrown [s\src\hotspot\share\prims\jni.cpp, line 537]
Event: 132.318 Thread 0x0000021d4caea610 Exception <a 'sun/nio/fs/WindowsException'{0x000000009245ef08}> (0x000000009245ef08) 
thrown [s\src\hotspot\share\prims\jni.cpp, line 537]
Event: 132.321 Thread 0x0000021d4caea610 Exception <a 'sun/nio/fs/WindowsException'{0x0000000092163c58}> (0x0000000092163c58) 
thrown [s\src\hotspot\share\prims\jni.cpp, line 537]
Event: 132.322 Thread 0x0000021d4caea610 Exception <a 'sun/nio/fs/WindowsException'{0x0000000092171328}> (0x0000000092171328) 
thrown [s\src\hotspot\share\prims\jni.cpp, line 537]
Event: 132.324 Thread 0x0000021d4caea610 Exception <a 'sun/nio/fs/WindowsException'{0x00000000921adbc8}> (0x00000000921adbc8) 
thrown [s\src\hotspot\share\prims\jni.cpp, line 537]
Event: 132.327 Thread 0x0000021d4caea610 Exception <a 'sun/nio/fs/WindowsException'{0x00000000921b74d0}> (0x00000000921b74d0) 
thrown [s\src\hotspot\share\prims\jni.cpp, line 537]
Event: 132.331 Thread 0x0000021d4caea610 Exception <a 'sun/nio/fs/WindowsException'{0x00000000921c7c70}> (0x00000000921c7c70) 
thrown [s\src\hotspot\share\prims\jni.cpp, line 537]
Event: 132.333 Thread 0x0000021d4caea610 Exception <a 'sun/nio/fs/WindowsException'{0x00000000920e89e8}> (0x00000000920e89e8) 
thrown [s\src\hotspot\share\prims\jni.cpp, line 537]
Event: 132.335 Thread 0x0000021d4caea610 Exception <a 'sun/nio/fs/WindowsException'{0x00000000920f3650}> (0x00000000920f3650) 
thrown [s\src\hotspot\share\prims\jni.cpp, line 537]
Event: 132.338 Thread 0x0000021d4e707820 Exception <a 'sun/nio/fs/WindowsException'{0x000000009213d6d8}> (0x000000009213d6d8) 
thrown [s\src\hotspot\share\prims\jni.cpp, line 537]
Event: 132.340 Thread 0x0000021d4e704a30 Exception <a 'sun/nio/fs/WindowsException'{0x0000000092212980}> (0x0000000092212980) 
thrown [s\src\hotspot\share\prims\jni.cpp, line 537]
Event: 132.341 Thread 0x0000021d4caea610 Exception <a 'sun/nio/fs/WindowsException'{0x0000000091d00b00}> (0x0000000091d00b00) 
thrown [s\src\hotspot\share\prims\jni.cpp, line 537]
Event: 132.342 Thread 0x0000021d5e0ba030 Exception <a 'sun/nio/fs/WindowsException'{0x0000000092caa200}> (0x0000000092caa200) 
thrown [s\src\hotspot\share\prims\jni.cpp, line 537]

ZGC Phase Switch (0 events):
No events

VM Operations (20 events):
Event: 130.460 Executing non-safepoint VM operation: HandshakeAllThreads (Deoptimize) done
Event: 130.940 Executing non-safepoint VM operation: HandshakeAllThreads (Deoptimize)
Event: 130.942 Executing non-safepoint VM operation: HandshakeAllThreads (Deoptimize) done
Event: 130.992 Executing non-safepoint VM operation: HandshakeAllThreads (Deoptimize)
Event: 130.996 Executing non-safepoint VM operation: HandshakeAllThreads (Deoptimize) done
Event: 131.435 Executing non-safepoint VM operation: HandshakeAllThreads (Deoptimize)
Event: 131.467 Executing non-safepoint VM operation: HandshakeAllThreads (Deoptimize) done
Event: 131.467 Executing safepoint VM operation: Cleanup
Event: 131.468 Executing safepoint VM operation: Cleanup done
Event: 131.468 Executing safepoint VM operation: G1CollectForAllocation (G1 Evacuation Pause)
Event: 131.511 Executing safepoint VM operation: G1CollectForAllocation (G1 Evacuation Pause) done
Event: 131.605 Executing non-safepoint VM operation: HandshakeAllThreads (Deoptimize)
Event: 131.612 Executing non-safepoint VM operation: HandshakeAllThreads (Deoptimize) done
Event: 131.624 Executing non-safepoint VM operation: HandshakeAllThreads (Deoptimize)
Event: 131.625 Executing non-safepoint VM operation: HandshakeAllThreads (Deoptimize) done
Event: 132.287 Executing non-safepoint VM operation: HandshakeAllThreads (Deoptimize)
Event: 132.304 Executing non-safepoint VM operation: HandshakeAllThreads (Deoptimize) done
Event: 132.346 Executing safepoint VM operation: ICBufferFull
Event: 132.346 Executing safepoint VM operation: ICBufferFull done
Event: 132.348 Executing safepoint VM operation: G1CollectForAllocation (G1 Evacuation Pause)

Memory protections (0 events):
No events

Nmethod flushes (20 events):
Event: 129.637 Thread 0x0000021d49045120 flushing  nmethod 0x0000021d3249b210
Event: 129.637 Thread 0x0000021d49045120 flushing  nmethod 0x0000021d33193210
Event: 129.637 Thread 0x0000021d49045120 flushing  nmethod 0x0000021d332cd010
Event: 129.637 Thread 0x0000021d49045120 flushing  nmethod 0x0000021d30953990
Event: 129.637 Thread 0x0000021d49045120 flushing  nmethod 0x0000021d30a6e810
Event: 129.637 Thread 0x0000021d49045120 flushing  nmethod 0x0000021d30b46910
Event: 129.637 Thread 0x0000021d49045120 flushing  nmethod 0x0000021d30cbc690
Event: 129.637 Thread 0x0000021d49045120 flushing  nmethod 0x0000021d30cede10
Event: 129.637 Thread 0x0000021d49045120 flushing  nmethod 0x0000021d31248b90
Event: 129.637 Thread 0x0000021d49045120 flushing  nmethod 0x0000021d3124b290
Event: 129.637 Thread 0x0000021d49045120 flushing  nmethod 0x0000021d314aba10
Event: 129.637 Thread 0x0000021d49045120 flushing  nmethod 0x0000021d314b4090
Event: 129.637 Thread 0x0000021d49045120 flushing  nmethod 0x0000021d31527990
Event: 129.637 Thread 0x0000021d49045120 flushing  nmethod 0x0000021d30fd4f10
Event: 129.637 Thread 0x0000021d49045120 flushing  nmethod 0x0000021d315f6190
Event: 129.637 Thread 0x0000021d49045120 flushing  nmethod 0x0000021d3170d890
Event: 129.637 Thread 0x0000021d49045120 flushing  nmethod 0x0000021d3256d790
Event: 129.637 Thread 0x0000021d49045120 flushing  nmethod 0x0000021d32b9a090
Event: 129.637 Thread 0x0000021d49045120 flushing  nmethod 0x0000021d32b9b990
Event: 129.637 Thread 0x0000021d49045120 flushing  nmethod 0x0000021d33253110

Events (20 events):
Event: 101.753 Thread 0x0000021d490e3d10 Thread added: 0x0000021d5e558b90
Event: 104.783 Thread 0x0000021d6b5dfd20 Thread added: 0x0000021d5e001480
Event: 104.790 Thread 0x0000021d6b5dfd20 Thread added: 0x0000021d5e003550
Event: 104.800 Thread 0x0000021d6b5dfd20 Thread added: 0x0000021d5e002ec0
Event: 104.826 Thread 0x0000021d6b5dfd20 Thread added: 0x0000021d5e000760
Event: 104.892 Thread 0x0000021d6b5dfd20 Thread added: 0x0000021d5e000df0
Event: 104.911 Thread 0x0000021d6b5dfd20 Thread added: 0x0000021d5e007060
Event: 104.917 Thread 0x0000021d6b5dfd20 Thread added: 0x0000021d5e006340
Event: 106.012 Thread 0x0000021d5e558b90 Thread exited: 0x0000021d5e558b90
Event: 106.502 Thread 0x0000021d490e3d10 Thread added: 0x0000021d5e557050
Event: 110.886 Thread 0x0000021d5e557050 Thread exited: 0x0000021d5e557050
Event: 113.542 Thread 0x0000021d490e3d10 Thread added: 0x0000021d5e557df0
Event: 115.290 Thread 0x0000021d5e557df0 Thread exited: 0x0000021d5e557df0
Event: 115.570 Thread 0x0000021d490e3d10 Thread added: 0x0000021d5e55a000
Event: 118.907 Thread 0x0000021d5e55a000 Thread exited: 0x0000021d5e55a000
Event: 125.854 Thread 0x0000021d490e3d10 Thread added: 0x0000021d6c1654e0
Event: 125.866 Thread 0x0000021d6b5e03b0 Thread added: 0x0000021d5e4f25b0
Event: 127.139 Thread 0x0000021d6c1654e0 Thread exited: 0x0000021d6c1654e0
Event: 127.870 Thread 0x0000021d5e000760 Thread exited: 0x0000021d5e000760
Event: 128.363 Thread 0x0000021d490e3d10 Thread added: 0x0000021d5e55bb40


Dynamic libraries:
0x00007ff6a15a0000 - 0x00007ff6a15aa000 	D:\Andriod Studio\jbr\bin\java.exe
0x00007fff8de20000 - 0x00007fff8e086000 	C:\windows\SYSTEM32\ntdll.dll
0x00007fff8c9f0000 - 0x00007fff8cab9000 	C:\windows\System32\KERNEL32.DLL
0x00007fff8b550000 - 0x00007fff8b94f000 	C:\windows\System32\KERNELBASE.dll
0x00007fff8b280000 - 0x00007fff8b3cc000 	C:\windows\System32\ucrtbase.dll
0x00007fff85ce0000 - 0x00007fff85cf8000 	D:\Andriod Studio\jbr\bin\jli.dll
0x00007ffee0610000 - 0x00007ffee062b000 	D:\Andriod Studio\jbr\bin\VCRUNTIME140.dll
0x00007fff8c820000 - 0x00007fff8c9e6000 	C:\windows\System32\USER32.dll
0x00007fff8b520000 - 0x00007fff8b547000 	C:\windows\System32\win32u.dll
0x00007fff8d780000 - 0x00007fff8d7ab000 	C:\windows\System32\GDI32.dll
0x00007fff73150000 - 0x00007fff733e1000 	C:\windows\WinSxS\amd64_microsoft.windows.common-controls_6595b64144ccf1df_6.0.26100.8972_none_3e0da176e32f9d4b\COMCTL32.dll
0x00007fff8dc50000 - 0x00007fff8dcf9000 	C:\windows\System32\msvcrt.dll
0x00007fff8ba20000 - 0x00007fff8bb49000 	C:\windows\System32\gdi32full.dll
0x00007fff8b3e0000 - 0x00007fff8b483000 	C:\windows\System32\msvcp_win.dll
0x00007fff8d740000 - 0x00007fff8d772000 	C:\windows\System32\IMM32.DLL
0x00007ffee0600000 - 0x00007ffee060c000 	D:\Andriod Studio\jbr\bin\vcruntime140_1.dll
0x00007fff68710000 - 0x00007fff6879d000 	D:\Andriod Studio\jbr\bin\msvcp140.dll
0x00007ffee0db0000 - 0x00007ffee1a46000 	D:\Andriod Studio\jbr\bin\server\jvm.dll
0x00007fff8d7b0000 - 0x00007fff8d86c000 	C:\windows\System32\ADVAPI32.dll
0x00007fff8dd00000 - 0x00007fff8ddaa000 	C:\windows\System32\sechost.dll
0x00007fff8cac0000 - 0x00007fff8cbd8000 	C:\windows\System32\RPCRT4.dll
0x00007fff8d880000 - 0x00007fff8d902000 	C:\windows\System32\WS2_32.dll
0x00007fff8ae90000 - 0x00007fff8aeee000 	C:\windows\SYSTEM32\POWRPROF.dll
0x00007fff7fff0000 - 0x00007fff80026000 	C:\windows\SYSTEM32\WINMM.dll
0x00007fff7ea80000 - 0x00007fff7ea8b000 	C:\windows\SYSTEM32\VERSION.dll
0x00007fff8ae70000 - 0x00007fff8ae85000 	C:\windows\SYSTEM32\UMPDC.dll
0x00007fff89d20000 - 0x00007fff89d3b000 	C:\windows\SYSTEM32\kernel.appcore.dll
0x00007ffee05f0000 - 0x00007ffee05fa000 	D:\Andriod Studio\jbr\bin\jimage.dll
0x00007fff7d400000 - 0x00007fff7d642000 	C:\windows\SYSTEM32\DBGHELP.DLL
0x00007fff8c3a0000 - 0x00007fff8c725000 	C:\windows\System32\combase.dll
0x00007fff8d2a0000 - 0x00007fff8d379000 	C:\windows\System32\OLEAUT32.dll
0x00007fff687a0000 - 0x00007fff687db000 	C:\windows\SYSTEM32\dbgcore.DLL
0x00007fff8b960000 - 0x00007fff8ba0c000 	C:\windows\System32\bcryptPrimitives.dll
0x00007fff809e0000 - 0x00007fff809ee000 	D:\Andriod Studio\jbr\bin\instrument.dll
0x00007ffee05d0000 - 0x00007ffee05f0000 	D:\Andriod Studio\jbr\bin\java.dll
0x00007ffee05b0000 - 0x00007ffee05c8000 	D:\Andriod Studio\jbr\bin\zip.dll
0x00007fff8bb70000 - 0x00007fff8c2f8000 	C:\windows\System32\SHELL32.dll
0x00007fff88ac0000 - 0x00007fff8935b000 	C:\windows\SYSTEM32\windows.storage.dll
0x00007fff8d400000 - 0x00007fff8d4f9000 	C:\windows\System32\SHCORE.dll
0x00007fff8dac0000 - 0x00007fff8db26000 	C:\windows\System32\shlwapi.dll
0x00007fff8af50000 - 0x00007fff8af79000 	C:\windows\SYSTEM32\profapi.dll
0x00007ffee05a0000 - 0x00007ffee05b0000 	D:\Andriod Studio\jbr\bin\net.dll
0x00007fff7f720000 - 0x00007fff7f848000 	C:\windows\SYSTEM32\WINHTTP.dll
0x00007fff8a2d0000 - 0x00007fff8a33c000 	C:\windows\system32\mswsock.dll
0x00007ffee0490000 - 0x00007ffee04a6000 	D:\Andriod Studio\jbr\bin\nio.dll
0x00007fff85ff0000 - 0x00007fff86000000 	D:\Andriod Studio\jbr\bin\verify.dll
0x00007fff87f10000 - 0x00007fff87f37000 	C:\Users\ELCOT\.gradle\native\660c5614fbf4a5f2a75b1949f50a0caf5cd603558e7d8a26e50b933a0cfb79d1\windows-amd64\native-platform.dll
0x00007fff6acf0000 - 0x00007fff6ad67000 	C:\Users\ELCOT\.gradle\native\0.2.8\x86_64-windows-gnu\gradle-fileevents.dll
0x00007ffedffb0000 - 0x00007ffedffb9000 	D:\Andriod Studio\jbr\bin\management.dll
0x00007ffedffa0000 - 0x00007ffedffab000 	D:\Andriod Studio\jbr\bin\management_ext.dll
0x00007fff8d500000 - 0x00007fff8d508000 	C:\windows\System32\PSAPI.DLL
0x00007fff896b0000 - 0x00007fff896e3000 	C:\windows\SYSTEM32\IPHLPAPI.DLL
0x00007fff8d910000 - 0x00007fff8d91a000 	C:\windows\System32\NSI.dll
0x00007ffee01a0000 - 0x00007ffee01a9000 	D:\Andriod Studio\jbr\bin\extnet.dll
0x00007fff8a5c0000 - 0x00007fff8a5db000 	C:\windows\SYSTEM32\CRYPTSP.dll
0x00007fff89c80000 - 0x00007fff89cb9000 	C:\windows\system32\rsaenh.dll
0x00007fff8a380000 - 0x00007fff8a3b2000 	C:\windows\SYSTEM32\USERENV.dll
0x00007fff8af20000 - 0x00007fff8af4a000 	C:\windows\SYSTEM32\bcrypt.dll
0x00007fff8a5e0000 - 0x00007fff8a5ec000 	C:\windows\SYSTEM32\CRYPTBASE.dll
0x00007fff1ec60000 - 0x00007fff1ec68000 	C:\windows\system32\wshunix.dll
0x00007fff2c180000 - 0x00007fff2c198000 	C:\windows\system32\napinsp.dll
0x00007fff896f0000 - 0x00007fff89848000 	C:\windows\SYSTEM32\DNSAPI.dll
0x00007fff8a0d0000 - 0x00007fff8a0dd000 	C:\windows\SYSTEM32\DSPARSE.dll
0x00007fff26c90000 - 0x00007fff26ca3000 	C:\windows\System32\winrnr.dll
0x00007fff7ee90000 - 0x00007fff7eeb2000 	C:\windows\system32\nlansp_c.dll
0x00007fff54730000 - 0x00007fff54746000 	C:\windows\system32\wshbth.dll
0x00007fff7fbd0000 - 0x00007fff7fbdb000 	C:\Windows\System32\rasadhlp.dll
0x00007fff84d50000 - 0x00007fff84dd6000 	C:\windows\System32\fwpuclnt.dll
0x00007fff89e50000 - 0x00007fff89e86000 	C:\windows\SYSTEM32\ntmarta.dll

JVMTI agents:
C:\Users\ELCOT\.gradle\wrapper\dists\gradle-9.4.1-bin\arn2x92ynaizyzdaamcbpbhtj\gradle-9.4.1\lib\agents\gradle-instrumentation-agent-9.4.1.jar path:D:\Andriod Studio\jbr\bin\instrument.dll, loaded, initialized, instrumentlib options:none

dbghelp: loaded successfully - version: 4.0.5 - missing functions: none
symbol engine: initialized successfully - sym options: 0x614 - pdb path: .;D:\Andriod Studio\jbr\bin;C:\windows\SYSTEM32;C:\windows\WinSxS\amd64_microsoft.windows.common-controls_6595b64144ccf1df_6.0.26100.8972_none_3e0da176e32f9d4b;D:\Andriod Studio\jbr\bin\server;C:\Users\ELCOT\.gradle\native\660c5614fbf4a5f2a75b1949f50a0caf5cd603558e7d8a26e50b933a0cfb79d1\windows-amd64;C:\Users\ELCOT\.gradle\native\0.2.8\x86_64-windows-gnu

VM Arguments:
jvm_args: --add-opens=java.base/java.lang=ALL-UNNAMED --add-opens=java.base/java.lang.invoke=ALL-UNNAMED --add-opens=java.base/java.util=ALL-UNNAMED --add-opens=java.prefs/java.util.prefs=ALL-UNNAMED --add-exports=jdk.compiler/com.sun.tools.javac.api=ALL-UNNAMED --add-exports=jdk.compiler/com.sun.tools.javac.util=ALL-UNNAMED --add-opens=java.base/java.util=ALL-UNNAMED --add-opens=java.prefs/java.util.prefs=ALL-UNNAMED --add-opens=java.base/java.nio.charset=ALL-UNNAMED --add-opens=java.base/java.net=ALL-UNNAMED --add-opens=java.base/java.util.concurrent=ALL-UNNAMED --add-opens=java.base/java.util.concurrent.atomic=ALL-UNNAMED --add-opens=java.xml/javax.xml.namespace=ALL-UNNAMED --add-opens=java.base/java.time=ALL-UNNAMED -Xmx2048m -Dfile.encoding=UTF-8 -Duser.country=IN -Duser.language=en -Duser.variant -javaagent:C:\Users\ELCOT\.gradle\wrapper\dists\gradle-9.4.1-bin\arn2x92ynaizyzdaamcbpbhtj\gradle-9.4.1\lib\agents\gradle-instrumentation-agent-9.4.1.jar 
java_command: org.gradle.launcher.daemon.bootstrap.GradleDaemon 9.4.1
java_class_path (initial): C:\Users\ELCOT\.gradle\wrapper\dists\gradle-9.4.1-bin\arn2x92ynaizyzdaamcbpbhtj\gradle-9.4.1\lib\gradle-daemon-main-9.4.1.jar
Launcher Type: SUN_STANDARD

[Global flags]
     intx CICompilerCount                          = 4                                         {product} {ergonomic}
     uint ConcGCThreads                            = 2                                         {product} {ergonomic}
     uint G1ConcRefinementThreads                  = 8                                         {product} {ergonomic}
   size_t G1HeapRegionSize                         = 1048576                                   {product} {ergonomic}
    uintx GCDrainStackTargetSize                   = 64                                        {product} {ergonomic}
   size_t InitialHeapSize                          = 121634816                                 {product} {ergonomic}
   size_t MarkStackSize                            = 4194304                                   {product} {ergonomic}
   size_t MaxHeapSize                              = 2147483648                                {product} {command line}
   size_t MaxNewSize                               = 1287651328                                {product} {ergonomic}
   size_t MinHeapDeltaBytes                        = 1048576                                   {product} {ergonomic}
   size_t MinHeapSize                              = 8388608                                   {product} {ergonomic}
    uintx NonNMethodCodeHeapSize                   = 5839372                                {pd product} {ergonomic}
    uintx NonProfiledCodeHeapSize                  = 122909434                              {pd product} {ergonomic}
    uintx ProfiledCodeHeapSize                     = 122909434                              {pd product} {ergonomic}
    uintx ReservedCodeCacheSize                    = 251658240                              {pd product} {ergonomic}
     bool SegmentedCodeCache                       = true                                      {product} {ergonomic}
   size_t SoftMaxHeapSize                          = 2147483648                             {manageable} {ergonomic}
     bool UseCompressedOops                        = true                           {product lp64_product} {ergonomic}
     bool UseG1GC                                  = true                                      {product} {ergonomic}
     bool UseLargePagesIndividualAllocation        = false                                  {pd product} {ergonomic}

Logging:
Log output configuration:
 #0: stdout all=warning uptime,level,tags foldmultilines=false
 #1: stderr all=off uptime,level,tags foldmultilines=false

Release file:
JAVA_VERSION="21.0.10" 
MODULES="java.base java.compiler java.datatransfer java.xml java.prefs java.desktop java.instrument java.logging java.management java.security.sasl java.naming java.rmi java.management.rmi java.net.http java.scripting java.security.jgss java.transaction.xa java.sql java.sql.rowset java.xml.crypto java.se java.smartcardio jdk.accessibility jdk.internal.jvmstat jdk.attach jdk.charsets jdk.internal.opt jdk.zipfs jdk.compiler jdk.crypto.ec jdk.crypto.cryptoki jdk.dynalink jdk.hotspot.agent jdk.httpserver jdk.internal.ed jdk.internal.le jdk.internal.vm.ci jdk.jartool jdk.javadoc jdk.jcmd jdk.jdeps jdk.jdwp.agent jdk.jdi jdk.jfr jdk.jlink jdk.jsobject jdk.localedata jdk.management jdk.management.agent jdk.management.jfr jdk.naming.dns jdk.naming.rmi jdk.net jdk.sctp jdk.security.auth jdk.security.jgss jdk.unsupported jdk.unsupported.desktop jdk.xml.dom" 
IMPLEMENTOR="JetBrains s.r.o." 
JAVA_RUNTIME_VERSION="21.0.10+-14961533-b1163.108" 
LIBC="default" 
OS_ARCH="x86_64" 
OS_NAME="Windows" 
SOURCE=".:git:1351622c2ff2" 

Environment Variables:
PATH=C:\windows\system32;C:\windows;C:\windows\System32\Wbem;C:\windows\System32\WindowsPowerShell\v1.0\;C:\windows\System32\OpenSSH\;C:\Program Files\Git\cmd;C:\Program Files\Docker\Docker\resources\bin;C:\Users\ELCOT\AppData\Local\Programs\Python\Python311\Scripts\;C:\Users\ELCOT\AppData\Local\Programs\Python\Python311\;C:\Users\ELCOT\AppData\Local\Microsoft\WindowsApps;C:\Users\ELCOT\AppData\Local\Programs\Microsoft VS Code\bin;C:\Users\ELCOT\AppData\Local\Programs\Antigravity\bin;D:\Antigravity IDE\bin;C:\Users\ELCOT\AppData\Local\Programs\Antigravity IDE\bin
USERNAME=ELCOT
OS=Windows_NT
PROCESSOR_IDENTIFIER=AMD64 Family 23 Model 160 Stepping 0, AuthenticAMD
TMP=C:\Users\ELCOT\AppData\Local\Temp
TEMP=C:\Users\ELCOT\AppData\Local\Temp




Periodic native trim disabled

JNI global refs:
JNI global refs: 30, weak refs: 89

JNI global refs memory usage: 835, weak refs: 1465

Process memory usage:
Resident Set Size: 623232K (8% of 7590704K total physical memory with 486924K free physical memory)

OOME stack traces (most recent first):
Classloader memory used:
Loader org.gradle.internal.classloader.VisitableURLClassLoader                         : 116M
Loader org.gradle.internal.classloader.VisitableURLClassLoader$InstrumentingVisitableURLClassLoader: 51520K
Loader bootstrap                                                                       : 35936K
Loader org.gradle.initialization.MixInLegacyTypesClassLoader                           : 13609K
Loader jdk.internal.loader.ClassLoaders$PlatformClassLoader                            : 545K
Loader jdk.internal.reflect.DelegatingClassLoader                                      : 501K
Loader jdk.internal.jrtfs.JrtFileSystemProvider$JrtFsLoader                            : 340K
Loader org.gradle.internal.classloader.VisitableURLClassLoader                         : 271K
Loader jdk.internal.loader.ClassLoaders$AppClassLoader                                 : 195K
Loader org.gradle.groovy.scripts.internal.DefaultScriptCompilationHandler$ScriptClassLoader: 160K

Classes loaded by more than one classloader:
Class Program                                                                         : loaded 5 times (x 72B)
Class Build_gradle                                                                    : loaded 3 times (x 126B)
Class com.google.common.base.PairwiseEquivalence                                      : loaded 2 times (x 83B)
Class com.google.common.collect.RegularImmutableMap$KeySet                            : loaded 2 times (x 150B)
Class org.gradle.internal.classloader.FilteringClassLoader                            : loaded 2 times (x 105B)
Class [Lcom.google.common.collect.MapMakerInternalMap$Segment;                        : loaded 2 times (x 69B)
Class com.google.common.io.FileWriteMode                                              : loaded 2 times (x 79B)
Class [Lcom.google.common.base.AbstractIterator$State;                                : loaded 2 times (x 69B)
Class com.google.common.base.CharMatcher$IsEither                                     : loaded 2 times (x 111B)
Class jdk.internal.jimage.BasicImageReader                                            : loaded 2 times (x 95B)
Class org.gradle.internal.classloader.ClassLoaderHierarchy                            : loaded 2 times (x 70B)
Class com.google.common.collect.AbstractMapBasedMultimap$WrappedCollection            : loaded 2 times (x 124B)
Class com.google.common.collect.ImmutableEnumSet                                      : loaded 2 times (x 146B)
Class com.google.common.util.concurrent.ExecutionError                                : loaded 2 times (x 82B)
Class com.google.common.collect.ImmutableList$1                                       : loaded 2 times (x 97B)
Class com.google.common.io.ByteArrayDataOutput                                        : loaded 2 times (x 70B)
Class com.google.common.collect.RegularImmutableMap                                   : loaded 2 times (x 121B)
Class com.google.common.collect.ImmutableMap$MapViewOfValuesAsSingletonSets           : loaded 2 times (x 125B)
Class com.google.common.collect.TransformedListIterator                               : loaded 2 times (x 93B)
Class [Lorg.objectweb.asm.Symbol;                                                     : loaded 2 times (x 69B)
Class org.objectweb.asm.ClassVisitor                                                  : loaded 2 times (x 88B)
Class com.google.common.collect.UnmodifiableListIterator                              : loaded 2 times (x 95B)
Class jdk.internal.jimage.decompressor.StringSharingDecompressorFactory               : loaded 2 times (x 74B)
Class com.google.common.collect.MapMakerInternalMap$StrongKeyDummyValueEntry$LinkedStrongKeyDummyValueEntry: loaded 2 times (x 82B)
Class com.google.common.collect.MapMakerInternalMap$Strength                          : loaded 2 times (x 80B)
Class org.objectweb.asm.MethodTooLargeException                                       : loaded 2 times (x 83B)
Class [Lcom.google.common.cache.CacheBuilder$OneWeigher;                              : loaded 2 times (x 69B)
Class com.google.common.base.Suppliers                                                : loaded 2 times (x 71B)
Class com.google.common.base.Platform$JdkPatternCompiler                              : loaded 2 times (x 75B)
Class org.gradle.internal.classloader.DefaultClassLoaderFactory                       : loaded 2 times (x 82B)
Class org.jetbrains.kotlin.config.LanguageVersionSettings                             : loaded 2 times (x 70B)
Class com.google.common.base.CharMatcher$None                                         : loaded 2 times (x 112B)
Class org.gradle.internal.classloader.ClassLoaderVisitor                              : loaded 2 times (x 76B)
Class [Lcom.google.common.collect.ImmutableMapEntry;                                  : loaded 2 times (x 69B)
Class [Lorg.jetbrains.kotlin.config.LanguageOrApiVersion;                             : loaded 2 times (x 69B)
Class com.google.common.collect.ImmutableRangeSet                                     : loaded 2 times (x 115B)
Class com.google.common.collect.ImmutableEnumMap                                      : loaded 2 times (x 125B)
Class com.google.common.collect.ListMultimap                                          : loaded 2 times (x 70B)
Class ijJvmDebugger1_6exoogiqucn4ifsb74qw96f7m$_run_closure1                          : loaded 2 times (x 139B)
Class com.google.common.collect.Iterators$EmptyModifiableIterator                     : loaded 2 times (x 86B)
Class com.google.common.collect.Sets$1                                                : loaded 2 times (x 139B)
Class org.objectweb.asm.AnnotationVisitor                                             : loaded 2 times (x 78B)
Class com.google.common.base.Splitter                                                 : loaded 2 times (x 72B)
Class org.gradle.api.internal.DefaultClassPathProvider                                : loaded 2 times (x 76B)
Class com.google.common.collect.MapMakerInternalMap$Strength$1                        : loaded 2 times (x 80B)
Class com.google.common.collect.Maps$ViewCachingAbstractMap                           : loaded 2 times (x 125B)
Class com.google.common.collect.Sets$2                                                : loaded 2 times (x 139B)
Class [Lorg.gradle.api.internal.ClassPathProvider;                                    : loaded 2 times (x 69B)
Class org.gradle.api.internal.ClassPathProvider                                       : loaded 2 times (x 70B)
Class com.google.common.collect.MapMakerInternalMap$Strength$2                        : loaded 2 times (x 80B)
Class org.jetbrains.kotlin.config.LanguageVersion$Companion                           : loaded 2 times (x 71B)
Class [Lorg.objectweb.asm.AnnotationVisitor;                                          : loaded 2 times (x 69B)
Class com.google.common.collect.Sets$3                                                : loaded 2 times (x 139B)
Class com.google.common.cache.LocalCache$LocalLoadingCache                            : loaded 2 times (x 134B)
Class com.google.common.base.AbstractIterator$State                                   : loaded 2 times (x 79B)
Class org.gradle.internal.service.UnknownServiceException                             : loaded 2 times (x 83B)
Class com.google.common.collect.MapMakerInternalMap$StrongValueEntry                  : loaded 2 times (x 70B)
Class com.google.common.io.ByteArrayDataInput                                         : loaded 2 times (x 70B)
Class com.google.common.collect.Sets$4                                                : loaded 2 times (x 139B)
Class org.objectweb.asm.ModuleVisitor                                                 : loaded 2 times (x 81B)
Class com.google.common.cache.LocalCache$Strength$1                                   : loaded 2 times (x 81B)
Class com.google.common.util.concurrent.SettableFuture                                : loaded 2 times (x 114B)
Class com.google.common.cache.LocalCache$Strength$2                                   : loaded 2 times (x 81B)
Class com.google.common.collect.Interners$InternerImpl                                : loaded 2 times (x 75B)
Class com.google.common.collect.Interner                                              : loaded 2 times (x 70B)
Class com.google.common.collect.TransformedIterator                                   : loaded 2 times (x 80B)
Class com.google.common.io.ByteStreams                                                : loaded 2 times (x 71B)
Class com.google.common.cache.LocalCache$Strength$3                                   : loaded 2 times (x 81B)
Class com.google.common.collect.MapDifference                                         : loaded 2 times (x 70B)
Class com.google.common.base.Splitter$1                                               : loaded 2 times (x 77B)
Class com.google.common.collect.MapMaker$Dummy                                        : loaded 2 times (x 79B)
Class org.objectweb.asm.FieldWriter                                                   : loaded 2 times (x 78B)
Class com.google.common.cache.CacheBuilder$NullListener                               : loaded 2 times (x 82B)
Class org.gradle.internal.classpath.TransformedClassPath                              : loaded 2 times (x 96B)
Class org.gradle.internal.classloader.InstrumentingClassLoader                        : loaded 2 times (x 70B)
Class com.google.common.collect.ImmutableListMultimap                                 : loaded 2 times (x 176B)
Class com.google.common.collect.ImmutableRangeSet$AsSet                               : loaded 2 times (x 299B)
Class com.google.common.cache.CacheLoader$FunctionToCacheLoader                       : loaded 2 times (x 75B)
Class com.google.common.collect.Iterators$ArrayItr                                    : loaded 2 times (x 97B)
Class com.google.common.collect.ImmutableCollection$Builder                           : loaded 2 times (x 76B)
Class com.google.common.base.Equivalence$Identity                                     : loaded 2 times (x 82B)
Class com.google.common.collect.EmptyImmutableListMultimap                            : loaded 2 times (x 176B)
Class com.google.common.collect.BaseImmutableMultimap                                 : loaded 2 times (x 123B)
Class com.google.common.base.Joiner                                                   : loaded 2 times (x 79B)
Class com.google.common.base.MoreObjects                                              : loaded 2 times (x 71B)
Class [Lorg.objectweb.asm.Attribute;                                                  : loaded 2 times (x 69B)
Class org.jetbrains.kotlin.config.LanguageOrApiVersion                                : loaded 2 times (x 70B)
Class [Lorg.objectweb.asm.Type;                                                       : loaded 2 times (x 69B)
Class com.google.common.collect.Platform                                              : loaded 2 times (x 71B)
Class com.google.common.collect.UnmodifiableIterator                                  : loaded 2 times (x 80B)
Class org.gradle.internal.service.ServiceLocator                                      : loaded 2 times (x 70B)
Class com.google.common.base.Ascii                                                    : loaded 2 times (x 71B)
Class com.google.common.collect.SingletonImmutableBiMap                               : loaded 2 times (x 143B)
Class com.google.common.cache.LocalCache$1                                            : loaded 2 times (x 89B)
Class com.google.common.collect.AbstractMapEntry                                      : loaded 2 times (x 81B)
Class jdk.internal.jrtfs.JrtFileSystemProvider                                        : loaded 2 times (x 101B)
Class ijKotlinCoroutineJvmDebugInit1_522lvnjp0jm881vnayjmxv074                        : loaded 2 times (x 171B)
Class com.google.common.collect.MapMakerInternalMap$AbstractStrongKeyEntry            : loaded 2 times (x 80B)
Class com.google.common.collect.Sets$ImprovedAbstractSet                              : loaded 2 times (x 135B)
Class com.google.common.collect.ImmutableList$Builder                                 : loaded 2 times (x 77B)
Class com.google.common.cache.LocalCache$2                                            : loaded 2 times (x 142B)
Class com.google.common.collect.AbstractMultimap                                      : loaded 2 times (x 123B)
Class org.jetbrains.kotlin.config.MavenComparableVersion$IntegerItem                  : loaded 2 times (x 80B)
Class com.google.common.collect.ImmutableRangeSet$1                                   : loaded 2 times (x 209B)
Class com.google.common.collect.RegularImmutableAsList                                : loaded 2 times (x 216B)
Class com.google.common.base.Optional                                                 : loaded 2 times (x 80B)
Class com.google.common.collect.Range                                                 : loaded 2 times (x 87B)
Class com.google.common.util.concurrent.AbstractFuture$Trusted                        : loaded 2 times (x 70B)
Class com.google.common.collect.Iterators                                             : loaded 2 times (x 71B)
Class com.google.common.io.ByteSink$AsCharSink                                        : loaded 2 times (x 80B)
Class com.google.common.util.concurrent.UncheckedExecutionException                   : loaded 2 times (x 82B)
Class com.google.common.collect.Lists$StringAsImmutableList                           : loaded 2 times (x 207B)
Class org.gradle.kotlin.dsl.VersionCatalogAccessorsKt                                 : loaded 2 times (x 71B)
Class jdk.internal.jimage.ImageLocation                                               : loaded 2 times (x 90B)
Class org.jetbrains.kotlin.config.MavenComparableVersion                              : loaded 2 times (x 78B)
Class com.google.common.collect.AbstractMapBasedMultimap$KeySet$1                     : loaded 2 times (x 82B)
Class org.objectweb.asm.ClassWriter                                                   : loaded 2 times (x 106B)
Class com.google.common.cache.CacheLoader$UnsupportedLoadingOperationException        : loaded 2 times (x 82B)
Class com.google.common.base.CharMatcher$And                                          : loaded 2 times (x 112B)
Class jdk.internal.jimage.ImageBufferCache$1                                          : loaded 2 times (x 83B)
Class com.google.common.base.Objects                                                  : loaded 2 times (x 71B)
Class org.objectweb.asm.FieldVisitor                                                  : loaded 2 times (x 77B)
Class com.google.common.collect.IndexedImmutableSet                                   : loaded 2 times (x 150B)
Class com.google.common.collect.ImmutableMap$1                                        : loaded 2 times (x 81B)
Class com.google.common.collect.BiMap                                                 : loaded 2 times (x 70B)
Class jdk.internal.jimage.ImageBufferCache$2                                          : loaded 2 times (x 91B)
Class org.gradle.api.internal.classpath.DefaultModuleRegistry$DefaultModule           : loaded 2 times (x 82B)
Class com.google.common.primitives.Ints                                               : loaded 2 times (x 71B)
Class com.google.common.collect.AbstractIterator                                      : loaded 2 times (x 82B)
Class com.google.common.math.MathPreconditions                                        : loaded 2 times (x 71B)
Class com.google.common.collect.Multiset                                              : loaded 2 times (x 70B)
Class com.google.common.collect.ArrayListMultimapGwtSerializationDependencies         : loaded 2 times (x 172B)
Class com.google.common.collect.ObjectArrays                                          : loaded 2 times (x 71B)
Class com.google.common.collect.AbstractIndexedListIterator                           : loaded 2 times (x 96B)
Class com.google.common.collect.ImmutableMapEntrySet                                  : loaded 2 times (x 151B)
Class org.gradle.api.internal.classpath.Module                                        : loaded 2 times (x 70B)
Class com.google.common.cache.Weigher                                                 : loaded 2 times (x 70B)
Class org.gradle.api.internal.classpath.UnknownModuleException                        : loaded 2 times (x 82B)
Class org.jetbrains.kotlin.config.ApiVersion                                          : loaded 2 times (x 86B)
Class com.google.common.base.Stopwatch                                                : loaded 2 times (x 72B)
Class com.google.common.cache.LocalCache$Strength                                     : loaded 2 times (x 81B)
Class com.google.common.cache.Cache                                                   : loaded 2 times (x 70B)
Class jdk.internal.jimage.ImageHeader                                                 : loaded 2 times (x 71B)
Class com.google.common.io.AppendableWriter                                           : loaded 2 times (x 100B)
Class com.google.common.util.concurrent.AbstractFuture$Cancellation                   : loaded 2 times (x 72B)
Class com.google.common.collect.ImmutableMap$Builder                                  : loaded 2 times (x 82B)
Class com.google.common.base.NullnessCasts                                            : loaded 2 times (x 71B)
Class com.google.common.base.Present                                                  : loaded 2 times (x 81B)
Class com.google.common.collect.AbstractMapBasedMultimap$WrappedCollection$WrappedIterator: loaded 2 times (x 84B)
Class com.google.common.cache.RemovalListener                                         : loaded 2 times (x 70B)
Class org.gradle.api.internal.DefaultClassPathRegistry                                : loaded 2 times (x 76B)
Class com.google.common.collect.ImmutableMultimap$Keys                                : loaded 2 times (x 166B)
Class org.jetbrains.kotlin.cli.common.messages.MessageCollector                       : loaded 2 times (x 70B)
Class com.google.common.primitives.IntsMethodsForWeb                                  : loaded 2 times (x 71B)
Class com.google.common.collect.Multimap                                              : loaded 2 times (x 70B)
Class org.gradle.internal.classpath.DefaultClassPath$ImmutableUniqueList              : loaded 2 times (x 199B)
Class org.gradle.api.internal.ClassPathRegistry                                       : loaded 2 times (x 70B)
Class com.google.common.collect.MapMakerInternalMap$Segment                           : loaded 2 times (x 142B)
Class com.google.common.base.ExtraObjectsMethodsForWeb                                : loaded 2 times (x 71B)
Class jdk.internal.jimage.decompressor.ResourceDecompressor                           : loaded 2 times (x 70B)
Class ijKotlinCoroutineJvmDebugInit1_522lvnjp0jm881vnayjmxv074$_run_closure1          : loaded 2 times (x 139B)
Class com.google.common.io.ByteSink                                                   : loaded 2 times (x 76B)
Class com.google.common.cache.CacheBuilder                                            : loaded 2 times (x 72B)
Class com.google.common.collect.SingletonImmutableList                                : loaded 2 times (x 207B)
Class Settings_gradle$1                                                               : loaded 2 times (x 74B)
Class org.gradle.internal.classpath.ClassPath                                         : loaded 2 times (x 70B)
Class com.google.common.collect.Interners$InternerBuilder                             : loaded 2 times (x 76B)
Class com.google.common.io.Files$FileByteSource                                       : loaded 2 times (x 85B)
Class com.google.common.collect.ImmutableList$ReverseImmutableList                    : loaded 2 times (x 208B)
Class com.google.common.base.JdkPattern                                               : loaded 2 times (x 75B)
Class com.google.common.io.CharStreams$NullWriter                                     : loaded 2 times (x 99B)
Class org.jetbrains.kotlin.cli.common.arguments.Freezable                             : loaded 2 times (x 72B)
Class org.objectweb.asm.SymbolTable$Entry                                             : loaded 2 times (x 74B)
Class org.gradle.api.internal.classpath.DefaultModuleRegistry$DefaultModuleAlias      : loaded 2 times (x 80B)
Class org.gradle.internal.Factory                                                     : loaded 2 times (x 70B)
Class org.objectweb.asm.Edge                                                          : loaded 2 times (x 72B)
Class com.google.common.base.Suppliers$SupplierOfInstance                             : loaded 2 times (x 79B)
Class com.google.common.collect.Iterators$1                                           : loaded 2 times (x 81B)
Class jdk.internal.jimage.ImageStringsReader                                          : loaded 2 times (x 80B)
Class com.google.common.cache.LocalCache$ComputingValueReference                      : loaded 2 times (x 96B)
Class com.google.common.collect.SingletonImmutableSet                                 : loaded 2 times (x 146B)
Class com.google.common.collect.ImmutableMap$IteratorBasedImmutableMap                : loaded 2 times (x 125B)
Class com.google.common.cache.LocalCache$Segment                                      : loaded 2 times (x 154B)
Class jdk.internal.jimage.ImageReader                                                 : loaded 2 times (x 75B)
Class org.jetbrains.kotlin.utils.DescriptionAware                                     : loaded 2 times (x 70B)
Class com.google.common.collect.SortedIterable                                        : loaded 2 times (x 70B)
Class [Lorg.objectweb.asm.SymbolTable$Entry;                                          : loaded 2 times (x 69B)
Class com.google.common.cache.CacheLoader                                             : loaded 2 times (x 74B)
Class com.google.common.collect.Iterators$4                                           : loaded 2 times (x 82B)
Class com.google.common.collect.ImmutableBiMap                                        : loaded 2 times (x 143B)
Class com.google.common.collect.AbstractListMultimap                                  : loaded 2 times (x 172B)
Class jdk.internal.jimage.ImageReader$SharedImageReader                               : loaded 2 times (x 95B)
Class org.gradle.api.internal.classpath.ModuleRegistry                                : loaded 2 times (x 70B)
Class org.gradle.internal.installation.GradleInstallation$1                           : loaded 2 times (x 75B)
Class com.google.common.util.concurrent.internal.InternalFutureFailureAccess          : loaded 2 times (x 72B)
Class com.google.common.collect.Iterators$5                                           : loaded 2 times (x 82B)
Class com.google.common.collect.ImmutableSet$JdkBackedSetBuilderImpl                  : loaded 2 times (x 76B)
Class com.google.common.base.Splitter$SplittingIterator                               : loaded 2 times (x 84B)
Class jdk.internal.jimage.decompressor.ResourceDecompressorFactory                    : loaded 2 times (x 74B)
Class com.google.common.collect.ImmutableMultimap$Values                              : loaded 2 times (x 126B)
Class com.google.common.cache.LocalCache$LocalManualCache$1                           : loaded 2 times (x 75B)
Class com.google.common.base.CharMatcher$ForPredicate                                 : loaded 2 times (x 112B)
Class com.google.common.collect.ImmutableCollection                                   : loaded 2 times (x 125B)
Class com.google.common.base.CharMatcher$AnyOf                                        : loaded 2 times (x 112B)
Class jdk.internal.jimage.ImageReader$Node                                            : loaded 2 times (x 84B)
Class org.gradle.api.internal.classpath.DefaultModuleRegistry                         : loaded 2 times (x 84B)
Class com.google.common.util.concurrent.ListenableFuture                              : loaded 2 times (x 70B)
Class com.google.common.cache.ReferenceEntry                                          : loaded 2 times (x 70B)
Class com.google.common.collect.ImmutableSet$CachingAsList                            : loaded 2 times (x 147B)
Class com.google.common.base.Converter                                                : loaded 2 times (x 90B)
Class com.google.common.collect.Lists                                                 : loaded 2 times (x 71B)
Class jdk.internal.jimage.BasicImageReader$1                                          : loaded 2 times (x 77B)
Class com.google.common.util.concurrent.AbstractFuture                                : loaded 2 times (x 106B)
Class com.google.common.base.FunctionalEquivalence                                    : loaded 2 times (x 83B)
Class com.google.common.collect.Iterators$9                                           : loaded 2 times (x 81B)
Class com.google.common.collect.AbstractMapBasedMultimap                              : loaded 2 times (x 139B)
Class com.google.common.collect.ImmutableAsList                                       : loaded 2 times (x 209B)
Class com.google.common.io.CharStreams                                                : loaded 2 times (x 71B)
Class com.google.common.collect.ImmutableMultiset                                     : loaded 2 times (x 163B)
Class org.objectweb.asm.RecordComponentVisitor                                        : loaded 2 times (x 77B)
Class com.google.common.cache.CacheLoader$SupplierToCacheLoader                       : loaded 2 times (x 75B)
Class [Lorg.jetbrains.kotlin.config.LanguageVersion;                                  : loaded 2 times (x 69B)
Class com.google.common.collect.Maps$EntryTransformer                                 : loaded 2 times (x 70B)
Class jdk.internal.jimage.decompressor.Decompressor                                   : loaded 2 times (x 72B)
Class org.gradle.internal.service.ServiceLookupException                              : loaded 2 times (x 82B)
Class com.google.common.collect.ImmutableSortedSet                                    : loaded 2 times (x 299B)
Class [Lcom.google.common.cache.LocalCache$EntryFactory;                              : loaded 2 times (x 69B)
Class org.gradle.internal.classloader.ClassLoaderFactory                              : loaded 2 times (x 70B)
Class com.google.common.collect.ImmutableMap$SerializedForm                           : loaded 2 times (x 73B)
Class com.google.common.cache.LocalCache$LocalManualCache                             : loaded 2 times (x 99B)
Class com.google.common.base.CharMatcher$IsNot                                        : loaded 2 times (x 111B)
Class com.google.common.base.CommonPattern                                            : loaded 2 times (x 74B)
Class org.gradle.internal.service.CachingServiceLocator                               : loaded 2 times (x 82B)
Class com.google.common.collect.AbstractMapBasedMultimap$KeySet                       : loaded 2 times (x 137B)
Class com.google.common.collect.RegularImmutableSortedSet                             : loaded 2 times (x 299B)
Class com.google.common.math.IntMath                                                  : loaded 2 times (x 71B)
Class com.google.common.collect.MapMakerInternalMap$InternalEntry                     : loaded 2 times (x 70B)
Class com.google.common.collect.ImmutableMapEntry                                     : loaded 2 times (x 85B)
Class com.google.common.collect.ImmutableMultimap                                     : loaded 2 times (x 147B)
Class com.google.common.base.Equivalence                                              : loaded 2 times (x 82B)
Class com.google.common.collect.ImmutableMapEntry$NonTerminalImmutableMapEntry        : loaded 2 times (x 85B)
Class com.google.common.base.Function                                                 : loaded 2 times (x 70B)
Class com.google.common.cache.CacheBuilder$OneWeigher                                 : loaded 2 times (x 82B)
Class com.google.common.collect.RegularImmutableList                                  : loaded 2 times (x 212B)
Class jdk.internal.jimage.ImageBufferCache                                            : loaded 2 times (x 71B)
Class jdk.internal.jrtfs.JrtPath                                                      : loaded 2 times (x 118B)
Class org.gradle.internal.classloader.ClasspathUtil                                   : loaded 2 times (x 71B)
Class com.google.common.util.concurrent.Uninterruptibles                              : loaded 2 times (x 71B)
Class com.google.common.collect.Maps                                                  : loaded 2 times (x 71B)
Class org.gradle.api.specs.Spec                                                       : loaded 2 times (x 70B)
Class com.google.common.collect.MapMaker                                              : loaded 2 times (x 72B)
Class [Lcom.google.common.collect.ImmutableEntry;                                     : loaded 2 times (x 69B)
Class com.google.common.cache.LocalCache$LoadingValueReference                        : loaded 2 times (x 96B)
Class com.google.common.io.LineReader$1                                               : loaded 2 times (x 75B)
Class com.google.common.collect.CollectSpliterators                                   : loaded 2 times (x 71B)
Class com.google.common.collect.AbstractMapBasedMultimap$AsMap                        : loaded 2 times (x 128B)
Class com.google.common.collect.MapMakerInternalMap$StrongKeyDummyValueEntry          : loaded 2 times (x 82B)
Class com.google.common.base.Platform                                                 : loaded 2 times (x 71B)
Class jdk.internal.jimage.decompressor.ResourceDecompressorRepository                 : loaded 2 times (x 71B)
Class com.google.common.collect.AbstractMapBasedMultimap$WrappedList                  : loaded 2 times (x 205B)
Class [Lorg.objectweb.asm.AnnotationWriter;                                           : loaded 2 times (x 69B)
Class com.google.common.collect.Maps$8                                                : loaded 2 times (x 82B)
Class jdk.internal.jimage.ImageReader$Directory                                       : loaded 2 times (x 84B)
Class [Lcom.google.common.collect.Iterators$EmptyModifiableIterator;                  : loaded 2 times (x 69B)
Class com.google.common.collect.ImmutableRangeSet$Builder                             : loaded 2 times (x 77B)
Class com.google.common.collect.Sets$SetView                                          : loaded 2 times (x 138B)
Class com.google.common.cache.LocalCache$StrongValueReference                         : loaded 2 times (x 90B)
Class com.google.common.graph.SuccessorsFunction                                      : loaded 2 times (x 70B)
Class org.objectweb.asm.Type                                                          : loaded 2 times (x 72B)
Class org.gradle.internal.classloader.VisitableURLClassLoader$InstrumentingVisitableURLClassLoader: loaded 2 times (x 123B)
Class com.google.common.collect.MapMakerInternalMap$StrongKeyDummyValueEntry$Helper   : loaded 2 times (x 79B)
Class com.google.common.io.Files$FileByteSink                                         : loaded 2 times (x 77B)
Class org.objectweb.asm.ByteVector                                                    : loaded 2 times (x 79B)
Class [Lcom.google.common.cache.CacheBuilder$NullListener;                            : loaded 2 times (x 69B)
Class com.google.common.math.IntMath$1                                                : loaded 2 times (x 71B)
Class org.gradle.internal.classloader.VisitableURLClassLoader$Spec                    : loaded 2 times (x 74B)
Class org.gradle.internal.classpath.DefaultClassPath                                  : loaded 2 times (x 90B)
Class org.objectweb.asm.Symbol                                                        : loaded 2 times (x 73B)
Class com.google.common.base.AbstractIterator                                         : loaded 2 times (x 80B)
Class jdk.internal.jimage.decompressor.ZipDecompressorFactory                         : loaded 2 times (x 74B)
Class com.google.common.io.Java8Compatibility                                         : loaded 2 times (x 71B)
Class com.google.common.io.Closer                                                     : loaded 2 times (x 78B)
Class org.jetbrains.kotlin.config.ApiVersion$Companion                                : loaded 2 times (x 71B)
Class com.google.common.collect.RegularImmutableMap$Values                            : loaded 2 times (x 207B)
Class com.google.common.collect.ImmutableSet                                          : loaded 2 times (x 145B)
Class com.google.common.base.CharMatcher$BitSetMatcher                                : loaded 2 times (x 112B)
Class org.gradle.internal.classloader.ClassLoaderSpec                                 : loaded 2 times (x 71B)
Class org.objectweb.asm.AnnotationWriter                                              : loaded 2 times (x 79B)
Class com.google.common.cache.CacheStats                                              : loaded 2 times (x 71B)
Class com.google.common.collect.ImmutableMultisetGwtSerializationDependencies         : loaded 2 times (x 125B)
Class com.google.common.collect.Interners                                             : loaded 2 times (x 71B)
Class com.google.common.io.Closer$Suppressor                                          : loaded 2 times (x 70B)
Class com.google.common.io.LineProcessor                                              : loaded 2 times (x 70B)
Class org.jetbrains.kotlin.config.MavenComparableVersion$ListItem                     : loaded 2 times (x 218B)
Class org.objectweb.asm.RecordComponentWriter                                         : loaded 2 times (x 78B)
Class com.google.common.util.concurrent.AbstractFuture$Listener                       : loaded 2 times (x 72B)
Class com.google.common.base.CharMatcher$Or                                           : loaded 2 times (x 112B)
Class Settings_gradle$1$1                                                             : loaded 2 times (x 74B)
Class org.gradle.api.internal.classpath.Module$ModuleAlias                            : loaded 2 times (x 70B)
Class [Lorg.objectweb.asm.Label;                                                      : loaded 2 times (x 69B)
Class [Lorg.jetbrains.kotlin.utils.DescriptionAware;                                  : loaded 2 times (x 69B)
Class org.objectweb.asm.Attribute                                                     : loaded 2 times (x 77B)
Class com.google.common.base.Supplier                                                 : loaded 2 times (x 70B)
Class ijJvmDebugger1_6exoogiqucn4ifsb74qw96f7m$_run_closure1$_closure2                : loaded 2 times (x 140B)
Class org.gradle.internal.classloader.VisitableURLClassLoader                         : loaded 2 times (x 117B)
Class Settings_gradle                                                                 : loaded 2 times (x 124B)
Class org.gradle.internal.Cast                                                        : loaded 2 times (x 71B)
Class org.gradle.api.Action                                                           : loaded 2 times (x 70B)
Class com.google.common.collect.MapMakerInternalMap                                   : loaded 2 times (x 161B)
Class com.google.common.collect.Sets                                                  : loaded 2 times (x 71B)
Class org.objectweb.asm.Handler                                                       : loaded 2 times (x 72B)
Class com.google.common.base.Ticker                                                   : loaded 2 times (x 72B)
Class com.google.common.base.Strings                                                  : loaded 2 times (x 71B)
Class com.google.common.base.CharMatcher$FastMatcher                                  : loaded 2 times (x 111B)
Class jdk.internal.jimage.decompressor.ZipDecompressor                                : loaded 2 times (x 75B)
Class [Lcom.google.common.cache.LocalCache$Segment;                                   : loaded 2 times (x 69B)
Class [Lcom.google.common.cache.LocalCache$Strength;                                  : loaded 2 times (x 69B)
Class com.google.common.cache.CacheBuilder$1                                          : loaded 2 times (x 85B)
Class com.google.common.collect.ImmutableMap                                          : loaded 2 times (x 120B)
Class com.google.common.base.Predicate                                                : loaded 2 times (x 70B)
Class org.gradle.internal.classpath.DefaultClassPath$ImmutableUniqueList$Builder      : loaded 2 times (x 75B)
Class com.google.common.collect.MapMakerInternalMap$WeakValueReference                : loaded 2 times (x 70B)
Class com.google.common.collect.AbstractRangeSet                                      : loaded 2 times (x 114B)
Class com.google.common.cache.LocalCache                                              : loaded 2 times (x 187B)
Class com.google.common.cache.CacheBuilder$2                                          : loaded 2 times (x 72B)
Class com.google.common.base.CharMatcher$NegatedFastMatcher                           : loaded 2 times (x 113B)
Class org.jetbrains.kotlin.cli.common.arguments.K2JVMCompilerArguments                : loaded 2 times (x 81B)
Class org.jetbrains.kotlin.config.LanguageVersion                                     : loaded 2 times (x 91B)
Class [Lcom.google.common.collect.AbstractMapEntry;                                   : loaded 2 times (x 69B)
Class com.google.common.collect.ImmutableEntry                                        : loaded 2 times (x 82B)
Class com.google.common.collect.ArrayListMultimap                                     : loaded 2 times (x 172B)
Class org.gradle.api.GradleException                                                  : loaded 2 times (x 82B)
Class com.google.common.base.Suppliers$MemoizingSupplier                              : loaded 2 times (x 79B)
Class com.google.common.collect.CollectPreconditions                                  : loaded 2 times (x 71B)
Class jdk.internal.jimage.ImageStrings                                                : loaded 2 times (x 70B)
Class [Lcom.google.common.collect.MapMakerInternalMap$Strength;                       : loaded 2 times (x 69B)
Class [Lcom.google.common.io.FileWriteMode;                                           : loaded 2 times (x 69B)
Class com.google.common.collect.SortedMapDifference                                   : loaded 2 times (x 70B)
Class com.google.common.collect.MapMakerInternalMap$StrongKeyDummyValueSegment        : loaded 2 times (x 142B)
Class com.google.common.io.Files                                                      : loaded 2 times (x 71B)
Class org.jetbrains.kotlin.cli.common.arguments.CommonCompilerArguments               : loaded 2 times (x 80B)
Class com.google.common.cache.LocalCache$EntryFactory                                 : loaded 2 times (x 83B)
Class ijKotlinCoroutineJvmDebugInit1_522lvnjp0jm881vnayjmxv074$_run_closure1$_closure2: loaded 2 times (x 139B)
Class [Lcom.google.common.collect.MapMaker$Dummy;                                     : loaded 2 times (x 69B)
Class com.google.common.cache.LocalCache$AbstractReferenceEntry                       : loaded 2 times (x 107B)
Class com.google.common.base.CharMatcher$Whitespace                                   : loaded 2 times (x 112B)
Class org.gradle.internal.IoActions                                                   : loaded 2 times (x 71B)
Class com.google.common.collect.ImmutableMapKeySet                                    : loaded 2 times (x 150B)
Class com.google.common.collect.ImmutableRangeSet$ComplementRanges                    : loaded 2 times (x 207B)
Class org.objectweb.asm.SymbolTable                                                   : loaded 2 times (x 72B)
Class com.google.common.cache.CacheLoader$InvalidCacheLoadException                   : loaded 2 times (x 82B)
Class com.google.common.collect.ImmutableSet$RegularSetBuilderImpl                    : loaded 2 times (x 77B)
Class com.google.common.cache.LocalCache$StrongEntry                                  : loaded 2 times (x 108B)
Class com.google.common.util.concurrent.AbstractFuture$TrustedFuture                  : loaded 2 times (x 114B)
Class com.google.common.cache.LoadingCache                                            : loaded 2 times (x 70B)
Class com.google.common.base.Suppliers$NonSerializableMemoizingSupplier               : loaded 2 times (x 79B)
Class com.google.common.io.ByteStreams$LimitedInputStream                             : loaded 2 times (x 92B)
Class org.objectweb.asm.MethodWriter                                                  : loaded 2 times (x 106B)
Class [Lcom.google.common.cache.Weigher;                                              : loaded 2 times (x 69B)
Class com.google.common.collect.RegularImmutableMap$BucketOverflowException           : loaded 2 times (x 82B)
Class jdk.internal.jrtfs.JrtFileSystem                                                : loaded 2 times (x 102B)
Class com.google.common.collect.ImmutableMultimap$1                                   : loaded 2 times (x 82B)
Class com.google.common.collect.AbstractMapBasedMultimap$RandomAccessWrappedList      : loaded 2 times (x 205B)
Class jdk.internal.jimage.decompressor.CompressedResourceHeader                       : loaded 2 times (x 71B)
Class com.google.common.collect.ImmutableMultimap$2                                   : loaded 2 times (x 81B)
Class com.google.common.collect.RegularImmutableBiMap                                 : loaded 2 times (x 148B)
Class com.google.common.cache.LocalCache$ValueReference                               : loaded 2 times (x 70B)
Class com.google.common.base.CharMatcher$Negated                                      : loaded 2 times (x 113B)
Class com.google.common.base.CharMatcher$Is                                           : loaded 2 times (x 111B)
Class org.jetbrains.kotlin.cli.common.arguments.CommonToolArguments                   : loaded 2 times (x 73B)
Class com.google.common.util.concurrent.AbstractFuture$Failure                        : loaded 2 times (x 72B)
Class com.google.common.base.Equivalence$Equals                                       : loaded 2 times (x 82B)
Class com.google.common.collect.Hashing                                               : loaded 2 times (x 71B)
Class com.google.common.base.PatternCompiler                                          : loaded 2 times (x 70B)
Class com.google.common.base.Preconditions                                            : loaded 2 times (x 71B)
Class com.google.common.collect.ImmutableSetMultimap                                  : loaded 2 times (x 180B)
Class com.google.common.io.CharSink                                                   : loaded 2 times (x 79B)
Class com.google.common.base.Joiner$1                                                 : loaded 2 times (x 80B)
Class org.objectweb.asm.Label                                                         : loaded 2 times (x 73B)
Class org.objectweb.asm.CurrentFrame                                                  : loaded 2 times (x 73B)
Class org.objectweb.asm.ClassTooLargeException                                        : loaded 2 times (x 83B)
Class com.google.common.collect.PeekingIterator                                       : loaded 2 times (x 70B)
Class com.google.common.base.CharMatcher                                              : loaded 2 times (x 111B)
Class com.google.common.collect.MapMakerInternalMap$InternalEntryHelper               : loaded 2 times (x 70B)
Class com.google.common.collect.Maps$IteratorBasedAbstractMap                         : loaded 2 times (x 125B)
Class com.google.common.collect.Table                                                 : loaded 2 times (x 70B)
Class org.jetbrains.kotlin.config.MavenComparableVersion$Item                         : loaded 2 times (x 70B)
Class com.google.common.collect.RangeGwtSerializationDependencies                     : loaded 2 times (x 71B)
Class com.google.common.base.Joiner$2                                                 : loaded 2 times (x 79B)
Class org.objectweb.asm.Frame                                                         : loaded 2 times (x 73B)
Class org.objectweb.asm.MethodVisitor                                                 : loaded 2 times (x 105B)
Class com.google.common.cache.LocalCache$EntryFactory$1                               : loaded 2 times (x 83B)
Class [Lcom.google.common.cache.RemovalListener;                                      : loaded 2 times (x 69B)
Class com.google.common.base.CharMatcher$1                                            : loaded 2 times (x 113B)
Class com.google.common.base.CharMatcher$NamedFastMatcher                             : loaded 2 times (x 112B)
Class com.google.common.collect.RangeSet                                              : loaded 2 times (x 70B)
Class com.google.common.cache.LocalCache$EntryFactory$2                               : loaded 2 times (x 83B)
Class com.google.common.collect.CollectCollectors                                     : loaded 2 times (x 71B)
Class org.objectweb.asm.ModuleWriter                                                  : loaded 2 times (x 82B)
Class com.google.common.cache.LocalCache$EntryFactory$3                               : loaded 2 times (x 83B)
Class com.google.common.base.Ticker$1                                                 : loaded 2 times (x 72B)
Class com.google.common.collect.ImmutableMapEntrySet$RegularEntrySet                  : loaded 2 times (x 151B)
Class com.google.common.collect.Maps$BiMapConverter                                   : loaded 2 times (x 90B)
Class com.google.common.collect.SetMultimap                                           : loaded 2 times (x 70B)
Class com.google.common.cache.LocalCache$EntryFactory$4                               : loaded 2 times (x 83B)
Class com.google.common.collect.ImmutableSet$Builder                                  : loaded 2 times (x 85B)
Class com.google.common.base.CharMatcher$InRange                                      : loaded 2 times (x 111B)
Class com.google.common.io.ByteStreams$1                                              : loaded 2 times (x 85B)
Class com.google.common.cache.LocalCache$EntryFactory$5                               : loaded 2 times (x 83B)
Class ijJvmDebugger1_6exoogiqucn4ifsb74qw96f7m                                        : loaded 2 times (x 171B)
Class com.google.common.io.LineReader                                                 : loaded 2 times (x 72B)
Class com.google.common.cache.LocalCache$EntryFactory$6                               : loaded 2 times (x 83B)
Class org.gradle.internal.installation.CurrentGradleInstallationLocator               : loaded 2 times (x 71B)
Class com.google.common.collect.ImmutableMultimap$Builder                             : loaded 2 times (x 83B)
Class org.objectweb.asm.ClassReader                                                   : loaded 2 times (x 93B)
Class com.google.common.collect.Maps$KeySet                                           : loaded 2 times (x 137B)
Class com.google.common.cache.LocalCache$EntryFactory$7                               : loaded 2 times (x 83B)
Class com.google.common.collect.ImmutableSet$EmptySetBuilderImpl                      : loaded 2 times (x 76B)
Class com.google.common.collect.ImmutableList                                         : loaded 2 times (x 206B)
Class org.gradle.internal.service.DefaultServiceLocator                               : loaded 2 times (x 83B)
Class com.google.common.collect.ImmutableMultimap$EntryCollection                     : loaded 2 times (x 127B)
Class com.google.common.collect.Maps$EntrySet                                         : loaded 2 times (x 136B)
Class org.jetbrains.kotlin.util.capitalizeDecapitalize.CapitalizeDecapitalizeKt       : loaded 2 times (x 71B)
Class com.google.common.cache.LocalCache$EntryFactory$8                               : loaded 2 times (x 83B)
Class com.google.common.collect.ImmutableSet$SetBuilderImpl                           : loaded 2 times (x 76B)
Class org.gradle.internal.installation.CurrentGradleInstallation                      : loaded 2 times (x 73B)
Class com.google.common.cache.CacheLoader$1                                           : loaded 2 times (x 75B)
Class com.google.common.collect.ForwardingObject                                      : loaded 2 times (x 72B)
Class com.google.common.collect.ImmutableList$SubList                                 : loaded 2 times (x 208B)
Class org.gradle.util.internal.GUtil                                                  : loaded 2 times (x 71B)
Class com.google.common.io.ByteSource                                                 : loaded 2 times (x 84B)
Class com.google.common.cache.AbstractCache$StatsCounter                              : loaded 2 times (x 70B)
Class com.google.common.io.LineBuffer                                                 : loaded 2 times (x 75B)
Class com.google.common.collect.MapMakerInternalMap$1                                 : loaded 2 times (x 83B)
Class org.objectweb.asm.Context                                                       : loaded 2 times (x 72B)
Class com.google.common.collect.Iterators$MergingIterator                             : loaded 2 times (x 81B)
Class com.google.common.collect.RegularImmutableSet                                   : loaded 2 times (x 148B)
Class org.gradle.internal.installation.GradleInstallation                             : loaded 2 times (x 75B)
Class com.google.common.collect.Iterables                                             : loaded 2 times (x 71B)
Class com.google.common.base.Splitter$Strategy                                        : loaded 2 times (x 70B)
Class jdk.internal.jimage.decompressor.ResourceDecompressor$StringsProvider           : loaded 2 times (x 70B)

---------------  S Y S T E M  ---------------

OS:
 Windows 11 , 64 bit Build 26100 (10.0.26100.9168)
OS uptime: 3 days 15:20 hours
Hyper-V role detected

CPU: total 8 (initial active 8) (8 cores per cpu, 2 threads per core) family 23 model 160 stepping 0 microcode 0x8a0000b, cx8, cmov, fxsr, ht, mmx, 3dnowpref, sse, sse2, sse3, ssse3, sse4a, sse4.1, sse4.2, popcnt, lzcnt, tsc, tscinvbit, avx, avx2, aes, clmul, bmi1, bmi2, adx, sha, fma, vzeroupper, clflush, clflushopt, hv, rdtscp, rdpid, f16c
Processor Information for the first 8 processors :
  Max Mhz: 2401, Current Mhz: 2401, Mhz Limit: 2401

Memory: 4k page, system-wide physical 7412M (458M free)
TotalPageFile size 24930M (AvailPageFile size 97M)
current process WorkingSet (physical memory assigned to process): 621M, peak: 732M
current process commit charge ("private bytes"): 957M, peak: 1066M

vm_info: OpenJDK 64-Bit Server VM (21.0.10+-14961533-b1163.108) for windows-amd64 JRE (21.0.10+-14961533-b1163.108), built on 2026-03-02T19:58:50Z by "builder" with MS VC++ 16.10 / 16.11 (VS2019)

END.
