#
# There is insufficient memory for the Java Runtime Environment to continue.
# Native memory allocation (malloc) failed to allocate 1344976 bytes. Error detail: Chunk::new
# Possible reasons:
#   The system is out of physical RAM or swap space
#   This process is running with CompressedOops enabled, and the Java Heap may be blocking the growth of the native heap
# Possible solutions:
#   Reduce memory load on the system
#   Increase physical memory or swap space
#   Check if swap backing store is full
#   Decrease Java heap size (-Xmx/-Xms)
#   Decrease number of Java threads
#   Decrease Java thread stack sizes (-Xss)
#   Set larger code cache with -XX:ReservedCodeCacheSize=
#   JVM is running with Unscaled Compressed Oops mode in which the Java heap is
#     placed in the first 4GB address space. The Java Heap base address is the
#     maximum limit for the native heap growth. Please use -XX:HeapBaseMinAddress
#     to set the Java Heap base and to place the Java Heap above 4GB virtual address.
# This output file may be truncated or incomplete.
#
#  Out of Memory Error (arena.cpp:168), pid=23540, tid=9420
#
# JRE version: OpenJDK Runtime Environment (21.0.10) (build 21.0.10+-14961533-b1163.108)
# Java VM: OpenJDK 64-Bit Server VM (21.0.10+-14961533-b1163.108, mixed mode, tiered, compressed oops, compressed class ptrs, g1 gc, windows-amd64)
# No core dump will be written. Minidumps are not enabled by default on client versions of Windows
#

---------------  S U M M A R Y ------------

Command Line: --add-opens=java.base/java.lang=ALL-UNNAMED --add-opens=java.base/java.lang.invoke=ALL-UNNAMED --add-opens=java.base/java.util=ALL-UNNAMED --add-opens=java.prefs/java.util.prefs=ALL-UNNAMED --add-exports=jdk.compiler/com.sun.tools.javac.api=ALL-UNNAMED --add-exports=jdk.compiler/com.sun.tools.javac.util=ALL-UNNAMED --add-opens=java.base/java.util=ALL-UNNAMED --add-opens=java.prefs/java.util.prefs=ALL-UNNAMED --add-opens=java.base/java.nio.charset=ALL-UNNAMED --add-opens=java.base/java.net=ALL-UNNAMED --add-opens=java.base/java.util.concurrent=ALL-UNNAMED --add-opens=java.base/java.util.concurrent.atomic=ALL-UNNAMED --add-opens=java.xml/javax.xml.namespace=ALL-UNNAMED --add-opens=java.base/java.time=ALL-UNNAMED -Xmx2048m -Dfile.encoding=UTF-8 -Duser.country=IN -Duser.language=en -Duser.variant -javaagent:C:\Users\ELCOT\.gradle\wrapper\dists\gradle-9.4.1-bin\arn2x92ynaizyzdaamcbpbhtj\gradle-9.4.1\lib\agents\gradle-instrumentation-agent-9.4.1.jar org.gradle.launcher.daemon.bootstrap.GradleDaemon 9.4.1

Host: AMD Ryzen 3 7320U with Radeon Graphics         , 8 cores, 7G,  Windows 11 , 64 bit Build 26100 (10.0.26100.9168)
Time: Thu Sep  3 01:23:49 2026 India Standard Time elapsed time: 12396.948167 seconds (0d 3h 26m 36s)

---------------  T H R E A D  ---------------

Current thread (0x00000258a76caaa0):  JavaThread "C2 CompilerThread0" daemon [_thread_in_native, id=9420, stack(0x000000c0dc800000,0x000000c0dc900000) (1024K)]


Current CompileTask:
C2:12396948 41611   !   4       org.gradle.api.internal.artifacts.transform.AttributeMatchingArtifactVariantSelector::select (29 bytes)

Stack: [0x000000c0dc800000,0x000000c0dc900000]
Native frames: (J=compiled Java code, j=interpreted, Vv=VM code, C=native code)
V  [jvm.dll+0x6d78a9]
V  [jvm.dll+0x8665b3]
V  [jvm.dll+0x868bde]
V  [jvm.dll+0x8692c3]
V  [jvm.dll+0x280ee6]
V  [jvm.dll+0xc07cd]
V  [jvm.dll+0xc0d03]
V  [jvm.dll+0x3ba091]
V  [jvm.dll+0x1dfe64]
V  [jvm.dll+0x249d24]
V  [jvm.dll+0x2491a1]
V  [jvm.dll+0x1c76e4]
V  [jvm.dll+0x25891e]
V  [jvm.dll+0x256e66]
V  [jvm.dll+0x3f513e]
V  [jvm.dll+0x80fd28]
V  [jvm.dll+0x6d60fd]
C  [ucrtbase.dll+0x2cd30]
C  [KERNEL32.DLL+0x2ccb7]
C  [ntdll.dll+0xaad6c]


---------------  P R O C E S S  ---------------

Threads class SMR info:
_java_thread_list=0x00000258be4e2680, length=59, elements={
0x000002588fdeba90, 0x00000258a7684e00, 0x00000258a7689b60, 0x00000258a768a1d0,
0x00000258a7687ea0, 0x00000258a7688510, 0x00000258a7688b80, 0x00000258a76c7950,
0x00000258a76caaa0, 0x00000258a76cb8f0, 0x00000258a79b9260, 0x00000258adb26070,
0x00000258ad7ce5f0, 0x00000258ae798270, 0x00000258ad83d600, 0x00000258ad83aea0,
0x00000258ad83dc90, 0x00000258afed8c10, 0x00000258afed9fc0, 0x00000258afed8580,
0x00000258afedc720, 0x00000258afedcdb0, 0x00000258afedd440, 0x00000258afedc090,
0x00000258afeddad0, 0x00000258b1fffee0, 0x00000258b2000570, 0x00000258b2001fb0,
0x00000258b26f2cd0, 0x00000258b1c9c9d0, 0x00000258b1c9c340, 0x00000258b72e43f0,
0x00000258b26f39f0, 0x00000258b9b61de0, 0x00000258b9b5b4e0, 0x00000258b9b62470,
0x00000258b9b5c890, 0x00000258bf03d170, 0x00000258bf03f8d0, 0x00000258b9b5f680,
0x00000258b79967a0, 0x00000258b79981e0, 0x00000258b7997b50, 0x00000258b7995a80,
0x00000258b7994d60, 0x00000258b95b5010, 0x00000258b95b3c60, 0x00000258bf03d800,
0x00000258b95b5d30, 0x00000258b95b42f0, 0x00000258b95b63c0, 0x00000258b78e7e60,
0x00000258b78e5700, 0x00000258b78e6420, 0x00000258b78e7140, 0x00000258b78e6ab0,
0x00000258b95b6a50, 0x00000258b8991df0, 0x00000258bf9b2b00
}

Java Threads: ( => current thread )
  0x000002588fdeba90 JavaThread "main"                              [_thread_blocked, id=13248, stack(0x000000c0db900000,0x000000c0dba00000) (1024K)]
  0x00000258a7684e00 JavaThread "Common-Cleaner"             daemon [_thread_blocked, id=1792, stack(0x000000c0dc100000,0x000000c0dc200000) (1024K)]
  0x00000258a7689b60 JavaThread "Reference Handler"          daemon [_thread_blocked, id=3116, stack(0x000000c0dc200000,0x000000c0dc300000) (1024K)]
  0x00000258a768a1d0 JavaThread "Finalizer"                  daemon [_thread_blocked, id=23468, stack(0x000000c0dc300000,0x000000c0dc400000) (1024K)]
  0x00000258a7687ea0 JavaThread "Signal Dispatcher"          daemon [_thread_blocked, id=23112, stack(0x000000c0dc400000,0x000000c0dc500000) (1024K)]
  0x00000258a7688510 JavaThread "Attach Listener"            daemon [_thread_blocked, id=21644, stack(0x000000c0dc500000,0x000000c0dc600000) (1024K)]
  0x00000258a7688b80 JavaThread "Service Thread"             daemon [_thread_blocked, id=20060, stack(0x000000c0dc600000,0x000000c0dc700000) (1024K)]
  0x00000258a76c7950 JavaThread "Monitor Deflation Thread"   daemon [_thread_blocked, id=19988, stack(0x000000c0dc700000,0x000000c0dc800000) (1024K)]
=>0x00000258a76caaa0 JavaThread "C2 CompilerThread0"         daemon [_thread_in_native, id=9420, stack(0x000000c0dc800000,0x000000c0dc900000) (1024K)]
  0x00000258a76cb8f0 JavaThread "C1 CompilerThread0"         daemon [_thread_blocked, id=3280, stack(0x000000c0dc900000,0x000000c0dca00000) (1024K)]
  0x00000258a79b9260 JavaThread "Notification Thread"        daemon [_thread_blocked, id=6616, stack(0x000000c0dca00000,0x000000c0dcb00000) (1024K)]
  0x00000258adb26070 JavaThread "Daemon health stats"               [_thread_blocked, id=6392, stack(0x000000c0dd000000,0x000000c0dd100000) (1024K)]
  0x00000258ad7ce5f0 JavaThread "Incoming local TCP Connector on port 49747"        [_thread_in_native, id=24068, stack(0x000000c0dd100000,0x000000c0dd200000) (1024K)]
  0x00000258ae798270 JavaThread "Daemon periodic checks"            [_thread_blocked, id=16596, stack(0x000000c0dcb00000,0x000000c0dcc00000) (1024K)]
  0x00000258ad83d600 JavaThread "Cache worker for journal cache (C:\Users\ELCOT\.gradle\caches\journal-1)"        [_thread_blocked, id=17296, stack(0x000000c0ddd00000,0x000000c0dde00000) (1024K)]
  0x00000258ad83aea0 JavaThread "File lock request listener"        [_thread_in_native, id=2552, stack(0x000000c0dde00000,0x000000c0ddf00000) (1024K)]
  0x00000258ad83dc90 JavaThread "Cache worker for file hash cache (C:\Users\ELCOT\.gradle\caches\9.4.1\fileHashes)"        [_thread_blocked, id=22208, stack(0x000000c0de000000,0x000000c0de100000) (1024K)]
  0x00000258afed8c10 JavaThread "File watcher server"        daemon [_thread_in_native, id=9200, stack(0x000000c0de300000,0x000000c0de400000) (1024K)]
  0x00000258afed9fc0 JavaThread "File watcher consumer"      daemon [_thread_blocked, id=22008, stack(0x000000c0de400000,0x000000c0de500000) (1024K)]
  0x00000258afed8580 JavaThread "Cache worker for file content cache (C:\Users\ELCOT\.gradle\caches\9.4.1\fileContent)"        [_thread_blocked, id=7644, stack(0x000000c0de500000,0x000000c0de600000) (1024K)]
  0x00000258afedc720 JavaThread "jar transforms"                    [_thread_blocked, id=8896, stack(0x000000c0de900000,0x000000c0dea00000) (1024K)]
  0x00000258afedcdb0 JavaThread "jar transforms Thread 2"           [_thread_blocked, id=22812, stack(0x000000c0dea00000,0x000000c0deb00000) (1024K)]
  0x00000258afedd440 JavaThread "jar transforms Thread 3"           [_thread_blocked, id=16908, stack(0x000000c0deb00000,0x000000c0dec00000) (1024K)]
  0x00000258afedc090 JavaThread "jar transforms Thread 4"           [_thread_blocked, id=21676, stack(0x000000c0dec00000,0x000000c0ded00000) (1024K)]
  0x00000258afeddad0 JavaThread "jar transforms Thread 5"           [_thread_blocked, id=23684, stack(0x000000c0ded00000,0x000000c0dee00000) (1024K)]
  0x00000258b1fffee0 JavaThread "jar transforms Thread 6"           [_thread_blocked, id=13084, stack(0x000000c0df600000,0x000000c0df700000) (1024K)]
  0x00000258b2000570 JavaThread "jar transforms Thread 7"           [_thread_blocked, id=14508, stack(0x000000c0ddf00000,0x000000c0de000000) (1024K)]
  0x00000258b2001fb0 JavaThread "jar transforms Thread 8"           [_thread_blocked, id=17036, stack(0x000000c0df700000,0x000000c0df800000) (1024K)]
  0x00000258b26f2cd0 JavaThread "Memory manager"                    [_thread_blocked, id=22652, stack(0x000000c0dfc00000,0x000000c0dfd00000) (1024K)]
  0x00000258b1c9c9d0 JavaThread "RMI Scheduler(0)"           daemon [_thread_blocked, id=5588, stack(0x000000c0dfb00000,0x000000c0dfc00000) (1024K)]
  0x00000258b1c9c340 JavaThread "RMI TCP Accept-0"           daemon [_thread_in_native, id=4512, stack(0x000000c0e0c00000,0x000000c0e0d00000) (1024K)]
  0x00000258b72e43f0 JavaThread "Cache worker for Java compile cache (C:\Users\ELCOT\.gradle\caches\9.4.1\javaCompile)"        [_thread_blocked, id=9748, stack(0x000000c0e1000000,0x000000c0e1100000) (1024K)]
  0x00000258b26f39f0 JavaThread "RMI TCP Accept-0"           daemon [_thread_in_native, id=19184, stack(0x000000c0e0900000,0x000000c0e0a00000) (1024K)]
  0x00000258b9b61de0 JavaThread "RMI TCP Accept-0"           daemon [_thread_in_native, id=16612, stack(0x000000c0e0600000,0x000000c0e0700000) (1024K)]
  0x00000258b9b5b4e0 JavaThread "RMI GC Daemon"              daemon [_thread_blocked, id=15000, stack(0x000000c0e0500000,0x000000c0e0600000) (1024K)]
  0x00000258b9b62470 JavaThread "RMI Reaper"                        [_thread_blocked, id=3020, stack(0x000000c0e0700000,0x000000c0e0800000) (1024K)]
  0x00000258b9b5c890 JavaThread "Daemon Thread 10"                  [_thread_blocked, id=17576, stack(0x000000c0db600000,0x000000c0db700000) (1024K)]
  0x00000258bf03d170 JavaThread "Handler for socket connection from /127.0.0.1:49747 to /127.0.0.1:53500"        [_thread_in_native, id=8692, stack(0x000000c0db700000,0x000000c0db800000) (1024K)]
  0x00000258bf03f8d0 JavaThread "Cancel handler"                    [_thread_blocked, id=20668, stack(0x000000c0dd200000,0x000000c0dd300000) (1024K)]
  0x00000258b9b5f680 JavaThread "Daemon worker Thread 10"           [_thread_in_native, id=13652, stack(0x000000c0dd300000,0x000000c0dd400000) (1024K)]
  0x00000258b79967a0 JavaThread "Asynchronous log dispatcher for DefaultDaemonConnection: socket connection from /127.0.0.1:49747 to /127.0.0.1:53500"        [_thread_blocked, id=21192, stack(0x000000c0dd800000,0x000000c0dd900000) (1024K)]
  0x00000258b79981e0 JavaThread "Stdin handler"                     [_thread_blocked, id=7580, stack(0x000000c0dd900000,0x000000c0dda00000) (1024K)]
  0x00000258b7997b50 JavaThread "Daemon client event forwarder"        [_thread_blocked, id=13728, stack(0x000000c0dda00000,0x000000c0ddb00000) (1024K)]
  0x00000258b7995a80 JavaThread "Cache worker for file hash cache (C:\Users\ELCOT\AndroidStudioProjects\Transaction\.gradle\9.4.1\fileHashes)"        [_thread_blocked, id=19960, stack(0x000000c0db800000,0x000000c0db900000) (1024K)]
  0x00000258b7994d60 JavaThread "Cache worker for Build Output Cleanup Cache (C:\Users\ELCOT\AndroidStudioProjects\Transaction\.gradle\buildOutputCleanup)"        [_thread_blocked, id=13516, stack(0x000000c0ddb00000,0x000000c0ddc00000) (1024K)]
  0x00000258b95b5010 JavaThread "Cache worker for checksums cache (C:\Users\ELCOT\AndroidStudioProjects\Transaction\.gradle\9.4.1\checksums)"        [_thread_blocked, id=14772, stack(0x000000c0de100000,0x000000c0de200000) (1024K)]
  0x00000258b95b3c60 JavaThread "Cache worker for cache directory md-supplier (C:\Users\ELCOT\.gradle\caches\9.4.1\md-supplier)"        [_thread_blocked, id=20536, stack(0x000000c0de200000,0x000000c0de300000) (1024K)]
  0x00000258bf03d800 JavaThread "Cache worker for cache directory md-rule (C:\Users\ELCOT\.gradle\caches\9.4.1\md-rule)"        [_thread_blocked, id=22188, stack(0x000000c0de600000,0x000000c0de700000) (1024K)]
  0x00000258b95b5d30 JavaThread "Build operations"                  [_thread_blocked, id=22728, stack(0x000000c0de800000,0x000000c0de900000) (1024K)]
  0x00000258b95b42f0 JavaThread "Build operations Thread 2"         [_thread_blocked, id=2744, stack(0x000000c0dee00000,0x000000c0def00000) (1024K)]
  0x00000258b95b63c0 JavaThread "Build operations Thread 3"         [_thread_blocked, id=18676, stack(0x000000c0def00000,0x000000c0df000000) (1024K)]
  0x00000258b78e7e60 JavaThread "Build operations Thread 4"         [_thread_blocked, id=23180, stack(0x000000c0df000000,0x000000c0df100000) (1024K)]
  0x00000258b78e5700 JavaThread "Build operations Thread 5"         [_thread_blocked, id=19280, stack(0x000000c0df100000,0x000000c0df200000) (1024K)]
  0x00000258b78e6420 JavaThread "Build operations Thread 6"         [_thread_blocked, id=18784, stack(0x000000c0df200000,0x000000c0df300000) (1024K)]
  0x00000258b78e7140 JavaThread "Build operations Thread 7"         [_thread_blocked, id=20412, stack(0x000000c0df300000,0x000000c0df400000) (1024K)]
  0x00000258b78e6ab0 JavaThread "Build operations Thread 8"         [_thread_blocked, id=3360, stack(0x000000c0df400000,0x000000c0df500000) (1024K)]
  0x00000258b95b6a50 JavaThread "Kotlin DSL Writer"                 [_thread_blocked, id=4216, stack(0x000000c0de700000,0x000000c0de800000) (1024K)]
  0x00000258b8991df0 JavaThread "pool-25-thread-1"                  [_thread_blocked, id=14896, stack(0x000000c0df500000,0x000000c0df600000) (1024K)]
  0x00000258bf9b2b00 JavaThread "C2 CompilerThread1"         daemon [_thread_in_native, id=22672, stack(0x000000c0df800000,0x000000c0df900000) (1024K)]
Total: 59

Other Threads:
  0x00000258a74c1c10 VMThread "VM Thread"                           [id=19584, stack(0x000000c0dc000000,0x000000c0dc100000) (1024K)]
  0x00000258a747bbe0 WatcherThread "VM Periodic Task Thread"        [id=22616, stack(0x000000c0dbf00000,0x000000c0dc000000) (1024K)]
  0x000002588fe42c90 WorkerThread "GC Thread#0"                     [id=23796, stack(0x000000c0dba00000,0x000000c0dbb00000) (1024K)]
  0x00000258accf54a0 WorkerThread "GC Thread#1"                     [id=21340, stack(0x000000c0dcc00000,0x000000c0dcd00000) (1024K)]
  0x00000258acb2c6c0 WorkerThread "GC Thread#2"                     [id=17180, stack(0x000000c0dcd00000,0x000000c0dce00000) (1024K)]
  0x00000258acb2ca70 WorkerThread "GC Thread#3"                     [id=2288, stack(0x000000c0dce00000,0x000000c0dcf00000) (1024K)]
  0x00000258accd2760 WorkerThread "GC Thread#4"                     [id=23392, stack(0x000000c0dcf00000,0x000000c0dd000000) (1024K)]
  0x00000258adfa7440 WorkerThread "GC Thread#5"                     [id=16156, stack(0x000000c0dd400000,0x000000c0dd500000) (1024K)]
  0x00000258adfa77f0 WorkerThread "GC Thread#6"                     [id=16248, stack(0x000000c0dd500000,0x000000c0dd600000) (1024K)]
  0x00000258adfa7ba0 WorkerThread "GC Thread#7"                     [id=20224, stack(0x000000c0dd600000,0x000000c0dd700000) (1024K)]
  0x000002588fe53b90 ConcurrentGCThread "G1 Main Marker"            [id=20312, stack(0x000000c0dbb00000,0x000000c0dbc00000) (1024K)]
  0x000002588fe553f0 WorkerThread "G1 Conc#0"                       [id=24200, stack(0x000000c0dbc00000,0x000000c0dbd00000) (1024K)]
  0x00000258adfa8300 WorkerThread "G1 Conc#1"                       [id=8160, stack(0x000000c0dd700000,0x000000c0dd800000) (1024K)]
  0x000002588feae610 ConcurrentGCThread "G1 Refine#0"               [id=19804, stack(0x000000c0dbd00000,0x000000c0dbe00000) (1024K)]
  0x000002588feaeb50 ConcurrentGCThread "G1 Service"                [id=21864, stack(0x000000c0dbe00000,0x000000c0dbf00000) (1024K)]
Total: 15

Threads with active compile tasks:
C2 CompilerThread0  12396998 41611   !   4       org.gradle.api.internal.artifacts.transform.AttributeMatchingArtifactVariantSelector::select (29 bytes)
C2 CompilerThread1  12396998 41612       4       org.gradle.api.internal.artifacts.transform.AttributeMatchingArtifactVariantSelector::doSelect (180 bytes)
Total: 2

VM state: not at safepoint (normal execution)

VM Mutex/Monitor currently owned by a thread: None

Heap address: 0x0000000080000000, size: 2048 MB, Compressed Oops mode: 32-bit

CDS archive(s) not mapped
Compressed class space mapped at: 0x0000000100000000-0x0000000140000000, reserved size: 1073741824
Narrow klass base: 0x0000000000000000, Narrow klass shift: 3, Narrow klass range: 0x140000000

GC Precious Log:
 CardTable entry size: 512
 Card Set container configuration: InlinePtr #cards 5 size 8 Array Of Cards #cards 12 size 40 Howl #buckets 4 coarsen threshold 1843 Howl Bitmap #cards 512 size 80 coarsen threshold 460 Card regions per heap region 1 cards per card region 2048
 CPUs: 8 total, 8 available
 Memory: 7412M
 Large Page Support: Disabled
 NUMA Support: Disabled
 Compressed Oops: Enabled (32-bit)
 Heap Region Size: 1M
 Heap Min Capacity: 8M
 Heap Initial Capacity: 116M
 Heap Max Capacity: 2G
 Pre-touch: Disabled
 Parallel Workers: 8
 Concurrent Workers: 2
 Concurrent Refinement Workers: 8
 Periodic GC: Disabled

Heap:
 garbage-first heap   total 430080K, used 376679K [0x0000000080000000, 0x0000000100000000)
  region size 1024K, 110 young (112640K), 6 survivors (6144K)
 Metaspace       used 309883K, committed 311936K, reserved 1376256K
  class space    used 40265K, committed 41216K, reserved 1048576K

Heap Regions: E=young(eden), S=young(survivor), O=old, HS=humongous(starts), HC=humongous(continues), CS=collection set, F=free, TAMS=top-at-mark-start, PB=parsable bottom
|   0|0x0000000080000000, 0x0000000080100000, 0x0000000080100000|100%|HS|  |TAMS 0x0000000080000000| PB 0x0000000080000000| Complete 
|   1|0x0000000080100000, 0x0000000080200000, 0x0000000080200000|100%|HC|  |TAMS 0x0000000080100000| PB 0x0000000080100000| Complete 
|   2|0x0000000080200000, 0x0000000080300000, 0x0000000080300000|100%|HC|  |TAMS 0x0000000080200000| PB 0x0000000080200000| Complete 
|   3|0x0000000080300000, 0x0000000080400000, 0x0000000080400000|100%|HC|  |TAMS 0x0000000080300000| PB 0x0000000080300000| Complete 
|   4|0x0000000080400000, 0x0000000080500000, 0x0000000080500000|100%| O|  |TAMS 0x0000000080400000| PB 0x0000000080400000| Untracked 
|   5|0x0000000080500000, 0x0000000080600000, 0x0000000080600000|100%| O|  |TAMS 0x0000000080500000| PB 0x0000000080500000| Untracked 
|   6|0x0000000080600000, 0x0000000080700000, 0x0000000080700000|100%| O|  |TAMS 0x0000000080600000| PB 0x0000000080600000| Untracked 
|   7|0x0000000080700000, 0x0000000080800000, 0x0000000080800000|100%| O|  |TAMS 0x0000000080700000| PB 0x0000000080700000| Untracked 
|   8|0x0000000080800000, 0x0000000080900000, 0x0000000080900000|100%| O|  |TAMS 0x0000000080800000| PB 0x0000000080800000| Untracked 
|   9|0x0000000080900000, 0x0000000080a00000, 0x0000000080a00000|100%| O|  |TAMS 0x0000000080900000| PB 0x0000000080900000| Untracked 
|  10|0x0000000080a00000, 0x0000000080b00000, 0x0000000080b00000|100%| O|  |TAMS 0x0000000080a00000| PB 0x0000000080a00000| Untracked 
|  11|0x0000000080b00000, 0x0000000080c00000, 0x0000000080c00000|100%|HS|  |TAMS 0x0000000080b00000| PB 0x0000000080b00000| Complete 
|  12|0x0000000080c00000, 0x0000000080d00000, 0x0000000080d00000|100%| O|  |TAMS 0x0000000080c00000| PB 0x0000000080c00000| Untracked 
|  13|0x0000000080d00000, 0x0000000080e00000, 0x0000000080e00000|100%| O|  |TAMS 0x0000000080d00000| PB 0x0000000080d00000| Untracked 
|  14|0x0000000080e00000, 0x0000000080f00000, 0x0000000080f00000|100%| O|  |TAMS 0x0000000080e00000| PB 0x0000000080e00000| Untracked 
|  15|0x0000000080f00000, 0x0000000081000000, 0x0000000081000000|100%| O|  |TAMS 0x0000000080f00000| PB 0x0000000080f00000| Untracked 
|  16|0x0000000081000000, 0x0000000081100000, 0x0000000081100000|100%| O|  |TAMS 0x0000000081000000| PB 0x0000000081000000| Untracked 
|  17|0x0000000081100000, 0x0000000081200000, 0x0000000081200000|100%| O|  |TAMS 0x0000000081100000| PB 0x0000000081100000| Untracked 
|  18|0x0000000081200000, 0x0000000081300000, 0x0000000081300000|100%| O|  |TAMS 0x0000000081200000| PB 0x0000000081200000| Untracked 
|  19|0x0000000081300000, 0x0000000081400000, 0x0000000081400000|100%| O|  |TAMS 0x0000000081300000| PB 0x0000000081300000| Untracked 
|  20|0x0000000081400000, 0x0000000081500000, 0x0000000081500000|100%| O|  |TAMS 0x0000000081400000| PB 0x0000000081400000| Untracked 
|  21|0x0000000081500000, 0x0000000081600000, 0x0000000081600000|100%| O|  |TAMS 0x0000000081500000| PB 0x0000000081500000| Untracked 
|  22|0x0000000081600000, 0x0000000081700000, 0x0000000081700000|100%| O|  |TAMS 0x0000000081600000| PB 0x0000000081600000| Untracked 
|  23|0x0000000081700000, 0x0000000081800000, 0x0000000081800000|100%| O|  |TAMS 0x0000000081700000| PB 0x0000000081700000| Untracked 
|  24|0x0000000081800000, 0x0000000081900000, 0x0000000081900000|100%| O|  |TAMS 0x0000000081800000| PB 0x0000000081800000| Untracked 
|  25|0x0000000081900000, 0x0000000081a00000, 0x0000000081a00000|100%| O|  |TAMS 0x0000000081900000| PB 0x0000000081900000| Untracked 
|  26|0x0000000081a00000, 0x0000000081b00000, 0x0000000081b00000|100%| O|  |TAMS 0x0000000081a00000| PB 0x0000000081a00000| Untracked 
|  27|0x0000000081b00000, 0x0000000081c00000, 0x0000000081c00000|100%| O|  |TAMS 0x0000000081b00000| PB 0x0000000081b00000| Untracked 
|  28|0x0000000081c00000, 0x0000000081d00000, 0x0000000081d00000|100%| O|  |TAMS 0x0000000081c00000| PB 0x0000000081c00000| Untracked 
|  29|0x0000000081d00000, 0x0000000081e00000, 0x0000000081e00000|100%| O|  |TAMS 0x0000000081d00000| PB 0x0000000081d00000| Untracked 
|  30|0x0000000081e00000, 0x0000000081f00000, 0x0000000081f00000|100%|HS|  |TAMS 0x0000000081e00000| PB 0x0000000081e00000| Complete 
|  31|0x0000000081f00000, 0x0000000082000000, 0x0000000082000000|100%|HC|  |TAMS 0x0000000081f00000| PB 0x0000000081f00000| Complete 
|  32|0x0000000082000000, 0x0000000082100000, 0x0000000082100000|100%| O|Cm|TAMS 0x0000000082000000| PB 0x0000000082000000| Complete 
|  33|0x0000000082100000, 0x0000000082200000, 0x0000000082200000|100%| O|Cm|TAMS 0x0000000082100000| PB 0x0000000082100000| Complete 
|  34|0x0000000082200000, 0x0000000082300000, 0x0000000082300000|100%| O|  |TAMS 0x0000000082200000| PB 0x0000000082200000| Untracked 
|  35|0x0000000082300000, 0x0000000082400000, 0x0000000082400000|100%| O|  |TAMS 0x0000000082300000| PB 0x0000000082300000| Untracked 
|  36|0x0000000082400000, 0x0000000082500000, 0x0000000082500000|100%| O|  |TAMS 0x0000000082400000| PB 0x0000000082400000| Untracked 
|  37|0x0000000082500000, 0x0000000082600000, 0x0000000082600000|100%| O|  |TAMS 0x0000000082500000| PB 0x0000000082500000| Untracked 
|  38|0x0000000082600000, 0x0000000082700000, 0x0000000082700000|100%| O|  |TAMS 0x0000000082600000| PB 0x0000000082600000| Untracked 
|  39|0x0000000082700000, 0x0000000082800000, 0x0000000082800000|100%| O|Cm|TAMS 0x0000000082700000| PB 0x0000000082700000| Complete 
|  40|0x0000000082800000, 0x0000000082900000, 0x0000000082900000|100%| O|  |TAMS 0x0000000082800000| PB 0x0000000082800000| Untracked 
|  41|0x0000000082900000, 0x0000000082a00000, 0x0000000082a00000|100%|HS|  |TAMS 0x0000000082900000| PB 0x0000000082900000| Complete 
|  42|0x0000000082a00000, 0x0000000082b00000, 0x0000000082b00000|100%| O|  |TAMS 0x0000000082a00000| PB 0x0000000082a00000| Untracked 
|  43|0x0000000082b00000, 0x0000000082c00000, 0x0000000082c00000|100%| O|  |TAMS 0x0000000082b00000| PB 0x0000000082b00000| Untracked 
|  44|0x0000000082c00000, 0x0000000082d00000, 0x0000000082d00000|100%| O|  |TAMS 0x0000000082c00000| PB 0x0000000082c00000| Untracked 
|  45|0x0000000082d00000, 0x0000000082e00000, 0x0000000082e00000|100%|HS|  |TAMS 0x0000000082d00000| PB 0x0000000082d00000| Complete 
|  46|0x0000000082e00000, 0x0000000082f00000, 0x0000000082f00000|100%| O|  |TAMS 0x0000000082e00000| PB 0x0000000082e00000| Untracked 
|  47|0x0000000082f00000, 0x0000000083000000, 0x0000000083000000|100%| O|  |TAMS 0x0000000082f00000| PB 0x0000000082f00000| Untracked 
|  48|0x0000000083000000, 0x0000000083100000, 0x0000000083100000|100%| O|  |TAMS 0x0000000083000000| PB 0x0000000083000000| Untracked 
|  49|0x0000000083100000, 0x0000000083200000, 0x0000000083200000|100%|HS|  |TAMS 0x0000000083100000| PB 0x0000000083100000| Complete 
|  50|0x0000000083200000, 0x0000000083300000, 0x0000000083300000|100%| O|  |TAMS 0x0000000083200000| PB 0x0000000083200000| Untracked 
|  51|0x0000000083300000, 0x0000000083400000, 0x0000000083400000|100%| O|  |TAMS 0x0000000083300000| PB 0x0000000083300000| Untracked 
|  52|0x0000000083400000, 0x0000000083500000, 0x0000000083500000|100%| O|  |TAMS 0x0000000083400000| PB 0x0000000083400000| Untracked 
|  53|0x0000000083500000, 0x0000000083500000, 0x0000000083600000|  0%| F|  |TAMS 0x0000000083500000| PB 0x0000000083500000| Untracked 
|  54|0x0000000083600000, 0x0000000083700000, 0x0000000083700000|100%| O|  |TAMS 0x0000000083600000| PB 0x0000000083600000| Untracked 
|  55|0x0000000083700000, 0x0000000083800000, 0x0000000083800000|100%| O|  |TAMS 0x0000000083700000| PB 0x0000000083700000| Untracked 
|  56|0x0000000083800000, 0x0000000083900000, 0x0000000083900000|100%| O|  |TAMS 0x0000000083800000| PB 0x0000000083800000| Untracked 
|  57|0x0000000083900000, 0x0000000083a00000, 0x0000000083a00000|100%|HS|  |TAMS 0x0000000083900000| PB 0x0000000083900000| Complete 
|  58|0x0000000083a00000, 0x0000000083b00000, 0x0000000083b00000|100%| O|  |TAMS 0x0000000083a00000| PB 0x0000000083a00000| Untracked 
|  59|0x0000000083b00000, 0x0000000083c00000, 0x0000000083c00000|100%|HS|  |TAMS 0x0000000083b00000| PB 0x0000000083b00000| Complete 
|  60|0x0000000083c00000, 0x0000000083d00000, 0x0000000083d00000|100%|HS|  |TAMS 0x0000000083c00000| PB 0x0000000083c00000| Complete 
|  61|0x0000000083d00000, 0x0000000083e00000, 0x0000000083e00000|100%|HS|  |TAMS 0x0000000083d00000| PB 0x0000000083d00000| Complete 
|  62|0x0000000083e00000, 0x0000000083f00000, 0x0000000083f00000|100%|HC|  |TAMS 0x0000000083e00000| PB 0x0000000083e00000| Complete 
|  63|0x0000000083f00000, 0x0000000084000000, 0x0000000084000000|100%|HS|  |TAMS 0x0000000083f00000| PB 0x0000000083f00000| Complete 
|  64|0x0000000084000000, 0x0000000084100000, 0x0000000084100000|100%|HC|  |TAMS 0x0000000084000000| PB 0x0000000084000000| Complete 
|  65|0x0000000084100000, 0x0000000084200000, 0x0000000084200000|100%|HS|  |TAMS 0x0000000084100000| PB 0x0000000084100000| Complete 
|  66|0x0000000084200000, 0x0000000084300000, 0x0000000084300000|100%| O|  |TAMS 0x0000000084200000| PB 0x0000000084200000| Untracked 
|  67|0x0000000084300000, 0x0000000084300000, 0x0000000084400000|  0%| F|  |TAMS 0x0000000084300000| PB 0x0000000084300000| Untracked 
|  68|0x0000000084400000, 0x0000000084500000, 0x0000000084500000|100%|HS|  |TAMS 0x0000000084400000| PB 0x0000000084400000| Complete 
|  69|0x0000000084500000, 0x0000000084600000, 0x0000000084600000|100%|HC|  |TAMS 0x0000000084500000| PB 0x0000000084500000| Complete 
|  70|0x0000000084600000, 0x0000000084700000, 0x0000000084700000|100%|HC|  |TAMS 0x0000000084600000| PB 0x0000000084600000| Complete 
|  71|0x0000000084700000, 0x0000000084800000, 0x0000000084800000|100%| O|  |TAMS 0x0000000084700000| PB 0x0000000084700000| Untracked 
|  72|0x0000000084800000, 0x0000000084900000, 0x0000000084900000|100%| O|  |TAMS 0x0000000084800000| PB 0x0000000084800000| Untracked 
|  73|0x0000000084900000, 0x0000000084a00000, 0x0000000084a00000|100%| O|  |TAMS 0x0000000084900000| PB 0x0000000084900000| Untracked 
|  74|0x0000000084a00000, 0x0000000084b00000, 0x0000000084b00000|100%| O|  |TAMS 0x0000000084a00000| PB 0x0000000084a00000| Untracked 
|  75|0x0000000084b00000, 0x0000000084c00000, 0x0000000084c00000|100%| O|  |TAMS 0x0000000084b00000| PB 0x0000000084b00000| Untracked 
|  76|0x0000000084c00000, 0x0000000084d00000, 0x0000000084d00000|100%| O|  |TAMS 0x0000000084c00000| PB 0x0000000084c00000| Untracked 
|  77|0x0000000084d00000, 0x0000000084e00000, 0x0000000084e00000|100%| O|  |TAMS 0x0000000084d00000| PB 0x0000000084d00000| Untracked 
|  78|0x0000000084e00000, 0x0000000084f00000, 0x0000000084f00000|100%|HS|  |TAMS 0x0000000084e00000| PB 0x0000000084e00000| Complete 
|  79|0x0000000084f00000, 0x0000000085000000, 0x0000000085000000|100%| O|  |TAMS 0x0000000084f00000| PB 0x0000000084f00000| Untracked 
|  80|0x0000000085000000, 0x0000000085100000, 0x0000000085100000|100%|HS|  |TAMS 0x0000000085000000| PB 0x0000000085000000| Complete 
|  81|0x0000000085100000, 0x0000000085200000, 0x0000000085200000|100%|HC|  |TAMS 0x0000000085100000| PB 0x0000000085100000| Complete 
|  82|0x0000000085200000, 0x0000000085300000, 0x0000000085300000|100%|HC|  |TAMS 0x0000000085200000| PB 0x0000000085200000| Complete 
|  83|0x0000000085300000, 0x0000000085400000, 0x0000000085400000|100%| O|  |TAMS 0x0000000085300000| PB 0x0000000085300000| Untracked 
|  84|0x0000000085400000, 0x0000000085500000, 0x0000000085500000|100%| O|  |TAMS 0x0000000085400000| PB 0x0000000085400000| Untracked 
|  85|0x0000000085500000, 0x0000000085600000, 0x0000000085600000|100%| O|  |TAMS 0x0000000085500000| PB 0x0000000085500000| Untracked 
|  86|0x0000000085600000, 0x0000000085700000, 0x0000000085700000|100%| O|  |TAMS 0x0000000085600000| PB 0x0000000085600000| Untracked 
|  87|0x0000000085700000, 0x0000000085700000, 0x0000000085800000|  0%| F|  |TAMS 0x0000000085700000| PB 0x0000000085700000| Untracked 
|  88|0x0000000085800000, 0x0000000085900000, 0x0000000085900000|100%| O|  |TAMS 0x0000000085800000| PB 0x0000000085800000| Untracked 
|  89|0x0000000085900000, 0x0000000085a00000, 0x0000000085a00000|100%| O|  |TAMS 0x0000000085900000| PB 0x0000000085900000| Untracked 
|  90|0x0000000085a00000, 0x0000000085b00000, 0x0000000085b00000|100%| O|  |TAMS 0x0000000085a00000| PB 0x0000000085a00000| Untracked 
|  91|0x0000000085b00000, 0x0000000085c00000, 0x0000000085c00000|100%| O|  |TAMS 0x0000000085b00000| PB 0x0000000085b00000| Untracked 
|  92|0x0000000085c00000, 0x0000000085d00000, 0x0000000085d00000|100%| O|  |TAMS 0x0000000085c00000| PB 0x0000000085c00000| Untracked 
|  93|0x0000000085d00000, 0x0000000085e00000, 0x0000000085e00000|100%| O|  |TAMS 0x0000000085d00000| PB 0x0000000085d00000| Untracked 
|  94|0x0000000085e00000, 0x0000000085f00000, 0x0000000085f00000|100%| O|  |TAMS 0x0000000085e00000| PB 0x0000000085e00000| Untracked 
|  95|0x0000000085f00000, 0x0000000086000000, 0x0000000086000000|100%| O|  |TAMS 0x0000000085f00000| PB 0x0000000085f00000| Untracked 
|  96|0x0000000086000000, 0x0000000086100000, 0x0000000086100000|100%| O|  |TAMS 0x0000000086000000| PB 0x0000000086000000| Untracked 
|  97|0x0000000086100000, 0x0000000086200000, 0x0000000086200000|100%| O|  |TAMS 0x0000000086100000| PB 0x0000000086100000| Untracked 
|  98|0x0000000086200000, 0x0000000086300000, 0x0000000086300000|100%| O|  |TAMS 0x0000000086200000| PB 0x0000000086200000| Untracked 
|  99|0x0000000086300000, 0x0000000086400000, 0x0000000086400000|100%| O|  |TAMS 0x0000000086300000| PB 0x0000000086300000| Untracked 
| 100|0x0000000086400000, 0x0000000086500000, 0x0000000086500000|100%| O|  |TAMS 0x0000000086400000| PB 0x0000000086400000| Untracked 
| 101|0x0000000086500000, 0x0000000086600000, 0x0000000086600000|100%| O|  |TAMS 0x0000000086500000| PB 0x0000000086500000| Untracked 
| 102|0x0000000086600000, 0x0000000086700000, 0x0000000086700000|100%| O|  |TAMS 0x0000000086600000| PB 0x0000000086600000| Untracked 
| 103|0x0000000086700000, 0x0000000086800000, 0x0000000086800000|100%| O|  |TAMS 0x0000000086700000| PB 0x0000000086700000| Untracked 
| 104|0x0000000086800000, 0x0000000086900000, 0x0000000086900000|100%| O|  |TAMS 0x0000000086800000| PB 0x0000000086800000| Untracked 
| 105|0x0000000086900000, 0x0000000086a00000, 0x0000000086a00000|100%| O|  |TAMS 0x0000000086900000| PB 0x0000000086900000| Untracked 
| 106|0x0000000086a00000, 0x0000000086b00000, 0x0000000086b00000|100%| O|  |TAMS 0x0000000086a00000| PB 0x0000000086a00000| Untracked 
| 107|0x0000000086b00000, 0x0000000086c00000, 0x0000000086c00000|100%| O|  |TAMS 0x0000000086b00000| PB 0x0000000086b00000| Untracked 
| 108|0x0000000086c00000, 0x0000000086d00000, 0x0000000086d00000|100%| O|Cm|TAMS 0x0000000086c00000| PB 0x0000000086c00000| Complete 
| 109|0x0000000086d00000, 0x0000000086e00000, 0x0000000086e00000|100%| O|  |TAMS 0x0000000086d00000| PB 0x0000000086d00000| Untracked 
| 110|0x0000000086e00000, 0x0000000086f00000, 0x0000000086f00000|100%| O|  |TAMS 0x0000000086e00000| PB 0x0000000086e00000| Untracked 
| 111|0x0000000086f00000, 0x0000000087000000, 0x0000000087000000|100%| O|  |TAMS 0x0000000086f00000| PB 0x0000000086f00000| Untracked 
| 112|0x0000000087000000, 0x0000000087100000, 0x0000000087100000|100%| O|  |TAMS 0x0000000087000000| PB 0x0000000087000000| Untracked 
| 113|0x0000000087100000, 0x0000000087200000, 0x0000000087200000|100%| O|  |TAMS 0x0000000087100000| PB 0x0000000087100000| Untracked 
| 114|0x0000000087200000, 0x0000000087300000, 0x0000000087300000|100%| O|  |TAMS 0x0000000087200000| PB 0x0000000087200000| Untracked 
| 115|0x0000000087300000, 0x0000000087400000, 0x0000000087400000|100%| O|  |TAMS 0x0000000087300000| PB 0x0000000087300000| Untracked 
| 116|0x0000000087400000, 0x0000000087500000, 0x0000000087500000|100%| O|  |TAMS 0x0000000087400000| PB 0x0000000087400000| Untracked 
| 117|0x0000000087500000, 0x0000000087600000, 0x0000000087600000|100%| O|  |TAMS 0x0000000087500000| PB 0x0000000087500000| Untracked 
| 118|0x0000000087600000, 0x0000000087700000, 0x0000000087700000|100%| O|  |TAMS 0x0000000087600000| PB 0x0000000087600000| Untracked 
| 119|0x0000000087700000, 0x0000000087800000, 0x0000000087800000|100%|HS|  |TAMS 0x0000000087700000| PB 0x0000000087700000| Complete 
| 120|0x0000000087800000, 0x0000000087900000, 0x0000000087900000|100%| O|  |TAMS 0x0000000087800000| PB 0x0000000087800000| Untracked 
| 121|0x0000000087900000, 0x0000000087a00000, 0x0000000087a00000|100%| O|  |TAMS 0x0000000087900000| PB 0x0000000087900000| Untracked 
| 122|0x0000000087a00000, 0x0000000087b00000, 0x0000000087b00000|100%| O|  |TAMS 0x0000000087a00000| PB 0x0000000087a00000| Untracked 
| 123|0x0000000087b00000, 0x0000000087c00000, 0x0000000087c00000|100%| O|  |TAMS 0x0000000087b00000| PB 0x0000000087b00000| Untracked 
| 124|0x0000000087c00000, 0x0000000087d00000, 0x0000000087d00000|100%| O|  |TAMS 0x0000000087c00000| PB 0x0000000087c00000| Untracked 
| 125|0x0000000087d00000, 0x0000000087e00000, 0x0000000087e00000|100%| O|  |TAMS 0x0000000087d00000| PB 0x0000000087d00000| Untracked 
| 126|0x0000000087e00000, 0x0000000087f00000, 0x0000000087f00000|100%| O|  |TAMS 0x0000000087e00000| PB 0x0000000087e00000| Untracked 
| 127|0x0000000087f00000, 0x0000000088000000, 0x0000000088000000|100%| O|  |TAMS 0x0000000087f00000| PB 0x0000000087f00000| Untracked 
| 128|0x0000000088000000, 0x0000000088100000, 0x0000000088100000|100%| O|  |TAMS 0x0000000088000000| PB 0x0000000088000000| Untracked 
| 129|0x0000000088100000, 0x0000000088200000, 0x0000000088200000|100%| O|  |TAMS 0x0000000088100000| PB 0x0000000088100000| Untracked 
| 130|0x0000000088200000, 0x0000000088300000, 0x0000000088300000|100%| O|  |TAMS 0x0000000088200000| PB 0x0000000088200000| Untracked 
| 131|0x0000000088300000, 0x0000000088400000, 0x0000000088400000|100%| O|Cm|TAMS 0x0000000088300000| PB 0x0000000088300000| Complete 
| 132|0x0000000088400000, 0x0000000088500000, 0x0000000088500000|100%| O|  |TAMS 0x0000000088400000| PB 0x0000000088400000| Untracked 
| 133|0x0000000088500000, 0x0000000088600000, 0x0000000088600000|100%| O|  |TAMS 0x0000000088500000| PB 0x0000000088500000| Untracked 
| 134|0x0000000088600000, 0x0000000088700000, 0x0000000088700000|100%| O|  |TAMS 0x0000000088600000| PB 0x0000000088600000| Untracked 
| 135|0x0000000088700000, 0x0000000088800000, 0x0000000088800000|100%| O|  |TAMS 0x0000000088700000| PB 0x0000000088700000| Untracked 
| 136|0x0000000088800000, 0x0000000088900000, 0x0000000088900000|100%| O|Cm|TAMS 0x0000000088800000| PB 0x0000000088800000| Complete 
| 137|0x0000000088900000, 0x0000000088a00000, 0x0000000088a00000|100%| O|  |TAMS 0x0000000088900000| PB 0x0000000088900000| Untracked 
| 138|0x0000000088a00000, 0x0000000088b00000, 0x0000000088b00000|100%| O|Cm|TAMS 0x0000000088a00000| PB 0x0000000088a00000| Complete 
| 139|0x0000000088b00000, 0x0000000088c00000, 0x0000000088c00000|100%| O|  |TAMS 0x0000000088b00000| PB 0x0000000088b00000| Untracked 
| 140|0x0000000088c00000, 0x0000000088d00000, 0x0000000088d00000|100%|HS|  |TAMS 0x0000000088c00000| PB 0x0000000088c00000| Complete 
| 141|0x0000000088d00000, 0x0000000088e00000, 0x0000000088e00000|100%| O|  |TAMS 0x0000000088d00000| PB 0x0000000088d00000| Untracked 
| 142|0x0000000088e00000, 0x0000000088f00000, 0x0000000088f00000|100%| O|  |TAMS 0x0000000088e00000| PB 0x0000000088e00000| Untracked 
| 143|0x0000000088f00000, 0x0000000089000000, 0x0000000089000000|100%| O|  |TAMS 0x0000000088f00000| PB 0x0000000088f00000| Untracked 
| 144|0x0000000089000000, 0x0000000089100000, 0x0000000089100000|100%| O|  |TAMS 0x0000000089000000| PB 0x0000000089000000| Untracked 
| 145|0x0000000089100000, 0x0000000089200000, 0x0000000089200000|100%| O|  |TAMS 0x0000000089100000| PB 0x0000000089100000| Untracked 
| 146|0x0000000089200000, 0x0000000089300000, 0x0000000089300000|100%| O|  |TAMS 0x0000000089200000| PB 0x0000000089200000| Untracked 
| 147|0x0000000089300000, 0x0000000089400000, 0x0000000089400000|100%| O|  |TAMS 0x0000000089300000| PB 0x0000000089300000| Untracked 
| 148|0x0000000089400000, 0x0000000089500000, 0x0000000089500000|100%| O|  |TAMS 0x0000000089400000| PB 0x0000000089400000| Untracked 
| 149|0x0000000089500000, 0x0000000089600000, 0x0000000089600000|100%| O|  |TAMS 0x0000000089500000| PB 0x0000000089500000| Untracked 
| 150|0x0000000089600000, 0x0000000089700000, 0x0000000089700000|100%| O|  |TAMS 0x0000000089600000| PB 0x0000000089600000| Untracked 
| 151|0x0000000089700000, 0x0000000089800000, 0x0000000089800000|100%| O|  |TAMS 0x0000000089700000| PB 0x0000000089700000| Untracked 
| 152|0x0000000089800000, 0x0000000089900000, 0x0000000089900000|100%| O|  |TAMS 0x0000000089800000| PB 0x0000000089800000| Untracked 
| 153|0x0000000089900000, 0x0000000089a00000, 0x0000000089a00000|100%| O|  |TAMS 0x0000000089900000| PB 0x0000000089900000| Untracked 
| 154|0x0000000089a00000, 0x0000000089b00000, 0x0000000089b00000|100%| O|  |TAMS 0x0000000089a00000| PB 0x0000000089a00000| Untracked 
| 155|0x0000000089b00000, 0x0000000089c00000, 0x0000000089c00000|100%| O|  |TAMS 0x0000000089b00000| PB 0x0000000089b00000| Untracked 
| 156|0x0000000089c00000, 0x0000000089d00000, 0x0000000089d00000|100%| O|  |TAMS 0x0000000089c00000| PB 0x0000000089c00000| Untracked 
| 157|0x0000000089d00000, 0x0000000089e00000, 0x0000000089e00000|100%| O|  |TAMS 0x0000000089d00000| PB 0x0000000089d00000| Untracked 
| 158|0x0000000089e00000, 0x0000000089f00000, 0x0000000089f00000|100%| O|  |TAMS 0x0000000089e00000| PB 0x0000000089e00000| Untracked 
| 159|0x0000000089f00000, 0x000000008a000000, 0x000000008a000000|100%| O|Cm|TAMS 0x0000000089f00000| PB 0x0000000089f00000| Complete 
| 160|0x000000008a000000, 0x000000008a100000, 0x000000008a100000|100%| O|  |TAMS 0x000000008a000000| PB 0x000000008a000000| Untracked 
| 161|0x000000008a100000, 0x000000008a200000, 0x000000008a200000|100%| O|  |TAMS 0x000000008a100000| PB 0x000000008a100000| Untracked 
| 162|0x000000008a200000, 0x000000008a300000, 0x000000008a300000|100%| O|  |TAMS 0x000000008a200000| PB 0x000000008a200000| Untracked 
| 163|0x000000008a300000, 0x000000008a400000, 0x000000008a400000|100%| O|  |TAMS 0x000000008a300000| PB 0x000000008a300000| Untracked 
| 164|0x000000008a400000, 0x000000008a500000, 0x000000008a500000|100%| O|  |TAMS 0x000000008a400000| PB 0x000000008a400000| Untracked 
| 165|0x000000008a500000, 0x000000008a600000, 0x000000008a600000|100%| O|  |TAMS 0x000000008a500000| PB 0x000000008a500000| Untracked 
| 166|0x000000008a600000, 0x000000008a700000, 0x000000008a700000|100%| O|  |TAMS 0x000000008a600000| PB 0x000000008a600000| Untracked 
| 167|0x000000008a700000, 0x000000008a800000, 0x000000008a800000|100%| O|  |TAMS 0x000000008a700000| PB 0x000000008a700000| Untracked 
| 168|0x000000008a800000, 0x000000008a900000, 0x000000008a900000|100%| O|  |TAMS 0x000000008a800000| PB 0x000000008a800000| Untracked 
| 169|0x000000008a900000, 0x000000008aa00000, 0x000000008aa00000|100%| O|  |TAMS 0x000000008a900000| PB 0x000000008a900000| Untracked 
| 170|0x000000008aa00000, 0x000000008aa00000, 0x000000008ab00000|  0%| F|  |TAMS 0x000000008aa00000| PB 0x000000008aa00000| Untracked 
| 171|0x000000008ab00000, 0x000000008ac00000, 0x000000008ac00000|100%| O|  |TAMS 0x000000008ab00000| PB 0x000000008ab00000| Untracked 
| 172|0x000000008ac00000, 0x000000008ad00000, 0x000000008ad00000|100%| O|  |TAMS 0x000000008ac00000| PB 0x000000008ac00000| Untracked 
| 173|0x000000008ad00000, 0x000000008ae00000, 0x000000008ae00000|100%| O|Cm|TAMS 0x000000008ad00000| PB 0x000000008ad00000| Complete 
| 174|0x000000008ae00000, 0x000000008af00000, 0x000000008af00000|100%| O|Cm|TAMS 0x000000008ae00000| PB 0x000000008ae00000| Complete 
| 175|0x000000008af00000, 0x000000008b000000, 0x000000008b000000|100%|HS|  |TAMS 0x000000008af00000| PB 0x000000008af00000| Complete 
| 176|0x000000008b000000, 0x000000008b100000, 0x000000008b100000|100%|HC|  |TAMS 0x000000008b000000| PB 0x000000008b000000| Complete 
| 177|0x000000008b100000, 0x000000008b200000, 0x000000008b200000|100%|HS|  |TAMS 0x000000008b100000| PB 0x000000008b100000| Complete 
| 178|0x000000008b200000, 0x000000008b300000, 0x000000008b300000|100%|HC|  |TAMS 0x000000008b200000| PB 0x000000008b200000| Complete 
| 179|0x000000008b300000, 0x000000008b400000, 0x000000008b400000|100%| O|Cm|TAMS 0x000000008b300000| PB 0x000000008b300000| Complete 
| 180|0x000000008b400000, 0x000000008b500000, 0x000000008b500000|100%| O|  |TAMS 0x000000008b400000| PB 0x000000008b400000| Untracked 
| 181|0x000000008b500000, 0x000000008b600000, 0x000000008b600000|100%| O|  |TAMS 0x000000008b500000| PB 0x000000008b500000| Untracked 
| 182|0x000000008b600000, 0x000000008b700000, 0x000000008b700000|100%| O|  |TAMS 0x000000008b600000| PB 0x000000008b600000| Untracked 
| 183|0x000000008b700000, 0x000000008b800000, 0x000000008b800000|100%| O|  |TAMS 0x000000008b700000| PB 0x000000008b700000| Untracked 
| 184|0x000000008b800000, 0x000000008b900000, 0x000000008b900000|100%| O|Cm|TAMS 0x000000008b800000| PB 0x000000008b800000| Complete 
| 185|0x000000008b900000, 0x000000008ba00000, 0x000000008ba00000|100%| O|Cm|TAMS 0x000000008b900000| PB 0x000000008b900000| Complete 
| 186|0x000000008ba00000, 0x000000008bb00000, 0x000000008bb00000|100%| O|  |TAMS 0x000000008ba00000| PB 0x000000008ba00000| Untracked 
| 187|0x000000008bb00000, 0x000000008bc00000, 0x000000008bc00000|100%|HS|  |TAMS 0x000000008bb00000| PB 0x000000008bb00000| Complete 
| 188|0x000000008bc00000, 0x000000008bd00000, 0x000000008bd00000|100%|HC|  |TAMS 0x000000008bc00000| PB 0x000000008bc00000| Complete 
| 189|0x000000008bd00000, 0x000000008be00000, 0x000000008be00000|100%|HC|  |TAMS 0x000000008bd00000| PB 0x000000008bd00000| Complete 
| 190|0x000000008be00000, 0x000000008bf00000, 0x000000008bf00000|100%|HC|  |TAMS 0x000000008be00000| PB 0x000000008be00000| Complete 
| 191|0x000000008bf00000, 0x000000008c000000, 0x000000008c000000|100%|HC|  |TAMS 0x000000008bf00000| PB 0x000000008bf00000| Complete 
| 192|0x000000008c000000, 0x000000008c100000, 0x000000008c100000|100%|HC|  |TAMS 0x000000008c000000| PB 0x000000008c000000| Complete 
| 193|0x000000008c100000, 0x000000008c200000, 0x000000008c200000|100%|HS|  |TAMS 0x000000008c100000| PB 0x000000008c100000| Complete 
| 194|0x000000008c200000, 0x000000008c300000, 0x000000008c300000|100%|HC|  |TAMS 0x000000008c200000| PB 0x000000008c200000| Complete 
| 195|0x000000008c300000, 0x000000008c400000, 0x000000008c400000|100%|HC|  |TAMS 0x000000008c300000| PB 0x000000008c300000| Complete 
| 196|0x000000008c400000, 0x000000008c500000, 0x000000008c500000|100%|HC|  |TAMS 0x000000008c400000| PB 0x000000008c400000| Complete 
| 197|0x000000008c500000, 0x000000008c600000, 0x000000008c600000|100%|HC|  |TAMS 0x000000008c500000| PB 0x000000008c500000| Complete 
| 198|0x000000008c600000, 0x000000008c700000, 0x000000008c700000|100%|HC|  |TAMS 0x000000008c600000| PB 0x000000008c600000| Complete 
| 199|0x000000008c700000, 0x000000008c800000, 0x000000008c800000|100%| O|  |TAMS 0x000000008c700000| PB 0x000000008c700000| Untracked 
| 200|0x000000008c800000, 0x000000008c900000, 0x000000008c900000|100%| O|Cm|TAMS 0x000000008c800000| PB 0x000000008c800000| Complete 
| 201|0x000000008c900000, 0x000000008ca00000, 0x000000008ca00000|100%| O|Cm|TAMS 0x000000008c900000| PB 0x000000008c900000| Complete 
| 202|0x000000008ca00000, 0x000000008cb00000, 0x000000008cb00000|100%| O|Cm|TAMS 0x000000008ca00000| PB 0x000000008ca00000| Complete 
| 203|0x000000008cb00000, 0x000000008cc00000, 0x000000008cc00000|100%| O|  |TAMS 0x000000008cb00000| PB 0x000000008cb00000| Untracked 
| 204|0x000000008cc00000, 0x000000008cd00000, 0x000000008cd00000|100%| O|Cm|TAMS 0x000000008cc00000| PB 0x000000008cc00000| Complete 
| 205|0x000000008cd00000, 0x000000008ce00000, 0x000000008ce00000|100%| O|  |TAMS 0x000000008cd00000| PB 0x000000008cd00000| Untracked 
| 206|0x000000008ce00000, 0x000000008cf00000, 0x000000008cf00000|100%| O|Cm|TAMS 0x000000008ce00000| PB 0x000000008ce00000| Complete 
| 207|0x000000008cf00000, 0x000000008d000000, 0x000000008d000000|100%| O|Cm|TAMS 0x000000008cf00000| PB 0x000000008cf00000| Complete 
| 208|0x000000008d000000, 0x000000008d100000, 0x000000008d100000|100%| O|  |TAMS 0x000000008d000000| PB 0x000000008d000000| Untracked 
| 209|0x000000008d100000, 0x000000008d200000, 0x000000008d200000|100%| O|Cm|TAMS 0x000000008d100000| PB 0x000000008d100000| Complete 
| 210|0x000000008d200000, 0x000000008d300000, 0x000000008d300000|100%| O|Cm|TAMS 0x000000008d200000| PB 0x000000008d200000| Complete 
| 211|0x000000008d300000, 0x000000008d400000, 0x000000008d400000|100%| O|  |TAMS 0x000000008d300000| PB 0x000000008d300000| Untracked 
| 212|0x000000008d400000, 0x000000008d500000, 0x000000008d500000|100%| O|  |TAMS 0x000000008d400000| PB 0x000000008d400000| Untracked 
| 213|0x000000008d500000, 0x000000008d600000, 0x000000008d600000|100%| O|  |TAMS 0x000000008d500000| PB 0x000000008d500000| Untracked 
| 214|0x000000008d600000, 0x000000008d700000, 0x000000008d700000|100%| O|  |TAMS 0x000000008d600000| PB 0x000000008d600000| Untracked 
| 215|0x000000008d700000, 0x000000008d800000, 0x000000008d800000|100%| O|  |TAMS 0x000000008d700000| PB 0x000000008d700000| Untracked 
| 216|0x000000008d800000, 0x000000008d900000, 0x000000008d900000|100%| O|  |TAMS 0x000000008d800000| PB 0x000000008d800000| Untracked 
| 217|0x000000008d900000, 0x000000008da00000, 0x000000008da00000|100%| O|  |TAMS 0x000000008d900000| PB 0x000000008d900000| Untracked 
| 218|0x000000008da00000, 0x000000008db00000, 0x000000008db00000|100%| O|  |TAMS 0x000000008da00000| PB 0x000000008da00000| Untracked 
| 219|0x000000008db00000, 0x000000008dc00000, 0x000000008dc00000|100%| O|  |TAMS 0x000000008db00000| PB 0x000000008db00000| Untracked 
| 220|0x000000008dc00000, 0x000000008dd00000, 0x000000008dd00000|100%| O|  |TAMS 0x000000008dc00000| PB 0x000000008dc00000| Untracked 
| 221|0x000000008dd00000, 0x000000008de00000, 0x000000008de00000|100%| O|  |TAMS 0x000000008dd00000| PB 0x000000008dd00000| Untracked 
| 222|0x000000008de00000, 0x000000008df00000, 0x000000008df00000|100%| O|  |TAMS 0x000000008de00000| PB 0x000000008de00000| Untracked 
| 223|0x000000008df00000, 0x000000008e000000, 0x000000008e000000|100%| O|  |TAMS 0x000000008df00000| PB 0x000000008df00000| Untracked 
| 224|0x000000008e000000, 0x000000008e100000, 0x000000008e100000|100%| O|  |TAMS 0x000000008e000000| PB 0x000000008e000000| Untracked 
| 225|0x000000008e100000, 0x000000008e200000, 0x000000008e200000|100%| O|  |TAMS 0x000000008e100000| PB 0x000000008e100000| Untracked 
| 226|0x000000008e200000, 0x000000008e300000, 0x000000008e300000|100%| O|  |TAMS 0x000000008e200000| PB 0x000000008e200000| Untracked 
| 227|0x000000008e300000, 0x000000008e400000, 0x000000008e400000|100%| O|  |TAMS 0x000000008e300000| PB 0x000000008e300000| Untracked 
| 228|0x000000008e400000, 0x000000008e500000, 0x000000008e500000|100%| O|  |TAMS 0x000000008e400000| PB 0x000000008e400000| Untracked 
| 229|0x000000008e500000, 0x000000008e600000, 0x000000008e600000|100%| O|  |TAMS 0x000000008e500000| PB 0x000000008e500000| Untracked 
| 230|0x000000008e600000, 0x000000008e700000, 0x000000008e700000|100%| O|  |TAMS 0x000000008e600000| PB 0x000000008e600000| Untracked 
| 231|0x000000008e700000, 0x000000008e800000, 0x000000008e800000|100%| O|  |TAMS 0x000000008e700000| PB 0x000000008e700000| Untracked 
| 232|0x000000008e800000, 0x000000008e900000, 0x000000008e900000|100%| O|  |TAMS 0x000000008e800000| PB 0x000000008e800000| Untracked 
| 233|0x000000008e900000, 0x000000008ea00000, 0x000000008ea00000|100%| O|  |TAMS 0x000000008e900000| PB 0x000000008e900000| Untracked 
| 234|0x000000008ea00000, 0x000000008eb00000, 0x000000008eb00000|100%| O|  |TAMS 0x000000008ea00000| PB 0x000000008ea00000| Untracked 
| 235|0x000000008eb00000, 0x000000008ec00000, 0x000000008ec00000|100%| O|  |TAMS 0x000000008eb00000| PB 0x000000008eb00000| Untracked 
| 236|0x000000008ec00000, 0x000000008ed00000, 0x000000008ed00000|100%| O|  |TAMS 0x000000008ec00000| PB 0x000000008ec00000| Untracked 
| 237|0x000000008ed00000, 0x000000008ee00000, 0x000000008ee00000|100%| O|  |TAMS 0x000000008ed00000| PB 0x000000008ed00000| Untracked 
| 238|0x000000008ee00000, 0x000000008ef00000, 0x000000008ef00000|100%| O|  |TAMS 0x000000008ee00000| PB 0x000000008ee00000| Untracked 
| 239|0x000000008ef00000, 0x000000008f000000, 0x000000008f000000|100%| O|  |TAMS 0x000000008ef00000| PB 0x000000008ef00000| Untracked 
| 240|0x000000008f000000, 0x000000008f100000, 0x000000008f100000|100%| O|  |TAMS 0x000000008f000000| PB 0x000000008f000000| Untracked 
| 241|0x000000008f100000, 0x000000008f200000, 0x000000008f200000|100%| O|  |TAMS 0x000000008f100000| PB 0x000000008f100000| Untracked 
| 242|0x000000008f200000, 0x000000008f300000, 0x000000008f300000|100%| O|  |TAMS 0x000000008f200000| PB 0x000000008f200000| Untracked 
| 243|0x000000008f300000, 0x000000008f400000, 0x000000008f400000|100%| O|  |TAMS 0x000000008f300000| PB 0x000000008f300000| Untracked 
| 244|0x000000008f400000, 0x000000008f500000, 0x000000008f500000|100%| O|  |TAMS 0x000000008f400000| PB 0x000000008f400000| Untracked 
| 245|0x000000008f500000, 0x000000008f600000, 0x000000008f600000|100%| O|  |TAMS 0x000000008f500000| PB 0x000000008f500000| Untracked 
| 246|0x000000008f600000, 0x000000008f700000, 0x000000008f700000|100%| O|  |TAMS 0x000000008f600000| PB 0x000000008f600000| Untracked 
| 247|0x000000008f700000, 0x000000008f800000, 0x000000008f800000|100%| O|  |TAMS 0x000000008f700000| PB 0x000000008f700000| Untracked 
| 248|0x000000008f800000, 0x000000008f892e68, 0x000000008f900000| 57%| O|  |TAMS 0x000000008f800000| PB 0x000000008f800000| Untracked 
| 249|0x000000008f900000, 0x000000008f900000, 0x000000008fa00000|  0%| F|  |TAMS 0x000000008f900000| PB 0x000000008f900000| Untracked 
| 250|0x000000008fa00000, 0x000000008fa00000, 0x000000008fb00000|  0%| F|  |TAMS 0x000000008fa00000| PB 0x000000008fa00000| Untracked 
| 251|0x000000008fb00000, 0x000000008fb00000, 0x000000008fc00000|  0%| F|  |TAMS 0x000000008fb00000| PB 0x000000008fb00000| Untracked 
| 252|0x000000008fc00000, 0x000000008fc00000, 0x000000008fd00000|  0%| F|  |TAMS 0x000000008fc00000| PB 0x000000008fc00000| Untracked 
| 253|0x000000008fd00000, 0x000000008fd00000, 0x000000008fe00000|  0%| F|  |TAMS 0x000000008fd00000| PB 0x000000008fd00000| Untracked 
| 254|0x000000008fe00000, 0x000000008fe00000, 0x000000008ff00000|  0%| F|  |TAMS 0x000000008fe00000| PB 0x000000008fe00000| Untracked 
| 255|0x000000008ff00000, 0x000000008ff00000, 0x0000000090000000|  0%| F|  |TAMS 0x000000008ff00000| PB 0x000000008ff00000| Untracked 
| 256|0x0000000090000000, 0x0000000090000000, 0x0000000090100000|  0%| F|  |TAMS 0x0000000090000000| PB 0x0000000090000000| Untracked 
| 257|0x0000000090100000, 0x0000000090100000, 0x0000000090200000|  0%| F|  |TAMS 0x0000000090100000| PB 0x0000000090100000| Untracked 
| 258|0x0000000090200000, 0x0000000090200000, 0x0000000090300000|  0%| F|  |TAMS 0x0000000090200000| PB 0x0000000090200000| Untracked 
| 259|0x0000000090300000, 0x0000000090300000, 0x0000000090400000|  0%| F|  |TAMS 0x0000000090300000| PB 0x0000000090300000| Untracked 
| 260|0x0000000090400000, 0x0000000090400000, 0x0000000090500000|  0%| F|  |TAMS 0x0000000090400000| PB 0x0000000090400000| Untracked 
| 261|0x0000000090500000, 0x0000000090500000, 0x0000000090600000|  0%| F|  |TAMS 0x0000000090500000| PB 0x0000000090500000| Untracked 
| 262|0x0000000090600000, 0x0000000090600000, 0x0000000090700000|  0%| F|  |TAMS 0x0000000090600000| PB 0x0000000090600000| Untracked 
| 263|0x0000000090700000, 0x0000000090700000, 0x0000000090800000|  0%| F|  |TAMS 0x0000000090700000| PB 0x0000000090700000| Untracked 
| 264|0x0000000090800000, 0x0000000090800000, 0x0000000090900000|  0%| F|  |TAMS 0x0000000090800000| PB 0x0000000090800000| Untracked 
| 265|0x0000000090900000, 0x0000000090900000, 0x0000000090a00000|  0%| F|  |TAMS 0x0000000090900000| PB 0x0000000090900000| Untracked 
| 266|0x0000000090a00000, 0x0000000090a00000, 0x0000000090b00000|  0%| F|  |TAMS 0x0000000090a00000| PB 0x0000000090a00000| Untracked 
| 267|0x0000000090b00000, 0x0000000090b00000, 0x0000000090c00000|  0%| F|  |TAMS 0x0000000090b00000| PB 0x0000000090b00000| Untracked 
| 268|0x0000000090c00000, 0x0000000090c00000, 0x0000000090d00000|  0%| F|  |TAMS 0x0000000090c00000| PB 0x0000000090c00000| Untracked 
| 269|0x0000000090d00000, 0x0000000090d00000, 0x0000000090e00000|  0%| F|  |TAMS 0x0000000090d00000| PB 0x0000000090d00000| Untracked 
| 270|0x0000000090e00000, 0x0000000090e00000, 0x0000000090f00000|  0%| F|  |TAMS 0x0000000090e00000| PB 0x0000000090e00000| Untracked 
| 271|0x0000000090f00000, 0x0000000090f00000, 0x0000000091000000|  0%| F|  |TAMS 0x0000000090f00000| PB 0x0000000090f00000| Untracked 
| 272|0x0000000091000000, 0x0000000091000000, 0x0000000091100000|  0%| F|  |TAMS 0x0000000091000000| PB 0x0000000091000000| Untracked 
| 273|0x0000000091100000, 0x0000000091100000, 0x0000000091200000|  0%| F|  |TAMS 0x0000000091100000| PB 0x0000000091100000| Untracked 
| 274|0x0000000091200000, 0x0000000091200000, 0x0000000091300000|  0%| F|  |TAMS 0x0000000091200000| PB 0x0000000091200000| Untracked 
| 275|0x0000000091300000, 0x0000000091300000, 0x0000000091400000|  0%| F|  |TAMS 0x0000000091300000| PB 0x0000000091300000| Untracked 
| 276|0x0000000091400000, 0x0000000091400000, 0x0000000091500000|  0%| F|  |TAMS 0x0000000091400000| PB 0x0000000091400000| Untracked 
| 277|0x0000000091500000, 0x0000000091500000, 0x0000000091600000|  0%| F|  |TAMS 0x0000000091500000| PB 0x0000000091500000| Untracked 
| 278|0x0000000091600000, 0x0000000091600000, 0x0000000091700000|  0%| F|  |TAMS 0x0000000091600000| PB 0x0000000091600000| Untracked 
| 279|0x0000000091700000, 0x0000000091700000, 0x0000000091800000|  0%| F|  |TAMS 0x0000000091700000| PB 0x0000000091700000| Untracked 
| 280|0x0000000091800000, 0x0000000091800000, 0x0000000091900000|  0%| F|  |TAMS 0x0000000091800000| PB 0x0000000091800000| Untracked 
| 281|0x0000000091900000, 0x0000000091900000, 0x0000000091a00000|  0%| F|  |TAMS 0x0000000091900000| PB 0x0000000091900000| Untracked 
| 282|0x0000000091a00000, 0x0000000091a00000, 0x0000000091b00000|  0%| F|  |TAMS 0x0000000091a00000| PB 0x0000000091a00000| Untracked 
| 283|0x0000000091b00000, 0x0000000091b00000, 0x0000000091c00000|  0%| F|  |TAMS 0x0000000091b00000| PB 0x0000000091b00000| Untracked 
| 284|0x0000000091c00000, 0x0000000091c00000, 0x0000000091d00000|  0%| F|  |TAMS 0x0000000091c00000| PB 0x0000000091c00000| Untracked 
| 285|0x0000000091d00000, 0x0000000091d00000, 0x0000000091e00000|  0%| F|  |TAMS 0x0000000091d00000| PB 0x0000000091d00000| Untracked 
| 286|0x0000000091e00000, 0x0000000091e00000, 0x0000000091f00000|  0%| F|  |TAMS 0x0000000091e00000| PB 0x0000000091e00000| Untracked 
| 287|0x0000000091f00000, 0x0000000091f00000, 0x0000000092000000|  0%| F|  |TAMS 0x0000000091f00000| PB 0x0000000091f00000| Untracked 
| 288|0x0000000092000000, 0x0000000092000000, 0x0000000092100000|  0%| F|  |TAMS 0x0000000092000000| PB 0x0000000092000000| Untracked 
| 289|0x0000000092100000, 0x0000000092100000, 0x0000000092200000|  0%| F|  |TAMS 0x0000000092100000| PB 0x0000000092100000| Untracked 
| 290|0x0000000092200000, 0x0000000092200000, 0x0000000092300000|  0%| F|  |TAMS 0x0000000092200000| PB 0x0000000092200000| Untracked 
| 291|0x0000000092300000, 0x0000000092300000, 0x0000000092400000|  0%| F|  |TAMS 0x0000000092300000| PB 0x0000000092300000| Untracked 
| 292|0x0000000092400000, 0x0000000092400000, 0x0000000092500000|  0%| F|  |TAMS 0x0000000092400000| PB 0x0000000092400000| Untracked 
| 293|0x0000000092500000, 0x0000000092500000, 0x0000000092600000|  0%| F|  |TAMS 0x0000000092500000| PB 0x0000000092500000| Untracked 
| 294|0x0000000092600000, 0x0000000092700000, 0x0000000092700000|100%| E|  |TAMS 0x0000000092600000| PB 0x0000000092600000| Complete 
| 295|0x0000000092700000, 0x0000000092800000, 0x0000000092800000|100%| E|CS|TAMS 0x0000000092700000| PB 0x0000000092700000| Complete 
| 296|0x0000000092800000, 0x0000000092900000, 0x0000000092900000|100%| E|CS|TAMS 0x0000000092800000| PB 0x0000000092800000| Complete 
| 297|0x0000000092900000, 0x0000000092a00000, 0x0000000092a00000|100%| E|CS|TAMS 0x0000000092900000| PB 0x0000000092900000| Complete 
| 298|0x0000000092a00000, 0x0000000092b00000, 0x0000000092b00000|100%| E|CS|TAMS 0x0000000092a00000| PB 0x0000000092a00000| Complete 
| 299|0x0000000092b00000, 0x0000000092c00000, 0x0000000092c00000|100%| E|CS|TAMS 0x0000000092b00000| PB 0x0000000092b00000| Complete 
| 300|0x0000000092c00000, 0x0000000092d00000, 0x0000000092d00000|100%| E|CS|TAMS 0x0000000092c00000| PB 0x0000000092c00000| Complete 
| 301|0x0000000092d00000, 0x0000000092e00000, 0x0000000092e00000|100%| E|CS|TAMS 0x0000000092d00000| PB 0x0000000092d00000| Complete 
| 302|0x0000000092e00000, 0x0000000092f00000, 0x0000000092f00000|100%| E|CS|TAMS 0x0000000092e00000| PB 0x0000000092e00000| Complete 
| 303|0x0000000092f00000, 0x0000000093000000, 0x0000000093000000|100%| E|CS|TAMS 0x0000000092f00000| PB 0x0000000092f00000| Complete 
|1932|0x00000000f8c00000, 0x00000000f8d00000, 0x00000000f8d00000|100%| E|CS|TAMS 0x00000000f8c00000| PB 0x00000000f8c00000| Complete 
|1933|0x00000000f8d00000, 0x00000000f8e00000, 0x00000000f8e00000|100%| E|CS|TAMS 0x00000000f8d00000| PB 0x00000000f8d00000| Complete 
|1934|0x00000000f8e00000, 0x00000000f8f00000, 0x00000000f8f00000|100%| E|CS|TAMS 0x00000000f8e00000| PB 0x00000000f8e00000| Complete 
|1935|0x00000000f8f00000, 0x00000000f9000000, 0x00000000f9000000|100%| E|CS|TAMS 0x00000000f8f00000| PB 0x00000000f8f00000| Complete 
|1936|0x00000000f9000000, 0x00000000f9100000, 0x00000000f9100000|100%| E|CS|TAMS 0x00000000f9000000| PB 0x00000000f9000000| Complete 
|1937|0x00000000f9100000, 0x00000000f9200000, 0x00000000f9200000|100%| O|  |TAMS 0x00000000f9100000| PB 0x00000000f9100000| Untracked 
|1938|0x00000000f9200000, 0x00000000f9300000, 0x00000000f9300000|100%| O|  |TAMS 0x00000000f9200000| PB 0x00000000f9200000| Untracked 
|1939|0x00000000f9300000, 0x00000000f9400000, 0x00000000f9400000|100%| E|CS|TAMS 0x00000000f9300000| PB 0x00000000f9300000| Complete 
|1940|0x00000000f9400000, 0x00000000f9500000, 0x00000000f9500000|100%| E|CS|TAMS 0x00000000f9400000| PB 0x00000000f9400000| Complete 
|1941|0x00000000f9500000, 0x00000000f9600000, 0x00000000f9600000|100%| O|  |TAMS 0x00000000f9500000| PB 0x00000000f9500000| Untracked 
|1942|0x00000000f9600000, 0x00000000f9700000, 0x00000000f9700000|100%| O|Cm|TAMS 0x00000000f9600000| PB 0x00000000f9600000| Complete 
|1943|0x00000000f9700000, 0x00000000f9800000, 0x00000000f9800000|100%| O|  |TAMS 0x00000000f9700000| PB 0x00000000f9700000| Untracked 
|1944|0x00000000f9800000, 0x00000000f9900000, 0x00000000f9900000|100%| E|CS|TAMS 0x00000000f9800000| PB 0x00000000f9800000| Complete 
|1945|0x00000000f9900000, 0x00000000f9a00000, 0x00000000f9a00000|100%| E|CS|TAMS 0x00000000f9900000| PB 0x00000000f9900000| Complete 
|1946|0x00000000f9a00000, 0x00000000f9b00000, 0x00000000f9b00000|100%| E|CS|TAMS 0x00000000f9a00000| PB 0x00000000f9a00000| Complete 
|1947|0x00000000f9b00000, 0x00000000f9c00000, 0x00000000f9c00000|100%| O|  |TAMS 0x00000000f9b00000| PB 0x00000000f9b00000| Untracked 
|1948|0x00000000f9c00000, 0x00000000f9d00000, 0x00000000f9d00000|100%| E|CS|TAMS 0x00000000f9c00000| PB 0x00000000f9c00000| Complete 
|1949|0x00000000f9d00000, 0x00000000f9e00000, 0x00000000f9e00000|100%| E|CS|TAMS 0x00000000f9d00000| PB 0x00000000f9d00000| Complete 
|1950|0x00000000f9e00000, 0x00000000f9f00000, 0x00000000f9f00000|100%| E|CS|TAMS 0x00000000f9e00000| PB 0x00000000f9e00000| Complete 
|1951|0x00000000f9f00000, 0x00000000fa000000, 0x00000000fa000000|100%| E|CS|TAMS 0x00000000f9f00000| PB 0x00000000f9f00000| Complete 
|1952|0x00000000fa000000, 0x00000000fa100000, 0x00000000fa100000|100%| E|CS|TAMS 0x00000000fa000000| PB 0x00000000fa000000| Complete 
|1953|0x00000000fa100000, 0x00000000fa200000, 0x00000000fa200000|100%| E|CS|TAMS 0x00000000fa100000| PB 0x00000000fa100000| Complete 
|1954|0x00000000fa200000, 0x00000000fa300000, 0x00000000fa300000|100%| E|CS|TAMS 0x00000000fa200000| PB 0x00000000fa200000| Complete 
|1955|0x00000000fa300000, 0x00000000fa400000, 0x00000000fa400000|100%| E|CS|TAMS 0x00000000fa300000| PB 0x00000000fa300000| Complete 
|1956|0x00000000fa400000, 0x00000000fa500000, 0x00000000fa500000|100%| E|CS|TAMS 0x00000000fa400000| PB 0x00000000fa400000| Complete 
|1957|0x00000000fa500000, 0x00000000fa600000, 0x00000000fa600000|100%| E|CS|TAMS 0x00000000fa500000| PB 0x00000000fa500000| Complete 
|1958|0x00000000fa600000, 0x00000000fa646f80, 0x00000000fa700000| 27%| S|CS|TAMS 0x00000000fa600000| PB 0x00000000fa600000| Complete 
|1959|0x00000000fa700000, 0x00000000fa800000, 0x00000000fa800000|100%| S|CS|TAMS 0x00000000fa700000| PB 0x00000000fa700000| Complete 
|1960|0x00000000fa800000, 0x00000000fa900000, 0x00000000fa900000|100%| S|CS|TAMS 0x00000000fa800000| PB 0x00000000fa800000| Complete 
|1961|0x00000000fa900000, 0x00000000faa00000, 0x00000000faa00000|100%| S|CS|TAMS 0x00000000fa900000| PB 0x00000000fa900000| Complete 
|1962|0x00000000faa00000, 0x00000000fab00000, 0x00000000fab00000|100%| S|CS|TAMS 0x00000000faa00000| PB 0x00000000faa00000| Complete 
|1963|0x00000000fab00000, 0x00000000fac00000, 0x00000000fac00000|100%| S|CS|TAMS 0x00000000fab00000| PB 0x00000000fab00000| Complete 
|1964|0x00000000fac00000, 0x00000000fad00000, 0x00000000fad00000|100%| E|CS|TAMS 0x00000000fac00000| PB 0x00000000fac00000| Complete 
|1965|0x00000000fad00000, 0x00000000fae00000, 0x00000000fae00000|100%| E|CS|TAMS 0x00000000fad00000| PB 0x00000000fad00000| Complete 
|1966|0x00000000fae00000, 0x00000000faf00000, 0x00000000faf00000|100%| E|CS|TAMS 0x00000000fae00000| PB 0x00000000fae00000| Complete 
|1967|0x00000000faf00000, 0x00000000fb000000, 0x00000000fb000000|100%| E|CS|TAMS 0x00000000faf00000| PB 0x00000000faf00000| Complete 
|1968|0x00000000fb000000, 0x00000000fb100000, 0x00000000fb100000|100%| E|CS|TAMS 0x00000000fb000000| PB 0x00000000fb000000| Complete 
|1969|0x00000000fb100000, 0x00000000fb200000, 0x00000000fb200000|100%| E|CS|TAMS 0x00000000fb100000| PB 0x00000000fb100000| Complete 
|1970|0x00000000fb200000, 0x00000000fb300000, 0x00000000fb300000|100%| E|CS|TAMS 0x00000000fb200000| PB 0x00000000fb200000| Complete 
|1971|0x00000000fb300000, 0x00000000fb400000, 0x00000000fb400000|100%| E|CS|TAMS 0x00000000fb300000| PB 0x00000000fb300000| Complete 
|1972|0x00000000fb400000, 0x00000000fb500000, 0x00000000fb500000|100%| E|CS|TAMS 0x00000000fb400000| PB 0x00000000fb400000| Complete 
|1973|0x00000000fb500000, 0x00000000fb600000, 0x00000000fb600000|100%| E|CS|TAMS 0x00000000fb500000| PB 0x00000000fb500000| Complete 
|1974|0x00000000fb600000, 0x00000000fb700000, 0x00000000fb700000|100%| E|CS|TAMS 0x00000000fb600000| PB 0x00000000fb600000| Complete 
|1975|0x00000000fb700000, 0x00000000fb800000, 0x00000000fb800000|100%| E|CS|TAMS 0x00000000fb700000| PB 0x00000000fb700000| Complete 
|1976|0x00000000fb800000, 0x00000000fb900000, 0x00000000fb900000|100%| E|CS|TAMS 0x00000000fb800000| PB 0x00000000fb800000| Complete 
|1977|0x00000000fb900000, 0x00000000fba00000, 0x00000000fba00000|100%| E|CS|TAMS 0x00000000fb900000| PB 0x00000000fb900000| Complete 
|1978|0x00000000fba00000, 0x00000000fbb00000, 0x00000000fbb00000|100%| E|CS|TAMS 0x00000000fba00000| PB 0x00000000fba00000| Complete 
|1979|0x00000000fbb00000, 0x00000000fbc00000, 0x00000000fbc00000|100%| E|CS|TAMS 0x00000000fbb00000| PB 0x00000000fbb00000| Complete 
|1980|0x00000000fbc00000, 0x00000000fbd00000, 0x00000000fbd00000|100%| E|CS|TAMS 0x00000000fbc00000| PB 0x00000000fbc00000| Complete 
|1981|0x00000000fbd00000, 0x00000000fbe00000, 0x00000000fbe00000|100%| E|CS|TAMS 0x00000000fbd00000| PB 0x00000000fbd00000| Complete 
|1982|0x00000000fbe00000, 0x00000000fbf00000, 0x00000000fbf00000|100%| E|CS|TAMS 0x00000000fbe00000| PB 0x00000000fbe00000| Complete 
|1983|0x00000000fbf00000, 0x00000000fc000000, 0x00000000fc000000|100%| E|CS|TAMS 0x00000000fbf00000| PB 0x00000000fbf00000| Complete 
|1984|0x00000000fc000000, 0x00000000fc100000, 0x00000000fc100000|100%| E|CS|TAMS 0x00000000fc000000| PB 0x00000000fc000000| Complete 
|1985|0x00000000fc100000, 0x00000000fc200000, 0x00000000fc200000|100%| E|CS|TAMS 0x00000000fc100000| PB 0x00000000fc100000| Complete 
|1986|0x00000000fc200000, 0x00000000fc300000, 0x00000000fc300000|100%| E|CS|TAMS 0x00000000fc200000| PB 0x00000000fc200000| Complete 
|1987|0x00000000fc300000, 0x00000000fc400000, 0x00000000fc400000|100%| E|CS|TAMS 0x00000000fc300000| PB 0x00000000fc300000| Complete 
|1988|0x00000000fc400000, 0x00000000fc500000, 0x00000000fc500000|100%| E|CS|TAMS 0x00000000fc400000| PB 0x00000000fc400000| Complete 
|1989|0x00000000fc500000, 0x00000000fc600000, 0x00000000fc600000|100%| E|CS|TAMS 0x00000000fc500000| PB 0x00000000fc500000| Complete 
|1990|0x00000000fc600000, 0x00000000fc700000, 0x00000000fc700000|100%| E|CS|TAMS 0x00000000fc600000| PB 0x00000000fc600000| Complete 
|1991|0x00000000fc700000, 0x00000000fc800000, 0x00000000fc800000|100%| E|CS|TAMS 0x00000000fc700000| PB 0x00000000fc700000| Complete 
|1992|0x00000000fc800000, 0x00000000fc900000, 0x00000000fc900000|100%| E|CS|TAMS 0x00000000fc800000| PB 0x00000000fc800000| Complete 
|1993|0x00000000fc900000, 0x00000000fca00000, 0x00000000fca00000|100%| E|CS|TAMS 0x00000000fc900000| PB 0x00000000fc900000| Complete 
|1994|0x00000000fca00000, 0x00000000fcb00000, 0x00000000fcb00000|100%| E|CS|TAMS 0x00000000fca00000| PB 0x00000000fca00000| Complete 
|1995|0x00000000fcb00000, 0x00000000fcc00000, 0x00000000fcc00000|100%| E|CS|TAMS 0x00000000fcb00000| PB 0x00000000fcb00000| Complete 
|1996|0x00000000fcc00000, 0x00000000fcd00000, 0x00000000fcd00000|100%| E|CS|TAMS 0x00000000fcc00000| PB 0x00000000fcc00000| Complete 
|1997|0x00000000fcd00000, 0x00000000fce00000, 0x00000000fce00000|100%| E|CS|TAMS 0x00000000fcd00000| PB 0x00000000fcd00000| Complete 
|1998|0x00000000fce00000, 0x00000000fcf00000, 0x00000000fcf00000|100%| E|  |TAMS 0x00000000fce00000| PB 0x00000000fce00000| Complete 
|1999|0x00000000fcf00000, 0x00000000fd000000, 0x00000000fd000000|100%| E|CS|TAMS 0x00000000fcf00000| PB 0x00000000fcf00000| Complete 
|2000|0x00000000fd000000, 0x00000000fd100000, 0x00000000fd100000|100%| E|CS|TAMS 0x00000000fd000000| PB 0x00000000fd000000| Complete 
|2001|0x00000000fd100000, 0x00000000fd200000, 0x00000000fd200000|100%| E|CS|TAMS 0x00000000fd100000| PB 0x00000000fd100000| Complete 
|2002|0x00000000fd200000, 0x00000000fd300000, 0x00000000fd300000|100%| E|CS|TAMS 0x00000000fd200000| PB 0x00000000fd200000| Complete 
|2003|0x00000000fd300000, 0x00000000fd400000, 0x00000000fd400000|100%| E|CS|TAMS 0x00000000fd300000| PB 0x00000000fd300000| Complete 
|2004|0x00000000fd400000, 0x00000000fd500000, 0x00000000fd500000|100%| E|CS|TAMS 0x00000000fd400000| PB 0x00000000fd400000| Complete 
|2005|0x00000000fd500000, 0x00000000fd600000, 0x00000000fd600000|100%| E|CS|TAMS 0x00000000fd500000| PB 0x00000000fd500000| Complete 
|2006|0x00000000fd600000, 0x00000000fd700000, 0x00000000fd700000|100%| E|CS|TAMS 0x00000000fd600000| PB 0x00000000fd600000| Complete 
|2007|0x00000000fd700000, 0x00000000fd800000, 0x00000000fd800000|100%| O|  |TAMS 0x00000000fd700000| PB 0x00000000fd700000| Untracked 
|2008|0x00000000fd800000, 0x00000000fd900000, 0x00000000fd900000|100%| E|CS|TAMS 0x00000000fd800000| PB 0x00000000fd800000| Complete 
|2009|0x00000000fd900000, 0x00000000fda00000, 0x00000000fda00000|100%| E|CS|TAMS 0x00000000fd900000| PB 0x00000000fd900000| Complete 
|2010|0x00000000fda00000, 0x00000000fdb00000, 0x00000000fdb00000|100%| E|CS|TAMS 0x00000000fda00000| PB 0x00000000fda00000| Complete 
|2011|0x00000000fdb00000, 0x00000000fdc00000, 0x00000000fdc00000|100%| O|  |TAMS 0x00000000fdb00000| PB 0x00000000fdb00000| Untracked 
|2012|0x00000000fdc00000, 0x00000000fdd00000, 0x00000000fdd00000|100%| E|CS|TAMS 0x00000000fdc00000| PB 0x00000000fdc00000| Complete 
|2013|0x00000000fdd00000, 0x00000000fde00000, 0x00000000fde00000|100%| O|  |TAMS 0x00000000fdd00000| PB 0x00000000fdd00000| Untracked 
|2014|0x00000000fde00000, 0x00000000fdf00000, 0x00000000fdf00000|100%| O|  |TAMS 0x00000000fde00000| PB 0x00000000fde00000| Untracked 
|2015|0x00000000fdf00000, 0x00000000fe000000, 0x00000000fe000000|100%| E|CS|TAMS 0x00000000fdf00000| PB 0x00000000fdf00000| Complete 
|2016|0x00000000fe000000, 0x00000000fe100000, 0x00000000fe100000|100%| O|  |TAMS 0x00000000fe000000| PB 0x00000000fe000000| Untracked 
|2017|0x00000000fe100000, 0x00000000fe200000, 0x00000000fe200000|100%| O|Cm|TAMS 0x00000000fe100000| PB 0x00000000fe100000| Complete 
|2018|0x00000000fe200000, 0x00000000fe300000, 0x00000000fe300000|100%| O|  |TAMS 0x00000000fe200000| PB 0x00000000fe200000| Untracked 
|2019|0x00000000fe300000, 0x00000000fe400000, 0x00000000fe400000|100%| E|CS|TAMS 0x00000000fe300000| PB 0x00000000fe300000| Complete 
|2020|0x00000000fe400000, 0x00000000fe500000, 0x00000000fe500000|100%| E|CS|TAMS 0x00000000fe400000| PB 0x00000000fe400000| Complete 
|2021|0x00000000fe500000, 0x00000000fe600000, 0x00000000fe600000|100%| E|CS|TAMS 0x00000000fe500000| PB 0x00000000fe500000| Complete 
|2022|0x00000000fe600000, 0x00000000fe700000, 0x00000000fe700000|100%| E|CS|TAMS 0x00000000fe600000| PB 0x00000000fe600000| Complete 
|2023|0x00000000fe700000, 0x00000000fe800000, 0x00000000fe800000|100%| E|CS|TAMS 0x00000000fe700000| PB 0x00000000fe700000| Complete 
|2024|0x00000000fe800000, 0x00000000fe900000, 0x00000000fe900000|100%| E|CS|TAMS 0x00000000fe800000| PB 0x00000000fe800000| Complete 
|2025|0x00000000fe900000, 0x00000000fea00000, 0x00000000fea00000|100%| E|CS|TAMS 0x00000000fe900000| PB 0x00000000fe900000| Complete 
|2026|0x00000000fea00000, 0x00000000feb00000, 0x00000000feb00000|100%| E|CS|TAMS 0x00000000fea00000| PB 0x00000000fea00000| Complete 
|2027|0x00000000feb00000, 0x00000000fec00000, 0x00000000fec00000|100%| E|CS|TAMS 0x00000000feb00000| PB 0x00000000feb00000| Complete 
|2028|0x00000000fec00000, 0x00000000fed00000, 0x00000000fed00000|100%| E|CS|TAMS 0x00000000fec00000| PB 0x00000000fec00000| Complete 
|2029|0x00000000fed00000, 0x00000000fee00000, 0x00000000fee00000|100%| E|CS|TAMS 0x00000000fed00000| PB 0x00000000fed00000| Complete 
|2030|0x00000000fee00000, 0x00000000fef00000, 0x00000000fef00000|100%| E|CS|TAMS 0x00000000fee00000| PB 0x00000000fee00000| Complete 
|2031|0x00000000fef00000, 0x00000000ff000000, 0x00000000ff000000|100%| E|CS|TAMS 0x00000000fef00000| PB 0x00000000fef00000| Complete 
|2032|0x00000000ff000000, 0x00000000ff100000, 0x00000000ff100000|100%| E|CS|TAMS 0x00000000ff000000| PB 0x00000000ff000000| Complete 
|2033|0x00000000ff100000, 0x00000000ff200000, 0x00000000ff200000|100%| E|CS|TAMS 0x00000000ff100000| PB 0x00000000ff100000| Complete 
|2034|0x00000000ff200000, 0x00000000ff300000, 0x00000000ff300000|100%| O|  |TAMS 0x00000000ff200000| PB 0x00000000ff200000| Untracked 
|2035|0x00000000ff300000, 0x00000000ff400000, 0x00000000ff400000|100%| E|CS|TAMS 0x00000000ff300000| PB 0x00000000ff300000| Complete 
|2036|0x00000000ff400000, 0x00000000ff500000, 0x00000000ff500000|100%| E|CS|TAMS 0x00000000ff400000| PB 0x00000000ff400000| Complete 
|2037|0x00000000ff500000, 0x00000000ff600000, 0x00000000ff600000|100%| E|CS|TAMS 0x00000000ff500000| PB 0x00000000ff500000| Complete 
|2038|0x00000000ff600000, 0x00000000ff700000, 0x00000000ff700000|100%| E|CS|TAMS 0x00000000ff600000| PB 0x00000000ff600000| Complete 
|2039|0x00000000ff700000, 0x00000000ff800000, 0x00000000ff800000|100%| E|CS|TAMS 0x00000000ff700000| PB 0x00000000ff700000| Complete 
|2040|0x00000000ff800000, 0x00000000ff900000, 0x00000000ff900000|100%| E|CS|TAMS 0x00000000ff800000| PB 0x00000000ff800000| Complete 
|2041|0x00000000ff900000, 0x00000000ffa00000, 0x00000000ffa00000|100%| O|  |TAMS 0x00000000ff900000| PB 0x00000000ff900000| Untracked 
|2042|0x00000000ffa00000, 0x00000000ffb00000, 0x00000000ffb00000|100%| O|  |TAMS 0x00000000ffa00000| PB 0x00000000ffa00000| Untracked 
|2043|0x00000000ffb00000, 0x00000000ffc00000, 0x00000000ffc00000|100%| E|CS|TAMS 0x00000000ffb00000| PB 0x00000000ffb00000| Complete 
|2044|0x00000000ffc00000, 0x00000000ffd00000, 0x00000000ffd00000|100%| E|CS|TAMS 0x00000000ffc00000| PB 0x00000000ffc00000| Complete 
|2045|0x00000000ffd00000, 0x00000000ffe00000, 0x00000000ffe00000|100%| E|CS|TAMS 0x00000000ffd00000| PB 0x00000000ffd00000| Complete 
|2046|0x00000000ffe00000, 0x00000000fff00000, 0x00000000fff00000|100%| E|CS|TAMS 0x00000000ffe00000| PB 0x00000000ffe00000| Complete 
|2047|0x00000000fff00000, 0x0000000100000000, 0x0000000100000000|100%| E|CS|TAMS 0x00000000fff00000| PB 0x00000000fff00000| Complete 

Card table byte_map: [0x00000258a2680000,0x00000258a2a80000] _byte_map_base: 0x00000258a2280000

Marking Bits: (CMBitMap*) 0x000002588fe432b0
 Bits: [0x00000258a2a80000, 0x00000258a4a80000)

Polling page: 0x000002588e070000

Metaspace:

Usage:
  Non-class:    263.30 MB used.
      Class:     39.32 MB used.
       Both:    302.62 MB used.

Virtual space:
  Non-class space:      320.00 MB reserved,     264.38 MB ( 83%) committed,  5 nodes.
      Class space:        1.00 GB reserved,      40.25 MB (  4%) committed,  1 nodes.
             Both:        1.31 GB reserved,     304.62 MB ( 23%) committed. 

Chunk freelists:
   Non-Class:  7.27 MB
       Class:  7.69 MB
        Both:  14.96 MB

MaxMetaspaceSize: unlimited
CompressedClassSpaceSize: 1.00 GB
Initial GC threshold: 21.00 MB
Current GC threshold: 451.69 MB
CDS: off
 - commit_granule_bytes: 65536.
 - commit_granule_words: 8192.
 - virtual_space_node_default_size: 8388608.
 - enlarge_chunks_in_place: 1.
 - use_allocation_guard: 0.


Internal statistics:

num_allocs_failed_limit: 6.
num_arena_births: 10274.
num_arena_deaths: 6528.
num_vsnodes_births: 6.
num_vsnodes_deaths: 0.
num_space_committed: 5279.
num_space_uncommitted: 132.
num_chunks_returned_to_freelist: 9447.
num_chunks_taken_from_freelist: 27919.
num_chunk_merges: 3051.
num_chunk_splits: 16564.
num_chunks_enlarged: 11291.
num_inconsistent_stats: 0.

CodeHeap 'non-profiled nmethods': size=120000Kb used=20146Kb max_used=20146Kb free=99853Kb
 bounds [0x000002589aa20000, 0x000002589bdd0000, 0x00000258a1f50000]
CodeHeap 'profiled nmethods': size=120000Kb used=37395Kb max_used=37395Kb free=82604Kb
 bounds [0x0000025892f50000, 0x00000258953e0000, 0x000002589a480000]
CodeHeap 'non-nmethods': size=5760Kb used=2416Kb max_used=2476Kb free=3343Kb
 bounds [0x000002589a480000, 0x000002589a700000, 0x000002589aa20000]
CodeCache: size=245760Kb, used=59957Kb, max_used=60017Kb, free=185800Kb
 total_blobs=19753, nmethods=18502, adapters=1153, full_count=0
Compilation: enabled, stopped_count=0, restarted_count=0

Compilation events (20 events):
Event: 12395.837 Thread 0x00000258a76cb8f0 41737       3       org.jetbrains.kotlin.com.intellij.lang.impl.PsiBuilderImpl::skipWhitespace (98 bytes)
Event: 12395.837 Thread 0x00000258a76cb8f0 nmethod 41737 0x00000258953cc910 code [0x00000258953ccb40, 0x00000258953cd1d8]
Event: 12395.837 Thread 0x00000258a76cb8f0 41739       3       org.jetbrains.kotlin.com.intellij.lang.impl.MarkerPool::get (12 bytes)
Event: 12395.837 Thread 0x00000258a76cb8f0 nmethod 41739 0x00000258953cd510 code [0x00000258953cd6c0, 0x00000258953cd970]
Event: 12395.837 Thread 0x00000258a76cb8f0 41736       3       org.jetbrains.kotlin.com.intellij.lang.impl.PsiBuilderImpl::eof (33 bytes)
Event: 12395.838 Thread 0x00000258a76cb8f0 nmethod 41736 0x00000258953cda90 code [0x00000258953cdc40, 0x00000258953cde18]
Event: 12395.838 Thread 0x00000258a76cb8f0 41735       3       org.jetbrains.kotlin.com.intellij.lang.impl.PsiBuilderImpl::remapCurrentToken (75 bytes)
Event: 12395.838 Thread 0x00000258a76cb8f0 nmethod 41735 0x00000258953cdf10 code [0x00000258953ce120, 0x00000258953ce6c0]
Event: 12395.838 Thread 0x00000258a76cb8f0 41738       3       org.jetbrains.kotlin.com.intellij.lang.impl.PsiBuilderImpl$StartMarker::getLexemeIndex (16 bytes)
Event: 12395.838 Thread 0x00000258a76cb8f0 nmethod 41738 0x00000258953ce990 code [0x00000258953ceb40, 0x00000258953cecc0]
Event: 12395.838 Thread 0x00000258a76cb8f0 41733       3       org.jetbrains.kotlin.com.intellij.lang.impl.PsiBuilderImpl::createMarker (42 bytes)
Event: 12395.839 Thread 0x00000258a76cb8f0 nmethod 41733 0x00000258953ced90 code [0x00000258953cef60, 0x00000258953cf1b8]
Event: 12395.839 Thread 0x00000258a76cb8f0 41734       3       org.jetbrains.kotlin.parsing.AbstractKotlinParsing::at (114 bytes)
Event: 12395.840 Thread 0x00000258a76cb8f0 nmethod 41734 0x00000258953cf310 code [0x00000258953cf6c0, 0x00000258953d1230]
Event: 12395.843 Thread 0x00000258a76cb8f0 41740       3       java.util.regex.Pattern::escape (1306 bytes)
Event: 12395.849 Thread 0x00000258a76cb8f0 nmethod 41740 0x00000258953d1a10 code [0x00000258953d2580, 0x00000258953d90d8]
Event: 12395.857 Thread 0x00000258a76cb8f0 41742       3       org.jetbrains.kotlin.cli.jvm.compiler.jarfs.ZipImplementationKt::parseCentralDirectory (105 bytes)
Event: 12395.858 Thread 0x00000258a76cb8f0 nmethod 41742 0x00000258953da790 code [0x00000258953daae0, 0x00000258953dc028]
Event: 12396.816 Thread 0x00000258a76cb8f0 41745   !   2       java.util.stream.ReferencePipeline$7$1::accept (127 bytes)
Event: 12396.817 Thread 0x00000258a76cb8f0 nmethod 41745 0x00000258953dc890 code [0x00000258953dcae0, 0x00000258953dd040]

GC Heap History (20 events):
Event: 12372.285 GC heap before
{Heap before GC invocations=141 (full 0):
 garbage-first heap   total 430080K, used 246218K [0x0000000080000000, 0x0000000100000000)
  region size 1024K, 21 young (21504K), 3 survivors (3072K)
 Metaspace       used 236481K, committed 239360K, reserved 1310720K
  class space    used 31307K, committed 33152K, reserved 1048576K
}
Event: 12372.305 GC heap after
{Heap after GC invocations=142 (full 0):
 garbage-first heap   total 430080K, used 229258K [0x0000000080000000, 0x0000000100000000)
  region size 1024K, 3 young (3072K), 3 survivors (3072K)
 Metaspace       used 236481K, committed 239360K, reserved 1310720K
  class space    used 31307K, committed 33152K, reserved 1048576K
}
Event: 12372.897 GC heap before
{Heap before GC invocations=142 (full 0):
 garbage-first heap   total 430080K, used 246666K [0x0000000080000000, 0x0000000100000000)
  region size 1024K, 21 young (21504K), 3 survivors (3072K)
 Metaspace       used 237146K, committed 239936K, reserved 1310720K
  class space    used 31393K, committed 33152K, reserved 1048576K
}
Event: 12372.923 GC heap after
{Heap after GC invocations=143 (full 0):
 garbage-first heap   total 430080K, used 229587K [0x0000000080000000, 0x0000000100000000)
  region size 1024K, 2 young (2048K), 2 survivors (2048K)
 Metaspace       used 237146K, committed 239936K, reserved 1310720K
  class space    used 31393K, committed 33152K, reserved 1048576K
}
Event: 12374.824 GC heap before
{Heap before GC invocations=143 (full 0):
 garbage-first heap   total 430080K, used 272595K [0x0000000080000000, 0x0000000100000000)
  region size 1024K, 45 young (46080K), 2 survivors (2048K)
 Metaspace       used 244028K, committed 245952K, reserved 1310720K
  class space    used 32289K, committed 33216K, reserved 1048576K
}
Event: 12374.859 GC heap after
{Heap after GC invocations=144 (full 0):
 garbage-first heap   total 430080K, used 233580K [0x0000000080000000, 0x0000000100000000)
  region size 1024K, 6 young (6144K), 6 survivors (6144K)
 Metaspace       used 244028K, committed 245952K, reserved 1310720K
  class space    used 32289K, committed 33216K, reserved 1048576K
}
Event: 12375.291 GC heap before
{Heap before GC invocations=144 (full 0):
 garbage-first heap   total 430080K, used 248940K [0x0000000080000000, 0x0000000100000000)
  region size 1024K, 21 young (21504K), 6 survivors (6144K)
 Metaspace       used 245081K, committed 247040K, reserved 1310720K
  class space    used 32395K, committed 33344K, reserved 1048576K
}
Event: 12375.337 GC heap after
{Heap after GC invocations=145 (full 0):
 garbage-first heap   total 430080K, used 235136K [0x0000000080000000, 0x0000000100000000)
  region size 1024K, 3 young (3072K), 3 survivors (3072K)
 Metaspace       used 245081K, committed 247040K, reserved 1310720K
  class space    used 32395K, committed 33344K, reserved 1048576K
}
Event: 12381.097 GC heap before
{Heap before GC invocations=145 (full 0):
 garbage-first heap   total 430080K, used 356992K [0x0000000080000000, 0x0000000100000000)
  region size 1024K, 123 young (125952K), 3 survivors (3072K)
 Metaspace       used 262497K, committed 264512K, reserved 1310720K
  class space    used 35030K, committed 35968K, reserved 1048576K
}
Event: 12381.120 GC heap after
{Heap after GC invocations=146 (full 0):
 garbage-first heap   total 430080K, used 239831K [0x0000000080000000, 0x0000000100000000)
  region size 1024K, 7 young (7168K), 7 survivors (7168K)
 Metaspace       used 262497K, committed 264512K, reserved 1310720K
  class space    used 35030K, committed 35968K, reserved 1048576K
}
Event: 12383.899 GC heap before
{Heap before GC invocations=146 (full 0):
 garbage-first heap   total 430080K, used 370903K [0x0000000080000000, 0x0000000100000000)
  region size 1024K, 135 young (138240K), 7 survivors (7168K)
 Metaspace       used 272899K, committed 274944K, reserved 1310720K
  class space    used 36165K, committed 37120K, reserved 1048576K
}
Event: 12383.956 GC heap after
{Heap after GC invocations=147 (full 0):
 garbage-first heap   total 430080K, used 261284K [0x0000000080000000, 0x0000000100000000)
  region size 1024K, 17 young (17408K), 17 survivors (17408K)
 Metaspace       used 272899K, committed 274944K, reserved 1310720K
  class space    used 36165K, committed 37120K, reserved 1048576K
}
Event: 12384.067 GC heap before
{Heap before GC invocations=147 (full 0):
 garbage-first heap   total 430080K, used 265380K [0x0000000080000000, 0x0000000100000000)
  region size 1024K, 21 young (21504K), 17 survivors (17408K)
 Metaspace       used 273340K, committed 275392K, reserved 1310720K
  class space    used 36210K, committed 37184K, reserved 1048576K
}
Event: 12384.102 GC heap after
{Heap after GC invocations=148 (full 0):
 garbage-first heap   total 430080K, used 265216K [0x0000000080000000, 0x0000000100000000)
  region size 1024K, 2 young (2048K), 2 survivors (2048K)
 Metaspace       used 273340K, committed 275392K, reserved 1310720K
  class space    used 36210K, committed 37184K, reserved 1048576K
}
Event: 12388.754 GC heap before
{Heap before GC invocations=149 (full 0):
 garbage-first heap   total 430080K, used 378880K [0x0000000080000000, 0x0000000100000000)
  region size 1024K, 128 young (131072K), 2 survivors (2048K)
 Metaspace       used 288605K, committed 290688K, reserved 1310720K
  class space    used 37876K, committed 38848K, reserved 1048576K
}
Event: 12388.765 GC heap after
{Heap after GC invocations=150 (full 0):
 garbage-first heap   total 430080K, used 257367K [0x0000000080000000, 0x0000000100000000)
  region size 1024K, 9 young (9216K), 9 survivors (9216K)
 Metaspace       used 288605K, committed 290688K, reserved 1310720K
  class space    used 37876K, committed 38848K, reserved 1048576K
}
Event: 12390.936 GC heap before
{Heap before GC invocations=150 (full 0):
 garbage-first heap   total 430080K, used 357719K [0x0000000080000000, 0x0000000100000000)
  region size 1024K, 107 young (109568K), 9 survivors (9216K)
 Metaspace       used 297303K, committed 299392K, reserved 1310720K
  class space    used 38789K, committed 39744K, reserved 1048576K
}
Event: 12390.962 GC heap after
{Heap after GC invocations=151 (full 0):
 garbage-first heap   total 430080K, used 270336K [0x0000000080000000, 0x0000000100000000)
  region size 1024K, 14 young (14336K), 14 survivors (14336K)
 Metaspace       used 297303K, committed 299392K, reserved 1310720K
  class space    used 38789K, committed 39744K, reserved 1048576K
}
Event: 12393.423 GC heap before
{Heap before GC invocations=151 (full 0):
 garbage-first heap   total 430080K, used 346112K [0x0000000080000000, 0x0000000100000000)
  region size 1024K, 88 young (90112K), 14 survivors (14336K)
 Metaspace       used 306442K, committed 308480K, reserved 1376256K
  class space    used 39885K, committed 40832K, reserved 1048576K
}
Event: 12393.472 GC heap after
{Heap after GC invocations=152 (full 0):
 garbage-first heap   total 430080K, used 272231K [0x0000000080000000, 0x0000000100000000)
  region size 1024K, 6 young (6144K), 6 survivors (6144K)
 Metaspace       used 306442K, committed 308480K, reserved 1376256K
  class space    used 39885K, committed 40832K, reserved 1048576K
}

Dll operation events (3 events):
Event: 0.098 Loaded shared library D:\Andriod Studio\jbr\bin\java.dll
Event: 0.105 Loaded shared library D:\Andriod Studio\jbr\bin\zip.dll
Event: 1.568 Loaded shared library D:\Andriod Studio\jbr\bin\verify.dll

Deoptimization events (20 events):
Event: 12395.427 Thread 0x00000258b78e6420 DEOPT PACKING pc=0x00000258943b2c1c sp=0x000000c0df2ff2f0
Event: 12395.427 Thread 0x00000258b78e6420 DEOPT UNPACKING pc=0x000002589a4d4b42 sp=0x000000c0df2fe818 mode 0
Event: 12395.427 Thread 0x00000258b78e7e60 DEOPT PACKING pc=0x00000258943b2c1c sp=0x000000c0df0ff4e0
Event: 12395.427 Thread 0x00000258b78e7e60 DEOPT UNPACKING pc=0x000002589a4d4b42 sp=0x000000c0df0fea08 mode 0
Event: 12395.571 Thread 0x00000258b78e7140 DEOPT PACKING pc=0x00000258943b2c1c sp=0x000000c0df3ff300
Event: 12395.571 Thread 0x00000258b78e7140 DEOPT UNPACKING pc=0x000002589a4d4b42 sp=0x000000c0df3fe828 mode 0
Event: 12395.587 Thread 0x00000258b9b5f680 DEOPT PACKING pc=0x00000258944aaafc sp=0x000000c0dd3f8d90
Event: 12395.587 Thread 0x00000258b9b5f680 DEOPT UNPACKING pc=0x000002589a4d4b42 sp=0x000000c0dd3f82c8 mode 0
Event: 12395.589 Thread 0x00000258b9b5f680 DEOPT PACKING pc=0x00000258944aaa34 sp=0x000000c0dd3f9820
Event: 12395.589 Thread 0x00000258b9b5f680 DEOPT UNPACKING pc=0x000002589a4d4b42 sp=0x000000c0dd3f8d58 mode 0
Event: 12395.834 Thread 0x00000258b9b5f680 Uncommon trap: trap_request=0xffffff45 fr.pc=0x000002589ad5bcac relative=0x000000000000036c
Event: 12395.834 Thread 0x00000258b9b5f680 Uncommon trap: reason=unstable_if action=reinterpret pc=0x000002589ad5bcac method=java.lang.String.startsWith(Ljava/lang/String;I)Z @ 84 c2
Event: 12395.834 Thread 0x00000258b9b5f680 DEOPT PACKING pc=0x000002589ad5bcac sp=0x000000c0dd3f3ed0
Event: 12395.834 Thread 0x00000258b9b5f680 DEOPT UNPACKING pc=0x000002589a4d43a2 sp=0x000000c0dd3f3e60 mode 2
Event: 12396.082 Thread 0x00000258b9b5f680 DEOPT PACKING pc=0x0000025895021af3 sp=0x000000c0dd3f3c60
Event: 12396.082 Thread 0x00000258b9b5f680 DEOPT UNPACKING pc=0x000002589a4d4b42 sp=0x000000c0dd3f3240 mode 0
Event: 12396.085 Thread 0x00000258b9b5f680 Uncommon trap: trap_request=0xfffffff4 fr.pc=0x000002589bd3a2fc relative=0x000000000000253c
Event: 12396.085 Thread 0x00000258b9b5f680 Uncommon trap: reason=null_check action=make_not_entrant pc=0x000002589bd3a2fc method=org.jetbrains.kotlin.cli.jvm.compiler.jarfs.FastJarHandler.<init>(Lorg/jetbrains/kotlin/cli/jvm/compiler/jarfs/FastJarFileSystem;Ljava/lang/String;)V @ 282 c2
Event: 12396.085 Thread 0x00000258b9b5f680 DEOPT PACKING pc=0x000002589bd3a2fc sp=0x000000c0dd3f3da0
Event: 12396.085 Thread 0x00000258b9b5f680 DEOPT UNPACKING pc=0x000002589a4d43a2 sp=0x000000c0dd3f3d48 mode 2

Classes loaded (20 events):
Event: 12381.436 Loading class java/beans/PropertyChangeSupport
Event: 12381.437 Loading class java/beans/PropertyChangeSupport done
Event: 12381.437 Loading class java/beans/PropertyChangeSupport$PropertyChangeListenerMap
Event: 12381.438 Loading class java/beans/ChangeListenerMap
Event: 12381.438 Loading class java/beans/ChangeListenerMap done
Event: 12381.439 Loading class java/beans/PropertyChangeSupport$PropertyChangeListenerMap done
Event: 12381.892 Loading class java/util/regex/Pattern$Bound
Event: 12381.903 Loading class java/util/regex/Pattern$Bound done
Event: 12387.644 Loading class java/text/StringCharacterIterator
Event: 12387.644 Loading class java/text/CharacterIterator
Event: 12387.645 Loading class java/text/CharacterIterator done
Event: 12387.645 Loading class java/text/StringCharacterIterator done
Event: 12388.031 Loading class java/util/AbstractList$RandomAccessSubList
Event: 12388.031 Loading class java/util/AbstractList$SubList
Event: 12388.032 Loading class java/util/AbstractList$SubList done
Event: 12388.032 Loading class java/util/AbstractList$RandomAccessSubList done
Event: 12388.692 Loading class java/util/AbstractList$SubList$1
Event: 12388.692 Loading class java/util/AbstractList$SubList$1 done
Event: 12394.441 Loading class java/util/zip/ZipInputStream
Event: 12394.443 Loading class java/util/zip/ZipInputStream done

Classes unloaded (20 events):
Event: 12224.616 Thread 0x00000258a74c1c10 Unloading class 0x0000000101534800 'java/lang/invoke/LambdaForm$MH+0x0000000101534800'
Event: 12224.616 Thread 0x00000258a74c1c10 Unloading class 0x00000001000c1800 'java/lang/invoke/LambdaForm$MH+0x00000001000c1800'
Event: 12224.617 Thread 0x00000258a74c1c10 Unloading class 0x0000000100184400 'java/lang/invoke/LambdaForm$MH+0x0000000100184400'
Event: 12224.617 Thread 0x00000258a74c1c10 Unloading class 0x0000000100184800 'java/lang/invoke/LambdaForm$MH+0x0000000100184800'
Event: 12224.618 Thread 0x00000258a74c1c10 Unloading class 0x0000000101231800 'java/lang/invoke/LambdaForm$MH+0x0000000101231800'
Event: 12224.618 Thread 0x00000258a74c1c10 Unloading class 0x000000010126c400 'java/lang/invoke/LambdaForm$MH+0x000000010126c400'
Event: 12224.620 Thread 0x00000258a74c1c10 Unloading class 0x0000000101001400 'java/lang/invoke/LambdaForm$MH+0x0000000101001400'
Event: 12224.620 Thread 0x00000258a74c1c10 Unloading class 0x0000000101000000 'java/lang/invoke/LambdaForm$MH+0x0000000101000000'
Event: 12224.620 Thread 0x00000258a74c1c10 Unloading class 0x0000000100ff0400 'java/lang/invoke/LambdaForm$MH+0x0000000100ff0400'
Event: 12224.621 Thread 0x00000258a74c1c10 Unloading class 0x000000010075bc00 'java/lang/invoke/LambdaForm$MH+0x000000010075bc00'
Event: 12224.622 Thread 0x00000258a74c1c10 Unloading class 0x0000000100338400 'java/lang/invoke/LambdaForm$MH+0x0000000100338400'
Event: 12224.624 Thread 0x00000258a74c1c10 Unloading class 0x00000001001e7400 'java/lang/invoke/LambdaForm$MH+0x00000001001e7400'
Event: 12224.625 Thread 0x00000258a74c1c10 Unloading class 0x00000001001e5800 'java/lang/invoke/LambdaForm$MH+0x00000001001e5800'
Event: 12224.626 Thread 0x00000258a74c1c10 Unloading class 0x00000001001e5000 'java/lang/invoke/LambdaForm$MH+0x00000001001e5000'
Event: 12224.628 Thread 0x00000258a74c1c10 Unloading class 0x00000001001e4000 'java/lang/invoke/LambdaForm$MH+0x00000001001e4000'
Event: 12224.629 Thread 0x00000258a74c1c10 Unloading class 0x000000010011d400 'java/lang/invoke/LambdaForm$MH+0x000000010011d400'
Event: 12224.630 Thread 0x00000258a74c1c10 Unloading class 0x00000001000c1000 'java/lang/invoke/LambdaForm$MH+0x00000001000c1000'
Event: 12224.631 Thread 0x00000258a74c1c10 Unloading class 0x00000001000c0800 'java/lang/invoke/LambdaForm$MH+0x00000001000c0800'
Event: 12384.565 Thread 0x00000258a74c1c10 Unloading class 0x0000000102308000 'java/lang/invoke/LambdaForm$MH+0x0000000102308000'
Event: 12384.565 Thread 0x00000258a74c1c10 Unloading class 0x0000000102319800 'java/lang/invoke/LambdaForm$MH+0x0000000102319800'

Classes redefined (0 events):
No events

Internal exceptions (20 events):
Event: 12395.408 Thread 0x00000258b9b5f680 Exception <a 'sun/nio/fs/WindowsException'{0x00000000fd1caa70}> (0x00000000fd1caa70) 
thrown [s\src\hotspot\share\prims\jni.cpp, line 537]
Event: 12395.412 Thread 0x00000258b9b5f680 Exception <a 'sun/nio/fs/WindowsException'{0x00000000fd1efa20}> (0x00000000fd1efa20) 
thrown [s\src\hotspot\share\prims\jni.cpp, line 537]
Event: 12395.657 Thread 0x00000258b9b5f680 Exception <a 'sun/nio/fs/WindowsException'{0x00000000fbc70c40}> (0x00000000fbc70c40) 
thrown [s\src\hotspot\share\prims\jni.cpp, line 537]
Event: 12395.668 Thread 0x00000258b9b5f680 Exception <a 'sun/nio/fs/WindowsException'{0x00000000fbc756f8}> (0x00000000fbc756f8) 
thrown [s\src\hotspot\share\prims\jni.cpp, line 537]
Event: 12395.670 Thread 0x00000258b9b5f680 Exception <a 'sun/nio/fs/WindowsException'{0x00000000fbc7c7d0}> (0x00000000fbc7c7d0) 
thrown [s\src\hotspot\share\prims\jni.cpp, line 537]
Event: 12395.673 Thread 0x00000258b9b5f680 Exception <a 'sun/nio/fs/WindowsException'{0x00000000fbc88790}> (0x00000000fbc88790) 
thrown [s\src\hotspot\share\prims\jni.cpp, line 537]
Event: 12395.674 Thread 0x00000258b9b5f680 Exception <a 'sun/nio/fs/WindowsException'{0x00000000fbc89e60}> (0x00000000fbc89e60) 
thrown [s\src\hotspot\share\prims\jni.cpp, line 537]
Event: 12395.675 Thread 0x00000258b9b5f680 Exception <a 'sun/nio/fs/WindowsException'{0x00000000fbc8d0d0}> (0x00000000fbc8d0d0) 
thrown [s\src\hotspot\share\prims\jni.cpp, line 537]
Event: 12395.676 Thread 0x00000258b9b5f680 Exception <a 'sun/nio/fs/WindowsException'{0x00000000fbc8ec40}> (0x00000000fbc8ec40) 
thrown [s\src\hotspot\share\prims\jni.cpp, line 537]
Event: 12395.680 Thread 0x00000258b9b5f680 Exception <a 'sun/nio/fs/WindowsException'{0x00000000fbc93440}> (0x00000000fbc93440) 
thrown [s\src\hotspot\share\prims\jni.cpp, line 537]
Event: 12395.681 Thread 0x00000258b9b5f680 Exception <a 'sun/nio/fs/WindowsException'{0x00000000fbc95008}> (0x00000000fbc95008) 
thrown [s\src\hotspot\share\prims\jni.cpp, line 537]
Event: 12395.681 Thread 0x00000258b9b5f680 Exception <a 'sun/nio/fs/WindowsException'{0x00000000fbc96de8}> (0x00000000fbc96de8) 
thrown [s\src\hotspot\share\prims\jni.cpp, line 537]
Event: 12395.682 Thread 0x00000258b9b5f680 Exception <a 'sun/nio/fs/WindowsException'{0x00000000fbc98e50}> (0x00000000fbc98e50) 
thrown [s\src\hotspot\share\prims\jni.cpp, line 537]
Event: 12395.692 Thread 0x00000258b9b5f680 Exception <a 'sun/nio/fs/WindowsException'{0x00000000fbc9ba48}> (0x00000000fbc9ba48) 
thrown [s\src\hotspot\share\prims\jni.cpp, line 537]
Event: 12395.692 Thread 0x00000258b9b5f680 Exception <a 'sun/nio/fs/WindowsException'{0x00000000fbc9d5d8}> (0x00000000fbc9d5d8) 
thrown [s\src\hotspot\share\prims\jni.cpp, line 537]
Event: 12395.694 Thread 0x00000258b9b5f680 Exception <a 'sun/nio/fs/WindowsException'{0x00000000fbca00d8}> (0x00000000fbca00d8) 
thrown [s\src\hotspot\share\prims\jni.cpp, line 537]
Event: 12395.771 Thread 0x00000258b9b5f680 Exception <a 'sun/nio/fs/WindowsException'{0x00000000fbce7678}> (0x00000000fbce7678) 
thrown [s\src\hotspot\share\prims\jni.cpp, line 537]
Event: 12395.773 Thread 0x00000258b9b5f680 Exception <a 'sun/nio/fs/WindowsException'{0x00000000fbcea388}> (0x00000000fbcea388) 
thrown [s\src\hotspot\share\prims\jni.cpp, line 537]
Event: 12395.803 Thread 0x00000258b9b5f680 Exception <a 'sun/nio/fs/WindowsException'{0x00000000fbb9b910}> (0x00000000fbb9b910) 
thrown [s\src\hotspot\share\prims\jni.cpp, line 537]
Event: 12395.804 Thread 0x00000258b9b5f680 Exception <a 'sun/nio/fs/WindowsException'{0x00000000fbb9d928}> (0x00000000fbb9d928) 
thrown [s\src\hotspot\share\prims\jni.cpp, line 537]

ZGC Phase Switch (0 events):
No events

VM Operations (20 events):
Event: 12390.975 Executing non-safepoint VM operation: HandshakeAllThreads (Deoptimize)
Event: 12390.975 Executing non-safepoint VM operation: HandshakeAllThreads (Deoptimize) done
Event: 12390.985 Executing non-safepoint VM operation: HandshakeAllThreads (Deoptimize)
Event: 12390.985 Executing non-safepoint VM operation: HandshakeAllThreads (Deoptimize) done
Event: 12391.487 Executing non-safepoint VM operation: HandshakeAllThreads (Deoptimize)
Event: 12391.487 Executing non-safepoint VM operation: HandshakeAllThreads (Deoptimize) done
Event: 12392.491 Executing safepoint VM operation: Cleanup
Event: 12392.491 Executing safepoint VM operation: Cleanup done
Event: 12393.120 Executing non-safepoint VM operation: HandshakeAllThreads (Deoptimize)
Event: 12393.120 Executing non-safepoint VM operation: HandshakeAllThreads (Deoptimize) done
Event: 12393.423 Executing safepoint VM operation: G1CollectForAllocation (G1 Evacuation Pause)
Event: 12393.472 Executing safepoint VM operation: G1CollectForAllocation (G1 Evacuation Pause) done
Event: 12394.246 Executing non-safepoint VM operation: HandshakeAllThreads (HandshakeForDeflation)
Event: 12394.246 Executing non-safepoint VM operation: HandshakeAllThreads (HandshakeForDeflation) done
Event: 12394.246 Executing non-safepoint VM operation: RendezvousGCThreads
Event: 12394.246 Executing non-safepoint VM operation: RendezvousGCThreads done
Event: 12395.259 Executing safepoint VM operation: Cleanup
Event: 12395.260 Executing safepoint VM operation: Cleanup done
Event: 12396.268 Executing safepoint VM operation: Cleanup
Event: 12396.268 Executing safepoint VM operation: Cleanup done

Memory protections (0 events):
No events

Nmethod flushes (20 events):
Event: 12385.300 Thread 0x00000258a74c1c10 flushing  nmethod 0x0000025894956810
Event: 12385.300 Thread 0x00000258a74c1c10 flushing  nmethod 0x000002589498b590
Event: 12385.300 Thread 0x00000258a74c1c10 flushing  nmethod 0x000002589498c290
Event: 12385.300 Thread 0x00000258a74c1c10 flushing  nmethod 0x00000258949b7c10
Event: 12385.300 Thread 0x00000258a74c1c10 flushing  nmethod 0x00000258949b8b10
Event: 12385.300 Thread 0x00000258a74c1c10 flushing  nmethod 0x00000258949be410
Event: 12385.300 Thread 0x00000258a74c1c10 flushing  nmethod 0x0000025894ae2610
Event: 12385.300 Thread 0x00000258a74c1c10 flushing  nmethod 0x0000025894b70f10
Event: 12385.300 Thread 0x00000258a74c1c10 flushing  nmethod 0x0000025894b76290
Event: 12385.300 Thread 0x00000258a74c1c10 flushing  nmethod 0x0000025894c15a90
Event: 12385.300 Thread 0x00000258a74c1c10 flushing  nmethod 0x0000025894c25010
Event: 12385.300 Thread 0x00000258a74c1c10 flushing  nmethod 0x0000025894c37c10
Event: 12385.300 Thread 0x00000258a74c1c10 flushing  nmethod 0x0000025894c38290
Event: 12385.300 Thread 0x00000258a74c1c10 flushing  nmethod 0x0000025894c79610
Event: 12385.300 Thread 0x00000258a74c1c10 flushing  nmethod 0x0000025894ca7f10
Event: 12385.300 Thread 0x00000258a74c1c10 flushing  nmethod 0x0000025894cd1210
Event: 12385.300 Thread 0x00000258a74c1c10 flushing  nmethod 0x0000025894d3de10
Event: 12385.300 Thread 0x00000258a74c1c10 flushing  nmethod 0x0000025894d3e410
Event: 12385.300 Thread 0x00000258a74c1c10 flushing  nmethod 0x0000025894d3ed90
Event: 12385.300 Thread 0x00000258a74c1c10 flushing  nmethod 0x0000025894d3fe10

Events (20 events):
Event: 12375.760 Thread 0x00000258b7c7e1e0 Thread exited: 0x00000258b7c7e1e0
Event: 12376.158 Thread 0x00000258b9b5f680 Thread added: 0x00000258b95b6a50
Event: 12376.832 Thread 0x00000258b9b5f680 Thread added: 0x00000258b8991df0
Event: 12381.645 Thread 0x00000258a76caaa0 Thread added: 0x00000258b9d10e00
Event: 12382.277 Thread 0x00000258b9d10e00 Thread exited: 0x00000258b9d10e00
Event: 12383.457 Thread 0x00000258a76cb8f0 Thread added: 0x00000258b1074aa0
Event: 12384.008 Thread 0x00000258b1074aa0 Thread exited: 0x00000258b1074aa0
Event: 12387.539 Thread 0x00000258a76cb8f0 Thread added: 0x00000258bf713020
Event: 12387.734 Thread 0x00000258bf713020 Thread exited: 0x00000258bf713020
Event: 12388.464 Thread 0x00000258a76cb8f0 Thread added: 0x00000258bf7136f0
Event: 12388.651 Thread 0x00000258bf7136f0 Thread exited: 0x00000258bf7136f0
Event: 12389.361 Thread 0x00000258a76cb8f0 Thread added: 0x00000258bf7136f0
Event: 12390.265 Thread 0x00000258bf7136f0 Thread exited: 0x00000258bf7136f0
Event: 12390.818 Thread 0x00000258a76caaa0 Thread added: 0x00000258bf714b60
Event: 12390.975 Thread 0x00000258bf714b60 Thread exited: 0x00000258bf714b60
Event: 12391.101 Thread 0x00000258a76cb8f0 Thread added: 0x00000258bf7136f0
Event: 12391.525 Thread 0x00000258bf7136f0 Thread exited: 0x00000258bf7136f0
Event: 12391.654 Thread 0x00000258a76cb8f0 Thread added: 0x00000258bf9b3f70
Event: 12392.220 Thread 0x00000258bf9b3f70 Thread exited: 0x00000258bf9b3f70
Event: 12394.500 Thread 0x00000258a76cb8f0 Thread added: 0x00000258bf9b2b00


Dynamic libraries:
0x00007ff6a15a0000 - 0x00007ff6a15aa000 	D:\Andriod Studio\jbr\bin\java.exe
0x00007fff8de20000 - 0x00007fff8e086000 	C:\windows\SYSTEM32\ntdll.dll
0x00007fff8c9f0000 - 0x00007fff8cab9000 	C:\windows\System32\KERNEL32.DLL
0x00007fff8b550000 - 0x00007fff8b94f000 	C:\windows\System32\KERNELBASE.dll
0x00007fff8b280000 - 0x00007fff8b3cc000 	C:\windows\System32\ucrtbase.dll
0x00007ffee0610000 - 0x00007ffee062b000 	D:\Andriod Studio\jbr\bin\VCRUNTIME140.dll
0x00007fff85ce0000 - 0x00007fff85cf8000 	D:\Andriod Studio\jbr\bin\jli.dll
0x00007fff8c820000 - 0x00007fff8c9e6000 	C:\windows\System32\USER32.dll
0x00007fff8b520000 - 0x00007fff8b547000 	C:\windows\System32\win32u.dll
0x00007fff73150000 - 0x00007fff733e1000 	C:\windows\WinSxS\amd64_microsoft.windows.common-controls_6595b64144ccf1df_6.0.26100.8972_none_3e0da176e32f9d4b\COMCTL32.dll
0x00007fff8d780000 - 0x00007fff8d7ab000 	C:\windows\System32\GDI32.dll
0x00007fff8dc50000 - 0x00007fff8dcf9000 	C:\windows\System32\msvcrt.dll
0x00007fff8ba20000 - 0x00007fff8bb49000 	C:\windows\System32\gdi32full.dll
0x00007fff8b3e0000 - 0x00007fff8b483000 	C:\windows\System32\msvcp_win.dll
0x00007fff8d740000 - 0x00007fff8d772000 	C:\windows\System32\IMM32.DLL
0x00007ffee0600000 - 0x00007ffee060c000 	D:\Andriod Studio\jbr\bin\vcruntime140_1.dll
0x00007fff68710000 - 0x00007fff6879d000 	D:\Andriod Studio\jbr\bin\msvcp140.dll
0x00007ffee0db0000 - 0x00007ffee1a46000 	D:\Andriod Studio\jbr\bin\server\jvm.dll
0x00007fff8d7b0000 - 0x00007fff8d86c000 	C:\windows\System32\ADVAPI32.dll
0x00007fff8dd00000 - 0x00007fff8ddaa000 	C:\windows\System32\sechost.dll
0x00007fff8cac0000 - 0x00007fff8cbd8000 	C:\windows\System32\RPCRT4.dll
0x00007fff8d880000 - 0x00007fff8d902000 	C:\windows\System32\WS2_32.dll
0x00007fff8ae90000 - 0x00007fff8aeee000 	C:\windows\SYSTEM32\POWRPROF.dll
0x00007fff7fff0000 - 0x00007fff80026000 	C:\windows\SYSTEM32\WINMM.dll
0x00007fff7ea80000 - 0x00007fff7ea8b000 	C:\windows\SYSTEM32\VERSION.dll
0x00007fff8ae70000 - 0x00007fff8ae85000 	C:\windows\SYSTEM32\UMPDC.dll
0x00007fff89d20000 - 0x00007fff89d3b000 	C:\windows\SYSTEM32\kernel.appcore.dll
0x00007ffee05f0000 - 0x00007ffee05fa000 	D:\Andriod Studio\jbr\bin\jimage.dll
0x00007fff7d400000 - 0x00007fff7d642000 	C:\windows\SYSTEM32\DBGHELP.DLL
0x00007fff8c3a0000 - 0x00007fff8c725000 	C:\windows\System32\combase.dll
0x00007fff8d2a0000 - 0x00007fff8d379000 	C:\windows\System32\OLEAUT32.dll
0x00007fff687a0000 - 0x00007fff687db000 	C:\windows\SYSTEM32\dbgcore.DLL
0x00007fff8b960000 - 0x00007fff8ba0c000 	C:\windows\System32\bcryptPrimitives.dll
0x00007fff80470000 - 0x00007fff8047e000 	D:\Andriod Studio\jbr\bin\instrument.dll
0x00007ffee05d0000 - 0x00007ffee05f0000 	D:\Andriod Studio\jbr\bin\java.dll
0x00007ffee05b0000 - 0x00007ffee05c8000 	D:\Andriod Studio\jbr\bin\zip.dll
0x00007fff8bb70000 - 0x00007fff8c2f8000 	C:\windows\System32\SHELL32.dll
0x00007fff88ac0000 - 0x00007fff8935b000 	C:\windows\SYSTEM32\windows.storage.dll
0x00007fff8d400000 - 0x00007fff8d4f9000 	C:\windows\System32\SHCORE.dll
0x00007fff8dac0000 - 0x00007fff8db26000 	C:\windows\System32\shlwapi.dll
0x00007fff8af50000 - 0x00007fff8af79000 	C:\windows\SYSTEM32\profapi.dll
0x00007ffee05a0000 - 0x00007ffee05b0000 	D:\Andriod Studio\jbr\bin\net.dll
0x00007fff7f720000 - 0x00007fff7f848000 	C:\windows\SYSTEM32\WINHTTP.dll
0x00007fff8a2d0000 - 0x00007fff8a33c000 	C:\windows\system32\mswsock.dll
0x00007ffee0490000 - 0x00007ffee04a6000 	D:\Andriod Studio\jbr\bin\nio.dll
0x00007fff85ff0000 - 0x00007fff86000000 	D:\Andriod Studio\jbr\bin\verify.dll
0x00007fff87f10000 - 0x00007fff87f37000 	C:\Users\ELCOT\.gradle\native\660c5614fbf4a5f2a75b1949f50a0caf5cd603558e7d8a26e50b933a0cfb79d1\windows-amd64\native-platform.dll
0x00007fff699a0000 - 0x00007fff69a17000 	C:\Users\ELCOT\.gradle\native\0.2.8\x86_64-windows-gnu\gradle-fileevents.dll
0x00007ffedffb0000 - 0x00007ffedffb9000 	D:\Andriod Studio\jbr\bin\management.dll
0x00007ffedffa0000 - 0x00007ffedffab000 	D:\Andriod Studio\jbr\bin\management_ext.dll
0x00007fff8d500000 - 0x00007fff8d508000 	C:\windows\System32\PSAPI.DLL
0x00007fff896b0000 - 0x00007fff896e3000 	C:\windows\SYSTEM32\IPHLPAPI.DLL
0x00007fff8d910000 - 0x00007fff8d91a000 	C:\windows\System32\NSI.dll
0x00007ffee01a0000 - 0x00007ffee01a9000 	D:\Andriod Studio\jbr\bin\extnet.dll
0x00007fff8a5c0000 - 0x00007fff8a5db000 	C:\windows\SYSTEM32\CRYPTSP.dll
0x00007fff89c80000 - 0x00007fff89cb9000 	C:\windows\system32\rsaenh.dll
0x00007fff8a380000 - 0x00007fff8a3b2000 	C:\windows\SYSTEM32\USERENV.dll
0x00007fff8af20000 - 0x00007fff8af4a000 	C:\windows\SYSTEM32\bcrypt.dll
0x00007fff8a5e0000 - 0x00007fff8a5ec000 	C:\windows\SYSTEM32\CRYPTBASE.dll
0x00007fff1ec60000 - 0x00007fff1ec68000 	C:\windows\system32\wshunix.dll
0x00007fff896f0000 - 0x00007fff89848000 	C:\windows\SYSTEM32\DNSAPI.dll
0x00007fff8a0d0000 - 0x00007fff8a0dd000 	C:\windows\SYSTEM32\DSPARSE.dll
0x00007fff7fbd0000 - 0x00007fff7fbdb000 	C:\Windows\System32\rasadhlp.dll
0x00007fff84d50000 - 0x00007fff84dd6000 	C:\windows\System32\fwpuclnt.dll
0x00007fff2c180000 - 0x00007fff2c198000 	C:\windows\system32\napinsp.dll
0x00007fff26c90000 - 0x00007fff26ca3000 	C:\windows\System32\winrnr.dll
0x00007fff7ee90000 - 0x00007fff7eeb2000 	C:\windows\system32\nlansp_c.dll
0x00007fff54730000 - 0x00007fff54746000 	C:\windows\system32\wshbth.dll
0x00007fff80350000 - 0x00007fff80357000 	D:\Andriod Studio\jbr\bin\rmi.dll
0x00007fff89e50000 - 0x00007fff89e86000 	C:\windows\SYSTEM32\ntmarta.dll

JVMTI agents:
C:\Users\ELCOT\.gradle\wrapper\dists\gradle-9.4.1-bin\arn2x92ynaizyzdaamcbpbhtj\gradle-9.4.1\lib\agents\gradle-instrumentation-agent-9.4.1.jar path:D:\Andriod Studio\jbr\bin\instrument.dll, loaded, initialized, instrumentlib options:none

dbghelp: loaded successfully - version: 4.0.5 - missing functions: none
symbol engine: initialized successfully - sym options: 0x614 - pdb path: .;D:\Andriod Studio\jbr\bin;C:\windows\SYSTEM32;C:\windows\WinSxS\amd64_microsoft.windows.common-controls_6595b64144ccf1df_6.0.26100.8972_none_3e0da176e32f9d4b;D:\Andriod Studio\jbr\bin\server;C:\Users\ELCOT\.gradle\native\660c5614fbf4a5f2a75b1949f50a0caf5cd603558e7d8a26e50b933a0cfb79d1\windows-amd64;C:\Users\ELCOT\.gradle\native\0.2.8\x86_64-windows-gnu

VM Arguments:
jvm_args: --add-opens=java.base/java.lang=ALL-UNNAMED --add-opens=java.base/java.lang.invoke=ALL-UNNAMED --add-opens=java.base/java.util=ALL-UNNAMED --add-opens=java.prefs/java.util.prefs=ALL-UNNAMED --add-exports=jdk.compiler/com.sun.tools.javac.api=ALL-UNNAMED --add-exports=jdk.compiler/com.sun.tools.javac.util=ALL-UNNAMED --add-opens=java.base/java.util=ALL-UNNAMED --add-opens=java.prefs/java.util.prefs=ALL-UNNAMED --add-opens=java.base/java.nio.charset=ALL-UNNAMED --add-opens=java.base/java.net=ALL-UNNAMED --add-opens=java.base/java.util.concurrent=ALL-UNNAMED --add-opens=java.base/java.util.concurrent.atomic=ALL-UNNAMED --add-opens=java.xml/javax.xml.namespace=ALL-UNNAMED --add-opens=java.base/java.time=ALL-UNNAMED -Xmx2048m -Dfile.encoding=UTF-8 -Duser.country=IN -Duser.language=en -Duser.variant -javaagent:C:\Users\ELCOT\.gradle\wrapper\dists\gradle-9.4.1-bin\arn2x92ynaizyzdaamcbpbhtj\gradle-9.4.1\lib\agents\gradle-instrumentation-agent-9.4.1.jar 
java_command: org.gradle.launcher.daemon.bootstrap.GradleDaemon 9.4.1
java_class_path (initial): C:\Users\ELCOT\.gradle\wrapper\dists\gradle-9.4.1-bin\arn2x92ynaizyzdaamcbpbhtj\gradle-9.4.1\lib\gradle-daemon-main-9.4.1.jar
Launcher Type: SUN_STANDARD

[Global flags]
     intx CICompilerCount                          = 4                                         {product} {ergonomic}
     uint ConcGCThreads                            = 2                                         {product} {ergonomic}
     uint G1ConcRefinementThreads                  = 8                                         {product} {ergonomic}
   size_t G1HeapRegionSize                         = 1048576                                   {product} {ergonomic}
    uintx GCDrainStackTargetSize                   = 64                                        {product} {ergonomic}
   size_t InitialHeapSize                          = 121634816                                 {product} {ergonomic}
   size_t MarkStackSize                            = 4194304                                   {product} {ergonomic}
   size_t MaxHeapSize                              = 2147483648                                {product} {command line}
   size_t MaxNewSize                               = 1287651328                                {product} {ergonomic}
   size_t MinHeapDeltaBytes                        = 1048576                                   {product} {ergonomic}
   size_t MinHeapSize                              = 8388608                                   {product} {ergonomic}
    uintx NonNMethodCodeHeapSize                   = 5839372                                {pd product} {ergonomic}
    uintx NonProfiledCodeHeapSize                  = 122909434                              {pd product} {ergonomic}
    uintx ProfiledCodeHeapSize                     = 122909434                              {pd product} {ergonomic}
    uintx ReservedCodeCacheSize                    = 251658240                              {pd product} {ergonomic}
     bool SegmentedCodeCache                       = true                                      {product} {ergonomic}
   size_t SoftMaxHeapSize                          = 2147483648                             {manageable} {ergonomic}
     bool UseCompressedOops                        = true                           {product lp64_product} {ergonomic}
     bool UseG1GC                                  = true                                      {product} {ergonomic}
     bool UseLargePagesIndividualAllocation        = false                                  {pd product} {ergonomic}

Logging:
Log output configuration:
 #0: stdout all=warning uptime,level,tags foldmultilines=false
 #1: stderr all=off uptime,level,tags foldmultilines=false

Release file:
JAVA_VERSION="21.0.10" 
MODULES="java.base java.compiler java.datatransfer java.xml java.prefs java.desktop java.instrument java.logging java.management java.security.sasl java.naming java.rmi java.management.rmi java.net.http java.scripting java.security.jgss java.transaction.xa java.sql java.sql.rowset java.xml.crypto java.se java.smartcardio jdk.accessibility jdk.internal.jvmstat jdk.attach jdk.charsets jdk.internal.opt jdk.zipfs jdk.compiler jdk.crypto.ec jdk.crypto.cryptoki jdk.dynalink jdk.hotspot.agent jdk.httpserver jdk.internal.ed jdk.internal.le jdk.internal.vm.ci jdk.jartool jdk.javadoc jdk.jcmd jdk.jdeps jdk.jdwp.agent jdk.jdi jdk.jfr jdk.jlink jdk.jsobject jdk.localedata jdk.management jdk.management.agent jdk.management.jfr jdk.naming.dns jdk.naming.rmi jdk.net jdk.sctp jdk.security.auth jdk.security.jgss jdk.unsupported jdk.unsupported.desktop jdk.xml.dom" 
IMPLEMENTOR="JetBrains s.r.o." 
JAVA_RUNTIME_VERSION="21.0.10+-14961533-b1163.108" 
LIBC="default" 
OS_ARCH="x86_64" 
OS_NAME="Windows" 
SOURCE=".:git:1351622c2ff2" 

Environment Variables:
PATH=C:\windows\system32;C:\windows;C:\windows\System32\Wbem;C:\windows\System32\WindowsPowerShell\v1.0\;C:\windows\System32\OpenSSH\;C:\Program Files\Git\cmd;C:\Program Files\Docker\Docker\resources\bin;C:\Users\ELCOT\AppData\Local\Programs\Python\Python311\Scripts\;C:\Users\ELCOT\AppData\Local\Programs\Python\Python311\;C:\Users\ELCOT\AppData\Local\Microsoft\WindowsApps;C:\Users\ELCOT\AppData\Local\Programs\Microsoft VS Code\bin;C:\Users\ELCOT\AppData\Local\Programs\Antigravity\bin;D:\Antigravity IDE\bin;C:\Users\ELCOT\AppData\Local\Programs\Antigravity IDE\bin
USERNAME=ELCOT
OS=Windows_NT
PROCESSOR_IDENTIFIER=AMD64 Family 23 Model 160 Stepping 0, AuthenticAMD
TMP=C:\Users\ELCOT\AppData\Local\Temp
TEMP=C:\Users\ELCOT\AppData\Local\Temp




Periodic native trim disabled

JNI global refs:
JNI global refs: 30, weak refs: 13

JNI global refs memory usage: 835, weak refs: 833

Process memory usage:
Resident Set Size: 819884K (10% of 7590704K total physical memory with 460244K free physical memory)

OOME stack traces (most recent first):
Classloader memory used:
Loader org.gradle.internal.classloader.VisitableURLClassLoader                         : 117M
Loader org.gradle.internal.classloader.VisitableURLClassLoader$InstrumentingVisitableURLClassLoader: 113M
Loader bootstrap                                                                       : 35255K
Loader org.gradle.initialization.MixInLegacyTypesClassLoader                           : 16899K
Loader java.net.URLClassLoader                                                         : 9056K
Loader jdk.internal.loader.ClassLoaders$AppClassLoader                                 : 8009K
Loader org.gradle.internal.classloader.VisitableURLClassLoader                         : 1640K
Loader jdk.internal.loader.ClassLoaders$PlatformClassLoader                            : 924K
Loader jdk.internal.reflect.DelegatingClassLoader                                      : 836K
Loader jdk.internal.jrtfs.JrtFileSystemProvider$JrtFsLoader                            : 339K
Loader org.gradle.groovy.scripts.internal.DefaultScriptCompilationHandler$ScriptClassLoader: 320K
Loader sun.reflect.misc.MethodUtil                                                     : 2984B

Classes loaded by more than one classloader:
Class Program                                                                         : loaded 7 times (x 72B)
Class org.jetbrains.kotlin.name.ClassId$Companion                                     : loaded 6 times (x 71B)
Class org.jetbrains.kotlin.build.report.metrics.DoNothingBuildMetricsReporter         : loaded 6 times (x 86B)
Class org.jetbrains.kotlin.name.FqName                                                : loaded 6 times (x 72B)
Class org.jetbrains.kotlin.build.report.metrics.BuildTime                             : loaded 6 times (x 70B)
Class org.jetbrains.kotlin.build.report.metrics.GradleBuildTime$Companion             : loaded 6 times (x 71B)
Class org.jetbrains.kotlin.name.FqNameUnsafe                                          : loaded 6 times (x 72B)
Class org.jetbrains.kotlin.build.report.metrics.GradleBuildTime                       : loaded 6 times (x 86B)
Class [Lorg.jetbrains.kotlin.build.report.metrics.GradleBuildTime;                    : loaded 6 times (x 69B)
Class org.jetbrains.kotlin.name.Name                                                  : loaded 6 times (x 75B)
Class [Lorg.jetbrains.kotlin.build.report.metrics.BuildTime;                          : loaded 6 times (x 69B)
Class org.jetbrains.kotlin.build.report.metrics.BuildMetricsReporter                  : loaded 6 times (x 70B)
Class org.jetbrains.kotlin.name.ClassId                                               : loaded 6 times (x 72B)
Class org.jetbrains.org.objectweb.asm.ClassTooLargeException                          : loaded 5 times (x 83B)
Class com.google.common.collect.AbstractIterator                                      : loaded 5 times (x 82B)
Class org.jetbrains.kotlin.name.FqNameUnsafe$1                                        : loaded 5 times (x 74B)
Class org.jetbrains.org.objectweb.asm.CurrentFrame                                    : loaded 5 times (x 73B)
Class com.google.common.collect.AbstractIndexedListIterator                           : loaded 5 times (x 96B)
Class org.jetbrains.org.objectweb.asm.FieldVisitor                                    : loaded 5 times (x 76B)
Class com.google.common.collect.ImmutableList                                         : loaded 5 times (x 206B)
Class Build_gradle                                                                    : loaded 5 times (x 72B)
Class org.jetbrains.org.objectweb.asm.FieldWriter                                     : loaded 5 times (x 77B)
Class org.jetbrains.org.objectweb.asm.Context                                         : loaded 5 times (x 72B)
Class org.jetbrains.org.objectweb.asm.MethodTooLargeException                         : loaded 5 times (x 83B)
Class org.jetbrains.org.objectweb.asm.MethodVisitor                                   : loaded 5 times (x 104B)
Class com.google.common.collect.Lists$StringAsImmutableList                           : loaded 5 times (x 207B)
Class com.google.common.collect.Iterators                                             : loaded 5 times (x 71B)
Class com.google.common.collect.Iterators$1                                           : loaded 5 times (x 81B)
Class [Lorg.jetbrains.org.objectweb.asm.Label;                                        : loaded 5 times (x 69B)
Class org.jetbrains.org.objectweb.asm.RecordComponentVisitor                          : loaded 5 times (x 77B)
Class org.jetbrains.org.objectweb.asm.ClassWriter                                     : loaded 5 times (x 104B)
Class com.google.common.collect.Iterators$4                                           : loaded 5 times (x 82B)
Class com.google.common.collect.UnmodifiableListIterator                              : loaded 5 times (x 95B)
Class com.google.common.collect.Iterators$5                                           : loaded 5 times (x 82B)
Class org.jetbrains.org.objectweb.asm.AnnotationVisitor                               : loaded 5 times (x 77B)
Class [Lorg.jetbrains.org.objectweb.asm.Type;                                         : loaded 5 times (x 69B)
Class org.jetbrains.org.objectweb.asm.SymbolTable                                     : loaded 5 times (x 72B)
Class com.google.common.collect.ImmutableCollection                                   : loaded 5 times (x 125B)
Class com.google.common.collect.Lists                                                 : loaded 5 times (x 71B)
Class org.jetbrains.org.objectweb.asm.AnnotationWriter                                : loaded 5 times (x 78B)
Class com.google.common.collect.UnmodifiableIterator                                  : loaded 5 times (x 80B)
Class com.google.common.collect.Iterators$9                                           : loaded 5 times (x 81B)
Class org.jetbrains.org.objectweb.asm.MethodWriter                                    : loaded 5 times (x 105B)
Class org.jetbrains.org.objectweb.asm.ClassReader                                     : loaded 5 times (x 91B)
Class [Lorg.jetbrains.org.objectweb.asm.SymbolTable$Entry;                            : loaded 5 times (x 69B)
Class org.jetbrains.org.objectweb.asm.Type                                            : loaded 5 times (x 72B)
Class com.google.common.collect.Iterators$ArrayItr                                    : loaded 5 times (x 97B)
Class org.jetbrains.org.objectweb.asm.ClassVisitor                                    : loaded 5 times (x 87B)
Class [Lorg.jetbrains.org.objectweb.asm.Attribute;                                    : loaded 5 times (x 69B)
Class org.jetbrains.org.objectweb.asm.ModuleVisitor                                   : loaded 5 times (x 80B)
Class org.jetbrains.org.objectweb.asm.ByteVector                                      : loaded 5 times (x 78B)
Class org.jetbrains.org.objectweb.asm.Symbol                                          : loaded 5 times (x 73B)
Class com.google.common.collect.Iterators$MergingIterator                             : loaded 5 times (x 81B)
Class org.jetbrains.org.objectweb.asm.ModuleWriter                                    : loaded 5 times (x 81B)
Class org.jetbrains.org.objectweb.asm.SymbolTable$Entry                               : loaded 5 times (x 74B)
Class [Lorg.jetbrains.org.objectweb.asm.Symbol;                                       : loaded 5 times (x 69B)
Class org.jetbrains.org.objectweb.asm.Attribute                                       : loaded 5 times (x 75B)
Class org.jetbrains.org.objectweb.asm.RecordComponentWriter                           : loaded 5 times (x 78B)
Class org.jetbrains.org.objectweb.asm.Label                                           : loaded 5 times (x 72B)
Class org.jetbrains.org.objectweb.asm.Frame                                           : loaded 5 times (x 73B)
Class com.google.common.base.Preconditions                                            : loaded 5 times (x 71B)
Class com.google.common.collect.PeekingIterator                                       : loaded 5 times (x 70B)
Class com.google.common.base.Joiner$1                                                 : loaded 4 times (x 80B)
Class com.google.common.base.PairwiseEquivalence                                      : loaded 4 times (x 83B)
Class com.google.common.base.Equivalence$Identity                                     : loaded 4 times (x 82B)
Class com.google.common.reflect.Types$JavaVersion$3                                   : loaded 4 times (x 83B)
Class org.objectweb.asm.Label                                                         : loaded 4 times (x 73B)
Class org.gradle.accessors.dm.LibrariesForLibs$AndroidxLifecycleLibraryAccessors      : loaded 4 times (x 78B)
Class com.google.common.collect.RegularImmutableMap$KeySet                            : loaded 4 times (x 150B)
Class org.gradle.accessors.dm.LibrariesForLibsInPluginsBlock_Decorated                : loaded 4 times (x 128B)
Class com.google.common.base.PatternCompiler                                          : loaded 4 times (x 70B)
Class com.google.common.collect.Hashing                                               : loaded 4 times (x 71B)
Class com.google.common.base.Equivalence$Equals                                       : loaded 4 times (x 82B)
Class com.google.common.util.concurrent.AbstractFuture$Failure                        : loaded 4 times (x 72B)
Class org.jetbrains.kotlin.cli.common.arguments.CommonToolArguments                   : loaded 4 times (x 73B)
Class com.google.common.reflect.Types                                                 : loaded 4 times (x 71B)
Class com.google.common.reflect.Types$JavaVersion$2                                   : loaded 4 times (x 83B)
Class [Lorg.jetbrains.org.objectweb.asm.AnnotationVisitor;                            : loaded 4 times (x 69B)
Class org.objectweb.asm.CurrentFrame                                                  : loaded 4 times (x 73B)
Class com.google.common.base.CharMatcher$Is                                           : loaded 4 times (x 111B)
Class com.google.common.base.CharMatcher$Negated                                      : loaded 4 times (x 113B)
Class com.google.common.cache.LocalCache$ValueReference                               : loaded 4 times (x 70B)
Class com.google.common.collect.RegularImmutableBiMap                                 : loaded 4 times (x 148B)
Class [Lorg.jetbrains.kotlin.config.ExplicitApiMode;                                  : loaded 4 times (x 69B)
Class com.google.common.reflect.Types$JavaVersion$1                                   : loaded 4 times (x 83B)
Class org.gradle.accessors.dm.LibrariesForLibs$KotlinPluginAccessors                  : loaded 4 times (x 75B)
Class org.gradle.accessors.dm.LibrariesForLibsInPluginsBlock$AndroidxComposeUiLibraryAccessors: loaded 4 times (x 85B)
Class org.gradle.accessors.dm.LibrariesForLibsInPluginsBlock$AndroidxComposeUiToolingLibraryAccessors: loaded 4 times (x 83B)
Class org.jetbrains.kotlin.cli.common.CompilerSystemProperties$Companion              : loaded 4 times (x 71B)
Class kotlin.KotlinNullPointerException                                               : loaded 4 times (x 83B)
Class com.google.common.collect.RegularImmutableMap$BucketOverflowException           : loaded 4 times (x 82B)
Class [Lcom.google.common.cache.Weigher;                                              : loaded 4 times (x 69B)
Class org.objectweb.asm.MethodWriter                                                  : loaded 4 times (x 106B)
Class org.gradle.accessors.dm.LibrariesForLibs$AndroidxLibraryAccessors               : loaded 4 times (x 85B)
Class com.google.common.cache.LoadingCache                                            : loaded 4 times (x 70B)
Class com.google.common.util.concurrent.AbstractFuture$TrustedFuture                  : loaded 4 times (x 114B)
Class com.google.common.cache.LocalCache$StrongEntry                                  : loaded 4 times (x 108B)
Class org.objectweb.asm.ClassTooLargeException                                        : loaded 4 times (x 83B)
Class kotlin.jvm.internal.Intrinsics                                                  : loaded 4 times (x 71B)
Class com.google.common.collect.ImmutableSet$RegularSetBuilderImpl                    : loaded 4 times (x 77B)
Class com.google.common.cache.CacheLoader$InvalidCacheLoadException                   : loaded 4 times (x 82B)
Class org.objectweb.asm.SymbolTable                                                   : loaded 4 times (x 72B)
Class com.google.common.collect.ImmutableRangeSet$ComplementRanges                    : loaded 4 times (x 207B)
Class com.google.common.base.CharMatcher                                              : loaded 4 times (x 111B)
Class com.google.common.reflect.Types$JavaVersion$4                                   : loaded 4 times (x 83B)
Class org.gradle.accessors.dm.LibrariesForLibs$AndroidxLifecycleViewmodelLibraryAccessors: loaded 4 times (x 77B)
Class com.google.common.base.CharMatcher$Whitespace                                   : loaded 4 times (x 112B)
Class com.google.common.cache.LocalCache$AbstractReferenceEntry                       : loaded 4 times (x 107B)
Class com.google.common.reflect.TypeParameter                                         : loaded 4 times (x 72B)
Class com.google.common.reflect.Types$NativeTypeVariableEquals                        : loaded 4 times (x 71B)
Class org.jetbrains.kotlin.tooling.core.HasMutableExtras                              : loaded 4 times (x 70B)
Class kotlin.enums.EnumEntriesKt                                                      : loaded 4 times (x 71B)
Class com.google.common.cache.LocalCache$EntryFactory                                 : loaded 4 times (x 83B)
Class org.jetbrains.kotlin.cli.common.arguments.CommonCompilerArguments               : loaded 4 times (x 80B)
Class com.google.common.collect.Table                                                 : loaded 4 times (x 70B)
Class org.gradle.accessors.dm.LibrariesForLibs$AndroidPluginAccessors                 : loaded 4 times (x 74B)
Class com.google.common.collect.SortedMapDifference                                   : loaded 4 times (x 70B)
Class com.google.common.collect.CollectPreconditions                                  : loaded 4 times (x 71B)
Class org.jetbrains.kotlin.cli.common.messages.MessageCollector$Companion$NONE$1      : loaded 4 times (x 76B)
Class org.gradle.accessors.dm.LibrariesForLibs$AndroidxComposeUiTestLibraryAccessors  : loaded 4 times (x 78B)
Class com.google.common.collect.ArrayListMultimap                                     : loaded 4 times (x 172B)
Class com.google.common.collect.ImmutableEntry                                        : loaded 4 times (x 82B)
Class [Lcom.google.common.collect.AbstractMapEntry;                                   : loaded 4 times (x 69B)
Class org.jetbrains.kotlin.config.LanguageVersion                                     : loaded 4 times (x 91B)
Class org.jetbrains.kotlin.cli.common.arguments.K2JVMCompilerArguments                : loaded 4 times (x 81B)
Class org.gradle.accessors.dm.LibrariesForLibsInPluginsBlock$AndroidxActivityLibraryAccessors: loaded 4 times (x 77B)
Class com.google.common.base.CharMatcher$NegatedFastMatcher                           : loaded 4 times (x 113B)
Class com.google.common.cache.CacheBuilder$2                                          : loaded 4 times (x 72B)
Class com.google.common.cache.LocalCache                                              : loaded 4 times (x 187B)
Class com.google.common.collect.AbstractRangeSet                                      : loaded 4 times (x 114B)
Class com.google.common.base.Predicate                                                : loaded 4 times (x 70B)
Class com.google.common.collect.ImmutableMap                                          : loaded 4 times (x 120B)
Class com.google.common.cache.CacheBuilder$1                                          : loaded 4 times (x 85B)
Class [Lcom.google.common.cache.LocalCache$Strength;                                  : loaded 4 times (x 69B)
Class [Lcom.google.common.cache.LocalCache$Segment;                                   : loaded 4 times (x 69B)
Class org.gradle.accessors.dm.LibrariesForLibsInPluginsBlock$AndroidxComposeMaterialIconsLibraryAccessors: loaded 4 times (x 77B)
Class com.google.common.base.CharMatcher$FastMatcher                                  : loaded 4 times (x 111B)
Class com.google.common.base.Strings                                                  : loaded 4 times (x 71B)
Class com.google.common.base.Ticker                                                   : loaded 4 times (x 72B)
Class [Lcom.google.common.base.AbstractIterator$State;                                : loaded 4 times (x 69B)
Class com.google.common.base.CharMatcher$IsEither                                     : loaded 4 times (x 111B)
Class org.objectweb.asm.Handler                                                       : loaded 4 times (x 72B)
Class com.google.common.collect.Sets                                                  : loaded 4 times (x 71B)
Class com.google.common.base.Supplier                                                 : loaded 4 times (x 70B)
Class org.objectweb.asm.Attribute                                                     : loaded 4 times (x 77B)
Class [Lorg.jetbrains.kotlin.utils.DescriptionAware;                                  : loaded 4 times (x 69B)
Class com.google.common.cache.AbstractCache$StatsCounter                              : loaded 4 times (x 70B)
Class com.google.common.base.CharMatcher$Or                                           : loaded 4 times (x 112B)
Class com.google.common.util.concurrent.AbstractFuture$Listener                       : loaded 4 times (x 72B)
Class org.objectweb.asm.RecordComponentWriter                                         : loaded 4 times (x 78B)
Class org.jetbrains.kotlin.config.MavenComparableVersion$ListItem                     : loaded 4 times (x 218B)
Class com.google.common.cache.CacheStats                                              : loaded 4 times (x 71B)
Class org.objectweb.asm.AnnotationWriter                                              : loaded 4 times (x 79B)
Class org.gradle.accessors.dm.LibrariesForLibs$VersionAccessors                       : loaded 4 times (x 90B)
Class org.gradle.accessors.dm.LibrariesForLibs$AndroidxEspressoLibraryAccessors       : loaded 4 times (x 77B)
Class org.gradle.accessors.dm.LibrariesForLibsInPluginsBlock$AndroidxNavigationLibraryAccessors: loaded 4 times (x 77B)
Class com.google.common.base.CharMatcher$BitSetMatcher                                : loaded 4 times (x 112B)
Class com.google.common.collect.RegularImmutableMap$Values                            : loaded 4 times (x 207B)
Class com.google.common.collect.ImmutableSet                                          : loaded 4 times (x 145B)
Class org.jetbrains.kotlin.config.ApiVersion$Companion                                : loaded 4 times (x 71B)
Class com.google.common.base.AbstractIterator                                         : loaded 4 times (x 80B)
Class org.objectweb.asm.Symbol                                                        : loaded 4 times (x 73B)
Class com.google.common.reflect.Types$ClassOwnership                                  : loaded 4 times (x 80B)
Class org.jetbrains.kotlin.config.MavenComparableVersion$Item                         : loaded 4 times (x 70B)
Class org.gradle.accessors.dm.LibrariesForLibs$AndroidxActivityLibraryAccessors       : loaded 4 times (x 77B)
Class com.google.common.collect.RangeGwtSerializationDependencies                     : loaded 4 times (x 71B)
Class org.gradle.accessors.dm.LibrariesForLibsInPluginsBlock$KotlinPluginAccessors    : loaded 4 times (x 75B)
Class com.google.common.math.IntMath$1                                                : loaded 4 times (x 71B)
Class [Lcom.google.common.cache.CacheBuilder$NullListener;                            : loaded 4 times (x 69B)
Class org.objectweb.asm.ByteVector                                                    : loaded 4 times (x 79B)
Class com.google.common.reflect.Types$TypeVariableImpl                                : loaded 4 times (x 72B)
Class org.objectweb.asm.Type                                                          : loaded 4 times (x 72B)
Class org.jetbrains.kotlin.config.JVMAssertionsMode                                   : loaded 4 times (x 79B)
Class [Lorg.jetbrains.kotlin.config.JVMAssertionsMode;                                : loaded 4 times (x 69B)
Class com.google.common.cache.LocalCache$StrongValueReference                         : loaded 4 times (x 90B)
Class com.google.common.collect.Sets$SetView                                          : loaded 4 times (x 138B)
Class com.google.common.collect.ImmutableRangeSet$Builder                             : loaded 4 times (x 77B)
Class com.google.common.collect.Lists$ReverseList$1                                   : loaded 4 times (x 99B)
Class org.jetbrains.kotlin.tooling.core.Extras                                        : loaded 4 times (x 70B)
Class com.google.common.collect.Maps$8                                                : loaded 4 times (x 82B)
Class kotlin.collections.AbstractCollection                                           : loaded 4 times (x 117B)
Class kotlin.collections.AbstractList                                                 : loaded 4 times (x 197B)
Class org.gradle.accessors.dm.LibrariesForLibsInPluginsBlock                          : loaded 4 times (x 84B)
Class com.google.common.base.Platform                                                 : loaded 4 times (x 71B)
Class com.google.common.reflect.Invokable$MethodInvokable                             : loaded 4 times (x 107B)
Class com.google.common.cache.LocalCache$LoadingValueReference                        : loaded 4 times (x 96B)
Class com.google.common.base.Joiner$2                                                 : loaded 4 times (x 79B)
Class [Lcom.google.common.collect.ImmutableEntry;                                     : loaded 4 times (x 69B)
Class com.google.common.reflect.Types$JavaVersion                                     : loaded 4 times (x 83B)
Class org.objectweb.asm.Frame                                                         : loaded 4 times (x 73B)
Class com.google.common.collect.Maps                                                  : loaded 4 times (x 71B)
Class org.objectweb.asm.MethodVisitor                                                 : loaded 4 times (x 105B)
Class org.gradle.accessors.dm.LibrariesForLibsInPluginsBlock$AndroidxLifecycleRuntimeLibraryAccessors: loaded 4 times (x 77B)
Class com.google.common.collect.ImmutableEnumSet                                      : loaded 4 times (x 146B)
Class com.google.common.util.concurrent.Uninterruptibles                              : loaded 4 times (x 71B)
Class org.jetbrains.kotlin.tooling.core.HasExtras                                     : loaded 4 times (x 70B)
Class com.google.common.reflect.Types$ClassOwnership$1LocalClass                      : loaded 4 times (x 71B)
Class com.google.common.collect.RegularImmutableList                                  : loaded 4 times (x 212B)
Class com.google.common.util.concurrent.ExecutionError                                : loaded 4 times (x 82B)
Class com.google.common.cache.CacheBuilder$OneWeigher                                 : loaded 4 times (x 82B)
Class [Lorg.jetbrains.kotlin.cli.common.CompilerSystemProperties;                     : loaded 4 times (x 69B)
Class com.google.common.cache.LocalCache$EntryFactory$1                               : loaded 4 times (x 83B)
Class com.google.common.base.Function                                                 : loaded 4 times (x 70B)
Class com.google.common.collect.ImmutableMapEntry$NonTerminalImmutableMapEntry        : loaded 4 times (x 85B)
Class com.google.common.collect.ImmutableList$1                                       : loaded 4 times (x 97B)
Class com.google.common.base.Equivalence                                              : loaded 4 times (x 82B)
Class [Lcom.google.common.cache.RemovalListener;                                      : loaded 4 times (x 69B)
Class com.google.common.base.CharMatcher$1                                            : loaded 4 times (x 113B)
Class com.google.common.base.CharMatcher$NamedFastMatcher                             : loaded 4 times (x 112B)
Class kotlin.enums.EnumEntries                                                        : loaded 4 times (x 70B)
Class com.google.common.collect.ImmutableMapEntry                                     : loaded 4 times (x 85B)
Class com.google.common.reflect.Types$TypeVariableInvocationHandler                   : loaded 4 times (x 75B)
Class org.gradle.accessors.dm.LibrariesForLibsInPluginsBlock$AndroidxSecurityLibraryAccessors: loaded 4 times (x 77B)
Class com.google.common.math.IntMath                                                  : loaded 4 times (x 71B)
Class com.google.common.collect.RegularImmutableSortedSet                             : loaded 4 times (x 299B)
Class com.google.common.collect.AbstractMapBasedMultimap$KeySet                       : loaded 4 times (x 137B)
Class com.google.common.base.CommonPattern                                            : loaded 4 times (x 74B)
Class com.google.common.base.CharMatcher$IsNot                                        : loaded 4 times (x 111B)
Class com.google.common.cache.LocalCache$LocalManualCache                             : loaded 4 times (x 99B)
Class [Lcom.google.common.cache.LocalCache$EntryFactory;                              : loaded 4 times (x 69B)
Class com.google.common.collect.ImmutableSortedSet                                    : loaded 4 times (x 299B)
Class org.gradle.accessors.dm.LibrariesForLibsInPluginsBlock$AndroidxLibraryAccessors : loaded 4 times (x 85B)
Class com.google.common.collect.Maps$EntryTransformer                                 : loaded 4 times (x 70B)
Class [Lorg.jetbrains.kotlin.config.LanguageVersion;                                  : loaded 4 times (x 69B)
Class org.jetbrains.kotlin.cli.common.CompilerSystemProperties$value$1                : loaded 4 times (x 125B)
Class com.google.common.reflect.TypeResolver$TypeTable$1                              : loaded 4 times (x 73B)
Class org.gradle.accessors.dm.LibrariesForLibs$AndroidxCoreLibraryAccessors           : loaded 4 times (x 77B)
Class com.google.common.cache.CacheLoader$SupplierToCacheLoader                       : loaded 4 times (x 75B)
Class org.objectweb.asm.RecordComponentVisitor                                        : loaded 4 times (x 77B)
Class org.jetbrains.kotlin.config.ExplicitApiMode                                     : loaded 4 times (x 79B)
Class com.google.common.reflect.TypeResolver$TypeTable                                : loaded 4 times (x 73B)
Class com.google.common.collect.RegularImmutableSet                                   : loaded 4 times (x 148B)
Class org.gradle.accessors.dm.LibrariesForLibsInPluginsBlock$AndroidxComposeLibraryAccessors: loaded 4 times (x 80B)
Class com.google.common.collect.ImmutableAsList                                       : loaded 4 times (x 209B)
Class com.google.common.collect.AbstractMapBasedMultimap                              : loaded 4 times (x 139B)
Class com.google.common.base.FunctionalEquivalence                                    : loaded 4 times (x 83B)
Class com.google.common.util.concurrent.AbstractFuture                                : loaded 4 times (x 106B)
Class kotlin.NotImplementedError                                                      : loaded 4 times (x 82B)
Class com.google.common.reflect.Types$JavaVersion$5                                   : loaded 4 times (x 71B)
Class org.gradle.accessors.dm.LibrariesForLibs$AndroidxComposeMaterialIconsLibraryAccessors: loaded 4 times (x 77B)
Class com.google.common.base.Converter                                                : loaded 4 times (x 90B)
Class com.google.common.collect.ImmutableSet$CachingAsList                            : loaded 4 times (x 147B)
Class com.google.common.cache.ReferenceEntry                                          : loaded 4 times (x 70B)
Class com.google.common.util.concurrent.ListenableFuture                              : loaded 4 times (x 70B)
Class [Lcom.google.common.reflect.Types$ClassOwnership;                               : loaded 4 times (x 69B)
Class com.google.common.collect.RangeSet                                              : loaded 4 times (x 70B)
Class com.google.common.cache.LocalCache$EntryFactory$2                               : loaded 4 times (x 83B)
Class org.gradle.accessors.dm.LibrariesForLibs$AndroidxComposeUiLibraryAccessors      : loaded 4 times (x 85B)
Class org.gradle.accessors.dm.LibrariesForLibsInPluginsBlock$AndroidxEspressoLibraryAccessors: loaded 4 times (x 77B)
Class org.gradle.accessors.dm.LibrariesForLibsInPluginsBlock$AndroidxComposeUiTestLibraryAccessors: loaded 4 times (x 78B)
Class com.google.common.base.CharMatcher$AnyOf                                        : loaded 4 times (x 112B)
Class org.jetbrains.kotlin.config.AnalysisFlag                                        : loaded 4 times (x 72B)
Class kotlin.NoWhenBranchMatchedException                                             : loaded 4 times (x 82B)
Class com.google.common.base.CharMatcher$ForPredicate                                 : loaded 4 times (x 112B)
Class com.google.common.cache.LocalCache$LocalManualCache$1                           : loaded 4 times (x 75B)
Class com.google.common.collect.CollectCollectors                                     : loaded 4 times (x 71B)
Class org.objectweb.asm.ModuleWriter                                                  : loaded 4 times (x 82B)
Class com.google.common.base.Splitter$SplittingIterator                               : loaded 4 times (x 84B)
Class com.google.common.collect.ImmutableSet$JdkBackedSetBuilderImpl                  : loaded 4 times (x 76B)
Class com.google.common.util.concurrent.internal.InternalFutureFailureAccess          : loaded 4 times (x 72B)
Class com.google.common.cache.LocalCache$EntryFactory$3                               : loaded 4 times (x 83B)
Class com.google.common.base.Ticker$1                                                 : loaded 4 times (x 72B)
Class org.jetbrains.kotlin.config.LanguageFeature$State                               : loaded 4 times (x 82B)
Class com.google.common.collect.AbstractListMultimap                                  : loaded 4 times (x 172B)
Class com.google.common.collect.RegularImmutableMap                                   : loaded 4 times (x 121B)
Class com.google.common.collect.ImmutableMap$MapViewOfValuesAsSingletonSets           : loaded 4 times (x 125B)
Class com.google.common.collect.ImmutableBiMap                                        : loaded 4 times (x 143B)
Class com.google.common.cache.CacheLoader                                             : loaded 4 times (x 74B)
Class com.google.common.collect.ImmutableMapEntrySet$RegularEntrySet                  : loaded 4 times (x 151B)
Class [Lorg.objectweb.asm.SymbolTable$Entry;                                          : loaded 4 times (x 69B)
Class com.google.common.collect.SortedIterable                                        : loaded 4 times (x 70B)
Class org.jetbrains.kotlin.utils.DescriptionAware                                     : loaded 4 times (x 70B)
Class com.google.common.collect.Maps$BiMapConverter                                   : loaded 4 times (x 90B)
Class org.gradle.accessors.dm.LibrariesForLibs$AndroidxComposeUiToolingLibraryAccessors: loaded 4 times (x 83B)
Class com.google.common.reflect.TypeCapture                                           : loaded 4 times (x 71B)
Class com.google.common.cache.LocalCache$Segment                                      : loaded 4 times (x 154B)
Class [Lorg.jetbrains.kotlin.cli.common.messages.CompilerMessageSeverity;             : loaded 4 times (x 69B)
Class com.google.common.reflect.TypeToken$2                                           : loaded 4 times (x 110B)
Class org.gradle.accessors.dm.LibrariesForLibs$SqliteLibraryAccessors                 : loaded 4 times (x 77B)
Class com.google.common.collect.ImmutableMap$IteratorBasedImmutableMap                : loaded 4 times (x 125B)
Class com.google.common.collect.SingletonImmutableSet                                 : loaded 4 times (x 146B)
Class com.google.common.cache.LocalCache$ComputingValueReference                      : loaded 4 times (x 96B)
Class com.google.common.reflect.TypeToken$1                                           : loaded 4 times (x 110B)
Class org.jetbrains.kotlin.config.ExplicitApiMode$Companion                           : loaded 4 times (x 71B)
Class kotlin.UninitializedPropertyAccessException                                     : loaded 4 times (x 82B)
Class com.google.common.base.Suppliers$SupplierOfInstance                             : loaded 4 times (x 79B)
Class org.objectweb.asm.Edge                                                          : loaded 4 times (x 72B)
Class org.gradle.accessors.dm.LibrariesForLibs$AndroidxNavigationLibraryAccessors     : loaded 4 times (x 77B)
Class com.google.common.cache.LocalCache$EntryFactory$4                               : loaded 4 times (x 83B)
Class org.objectweb.asm.SymbolTable$Entry                                             : loaded 4 times (x 74B)
Class org.jetbrains.kotlin.cli.common.arguments.Freezable                             : loaded 4 times (x 72B)
Class com.google.common.base.JdkPattern                                               : loaded 4 times (x 75B)
Class com.google.common.collect.ImmutableList$ReverseImmutableList                    : loaded 4 times (x 208B)
Class [Lcom.google.common.reflect.Types$JavaVersion;                                  : loaded 4 times (x 69B)
Class com.google.common.collect.SingletonImmutableList                                : loaded 4 times (x 207B)
Class com.google.common.cache.CacheBuilder                                            : loaded 4 times (x 72B)
Class org.jetbrains.kotlin.config.JvmDefaultMode$Companion                            : loaded 4 times (x 71B)
Class [Lorg.jetbrains.org.objectweb.asm.AnnotationWriter;                             : loaded 4 times (x 69B)
Class com.google.common.collect.ImmutableSet$Builder                                  : loaded 4 times (x 85B)
Class com.google.common.base.ExtraObjectsMethodsForWeb                                : loaded 4 times (x 71B)
Class com.google.common.reflect.TypeToken                                             : loaded 4 times (x 73B)
Class com.google.common.base.CharMatcher$InRange                                      : loaded 4 times (x 111B)
Class com.google.common.collect.Multimap                                              : loaded 4 times (x 70B)
Class com.google.common.primitives.IntsMethodsForWeb                                  : loaded 4 times (x 71B)
Class org.jetbrains.kotlin.cli.common.messages.MessageCollector                       : loaded 4 times (x 70B)
Class [Lorg.jetbrains.kotlin.config.JvmDefaultMode;                                   : loaded 4 times (x 69B)
Class org.jetbrains.kotlin.load.java.JvmAbi                                           : loaded 4 times (x 71B)
Class com.google.common.reflect.Invokable$ConstructorInvokable                        : loaded 4 times (x 107B)
Class com.google.common.cache.RemovalListener                                         : loaded 4 times (x 70B)
Class org.gradle.accessors.dm.LibrariesForLibsInPluginsBlock$AndroidxComposeMaterialLibraryAccessors: loaded 4 times (x 77B)
Class com.google.common.cache.LocalCache$EntryFactory$5                               : loaded 4 times (x 83B)
Class com.google.common.base.NullnessCasts                                            : loaded 4 times (x 71B)
Class com.google.common.collect.ImmutableMap$Builder                                  : loaded 4 times (x 82B)
Class com.google.common.util.concurrent.AbstractFuture$Cancellation                   : loaded 4 times (x 72B)
Class org.gradle.accessors.dm.LibrariesForLibsInPluginsBlock$BundleAccessors          : loaded 4 times (x 73B)
Class org.gradle.accessors.dm.LibrariesForLibsInPluginsBlock$AndroidPluginAccessors   : loaded 4 times (x 74B)
Class com.google.common.cache.Cache                                                   : loaded 4 times (x 70B)
Class com.google.common.cache.LocalCache$Strength                                     : loaded 4 times (x 81B)
Class com.google.common.base.Stopwatch                                                : loaded 4 times (x 72B)
Class org.jetbrains.kotlin.config.ApiVersion                                          : loaded 4 times (x 86B)
Class com.google.common.cache.Weigher                                                 : loaded 4 times (x 70B)
Class org.gradle.accessors.dm.LibrariesForLibsInPluginsBlock$VersionAccessors         : loaded 4 times (x 90B)
Class com.google.common.collect.ImmutableMapEntrySet                                  : loaded 4 times (x 151B)
Class org.gradle.accessors.dm.LibrariesForLibs$PluginAccessors                        : loaded 4 times (x 76B)
Class com.google.common.collect.ObjectArrays                                          : loaded 4 times (x 71B)
Class com.google.common.collect.ArrayListMultimapGwtSerializationDependencies         : loaded 4 times (x 172B)
Class com.google.common.collect.Multiset                                              : loaded 4 times (x 70B)
Class com.google.common.math.MathPreconditions                                        : loaded 4 times (x 71B)
Class com.google.common.collect.ImmutableList$SubList                                 : loaded 4 times (x 208B)
Class kotlin.jvm.internal.markers.KMappedMarker                                       : loaded 4 times (x 70B)
Class com.google.common.primitives.Ints                                               : loaded 4 times (x 71B)
Class org.jetbrains.kotlin.buildtools.api.KotlinLogger                                : loaded 4 times (x 70B)
Class com.google.common.reflect.Reflection                                            : loaded 4 times (x 71B)
Class com.google.common.collect.ForwardingObject                                      : loaded 4 times (x 72B)
Class com.google.common.collect.Iterables                                             : loaded 4 times (x 71B)
Class org.jetbrains.kotlin.config.JVMAssertionsMode$Companion                         : loaded 4 times (x 71B)
Class org.gradle.accessors.dm.LibrariesForLibsInPluginsBlock$AndroidxCoreLibraryAccessors: loaded 4 times (x 77B)
Class com.google.common.base.Splitter$Strategy                                        : loaded 4 times (x 70B)
Class [Lorg.objectweb.asm.Symbol;                                                     : loaded 4 times (x 69B)
Class org.objectweb.asm.ClassVisitor                                                  : loaded 4 times (x 88B)
Class com.google.common.collect.BiMap                                                 : loaded 4 times (x 70B)
Class com.google.common.collect.ImmutableMap$1                                        : loaded 4 times (x 81B)
Class com.google.common.collect.IndexedImmutableSet                                   : loaded 4 times (x 150B)
Class org.objectweb.asm.FieldVisitor                                                  : loaded 4 times (x 77B)
Class com.google.common.base.Objects                                                  : loaded 4 times (x 71B)
Class org.gradle.accessors.dm.LibrariesForLibsInPluginsBlock$AndroidxLifecycleViewmodelLibraryAccessors: loaded 4 times (x 77B)
Class com.google.common.base.CharMatcher$And                                          : loaded 4 times (x 112B)
Class com.google.common.cache.CacheLoader$UnsupportedLoadingOperationException        : loaded 4 times (x 82B)
Class org.objectweb.asm.ClassWriter                                                   : loaded 4 times (x 106B)
Class com.google.common.collect.AbstractMapBasedMultimap$KeySet$1                     : loaded 4 times (x 82B)
Class org.jetbrains.kotlin.config.MavenComparableVersion                              : loaded 4 times (x 78B)
Class com.google.common.cache.LocalCache$EntryFactory$6                               : loaded 4 times (x 83B)
Class org.gradle.accessors.dm.LibrariesForLibs_Decorated                              : loaded 4 times (x 128B)
Class org.gradle.accessors.dm.LibrariesForLibsInPluginsBlock$AndroidxLifecycleLibraryAccessors: loaded 4 times (x 78B)
Class com.google.common.cache.CacheLoader$1                                           : loaded 4 times (x 75B)
Class com.google.common.util.concurrent.UncheckedExecutionException                   : loaded 4 times (x 82B)
Class org.jetbrains.kotlin.cli.common.messages.CompilerMessageSeverity$Companion      : loaded 4 times (x 71B)
Class com.google.common.collect.Maps$KeySet                                           : loaded 4 times (x 137B)
Class org.gradle.kotlin.dsl.VersionCatalogAccessorsKt                                 : loaded 4 times (x 71B)
Class com.google.common.util.concurrent.AbstractFuture$Trusted                        : loaded 4 times (x 70B)
Class com.google.common.collect.Range                                                 : loaded 4 times (x 87B)
Class org.jetbrains.kotlin.cli.common.messages.MessageCollector$Companion             : loaded 4 times (x 71B)
Class com.google.common.cache.LocalCache$EntryFactory$7                               : loaded 4 times (x 83B)
Class com.google.common.collect.RegularImmutableAsList                                : loaded 4 times (x 216B)
Class com.google.common.collect.ImmutableRangeSet$1                                   : loaded 4 times (x 209B)
Class org.jetbrains.kotlin.config.MavenComparableVersion$IntegerItem                  : loaded 4 times (x 80B)
Class com.google.common.collect.AbstractMultimap                                      : loaded 4 times (x 123B)
Class com.google.common.cache.LocalCache$2                                            : loaded 4 times (x 142B)
Class com.google.common.collect.ImmutableList$Builder                                 : loaded 4 times (x 77B)
Class com.google.common.collect.Sets$ImprovedAbstractSet                              : loaded 4 times (x 135B)
Class com.google.common.reflect.TypeToken$SimpleTypeToken                             : loaded 4 times (x 73B)
Class com.google.common.collect.AbstractMapEntry                                      : loaded 4 times (x 81B)
Class com.google.common.cache.LocalCache$1                                            : loaded 4 times (x 89B)
Class com.google.common.collect.SingletonImmutableBiMap                               : loaded 4 times (x 143B)
Class com.google.common.base.Ascii                                                    : loaded 4 times (x 71B)
Class com.google.common.base.Splitter$5                                               : loaded 4 times (x 80B)
Class com.google.common.collect.Platform                                              : loaded 4 times (x 71B)
Class [Lorg.objectweb.asm.Type;                                                       : loaded 4 times (x 69B)
Class org.jetbrains.kotlin.config.LanguageOrApiVersion                                : loaded 4 times (x 70B)
Class com.google.common.collect.ImmutableSet$EmptySetBuilderImpl                      : loaded 4 times (x 76B)
Class org.jetbrains.kotlin.util.capitalizeDecapitalize.CapitalizeDecapitalizeKt       : loaded 4 times (x 71B)
Class com.google.common.base.MoreObjects                                              : loaded 4 times (x 71B)
Class com.google.common.base.Joiner                                                   : loaded 4 times (x 79B)
Class org.jetbrains.kotlin.config.LanguageFeature                                     : loaded 4 times (x 80B)
Class com.google.common.reflect.TypeResolver$TypeVariableKey                          : loaded 4 times (x 72B)
Class org.gradle.accessors.dm.LibrariesForLibs$AndroidxComposeMaterialLibraryAccessors: loaded 4 times (x 77B)
Class org.gradle.accessors.dm.LibrariesForLibs$AndroidxRoomLibraryAccessors           : loaded 4 times (x 79B)
Class com.google.common.collect.ImmutableCollection$Builder                           : loaded 4 times (x 76B)
Class com.google.common.cache.CacheLoader$FunctionToCacheLoader                       : loaded 4 times (x 75B)
Class com.google.common.collect.ImmutableRangeSet$AsSet                               : loaded 4 times (x 299B)
Class com.google.common.reflect.Types$ParameterizedTypeImpl                           : loaded 4 times (x 81B)
Class com.google.common.cache.LocalCache$EntryFactory$8                               : loaded 4 times (x 83B)
Class kotlin.enums.EnumEntriesList                                                    : loaded 4 times (x 223B)
Class com.google.common.collect.ImmutableSet$SetBuilderImpl                           : loaded 4 times (x 76B)
Class org.gradle.accessors.dm.LibrariesForLibs$AndroidxLifecycleRuntimeLibraryAccessors: loaded 4 times (x 77B)
Class com.google.common.cache.CacheBuilder$NullListener                               : loaded 4 times (x 82B)
Class org.objectweb.asm.FieldWriter                                                   : loaded 4 times (x 78B)
Class com.google.common.reflect.Invokable                                             : loaded 4 times (x 103B)
Class org.objectweb.asm.MethodTooLargeException                                       : loaded 4 times (x 83B)
Class com.google.common.base.Splitter$1                                               : loaded 4 times (x 77B)
Class com.google.common.collect.MapDifference                                         : loaded 4 times (x 70B)
Class com.google.common.cache.LocalCache$Strength$3                                   : loaded 4 times (x 81B)
Class org.gradle.accessors.dm.LibrariesForLibs$AndroidxComposeLibraryAccessors        : loaded 4 times (x 80B)
Class [Lcom.google.common.cache.CacheBuilder$OneWeigher;                              : loaded 4 times (x 69B)
Class com.google.common.base.Suppliers                                                : loaded 4 times (x 71B)
Class com.google.common.cache.LocalCache$Strength$2                                   : loaded 4 times (x 81B)
Class com.google.common.util.concurrent.SettableFuture                                : loaded 4 times (x 114B)
Class org.jetbrains.kotlin.cli.common.messages.CompilerMessageSeverity                : loaded 4 times (x 79B)
Class com.google.common.reflect.Types$ClassOwnership$3                                : loaded 4 times (x 71B)
Class com.google.common.cache.LocalCache$Strength$1                                   : loaded 4 times (x 81B)
Class com.google.common.base.Platform$JdkPatternCompiler                              : loaded 4 times (x 75B)
Class org.objectweb.asm.ModuleVisitor                                                 : loaded 4 times (x 81B)
Class com.google.common.collect.Sets$4                                                : loaded 4 times (x 139B)
Class kotlin.collections.AbstractList$Companion                                       : loaded 4 times (x 71B)
Class org.jetbrains.kotlin.config.JvmDefaultMode                                      : loaded 4 times (x 79B)
Class org.gradle.accessors.dm.LibrariesForLibsInPluginsBlock$AndroidxRoomLibraryAccessors: loaded 4 times (x 79B)
Class com.google.common.reflect.TypeResolver                                          : loaded 4 times (x 72B)
Class com.google.common.reflect.Types$ClassOwnership$2                                : loaded 4 times (x 80B)
Class org.gradle.accessors.dm.LibrariesForLibsInPluginsBlock$SqliteLibraryAccessors   : loaded 4 times (x 77B)
Class com.google.common.base.AbstractIterator$State                                   : loaded 4 times (x 79B)
Class com.google.common.cache.LocalCache$LocalLoadingCache                            : loaded 4 times (x 134B)
Class com.google.common.collect.Sets$3                                                : loaded 4 times (x 139B)
Class org.jetbrains.kotlin.config.LanguageVersion$Companion                           : loaded 4 times (x 71B)
Class org.jetbrains.kotlin.cli.common.CompilerSystemProperties                        : loaded 4 times (x 80B)
Class com.google.common.reflect.Types$ClassOwnership$1                                : loaded 4 times (x 80B)
Class com.google.common.collect.Lists$RandomAccessReverseList                         : loaded 4 times (x 200B)
Class org.jetbrains.kotlin.config.LanguageVersionSettings                             : loaded 4 times (x 70B)
Class com.google.common.collect.Sets$2                                                : loaded 4 times (x 139B)
Class org.gradle.accessors.dm.LibrariesForLibs$BundleAccessors                        : loaded 4 times (x 73B)
Class org.gradle.accessors.dm.LibrariesForLibs$AndroidxSecurityLibraryAccessors       : loaded 4 times (x 77B)
Class com.google.common.base.Splitter                                                 : loaded 4 times (x 72B)
Class org.objectweb.asm.AnnotationVisitor                                             : loaded 4 times (x 78B)
Class com.google.common.collect.Sets$1                                                : loaded 4 times (x 139B)
Class org.jetbrains.kotlin.buildtools.api.jvm.ClassSnapshotGranularity                : loaded 4 times (x 79B)
Class com.google.common.collect.ImmutableSet$SerializedForm                           : loaded 4 times (x 73B)
Class com.google.common.collect.ListMultimap                                          : loaded 4 times (x 70B)
Class com.google.common.collect.ImmutableEnumMap                                      : loaded 4 times (x 125B)
Class com.google.common.collect.ImmutableRangeSet                                     : loaded 4 times (x 115B)
Class [Lorg.jetbrains.kotlin.config.LanguageOrApiVersion;                             : loaded 4 times (x 69B)
Class org.gradle.accessors.dm.LibrariesForLibs                                        : loaded 4 times (x 84B)
Class [Lcom.google.common.collect.ImmutableMapEntry;                                  : loaded 4 times (x 69B)
Class com.google.common.collect.Lists$ReverseList                                     : loaded 4 times (x 200B)
Class org.gradle.accessors.dm.LibrariesForLibsInPluginsBlock$PluginAccessors          : loaded 4 times (x 76B)
Class com.google.common.base.CharMatcher$None                                         : loaded 4 times (x 112B)
Class com.android.build.api.variant.impl.DirectoryEntry                               : loaded 3 times (x 70B)
Class [Lcom.android.build.api.variant.impl.SourceType;                                : loaded 3 times (x 69B)
Class com.android.build.api.artifact.impl.ArtifactTransformationRequestImpl           : loaded 3 times (x 76B)
Class com.android.build.api.artifact.Artifact$Appendable                              : loaded 3 times (x 70B)
Class com.android.tools.build.jetifier.core.pom.DependencyVersionsMap                 : loaded 3 times (x 72B)
Class com.android.build.gradle.internal.core.dsl.impl.VariantDslInfoImpl$namespace$1  : loaded 3 times (x 75B)
Class com.android.build.api.variant.impl.ApplicationAndroidResourcesBuilderImpl       : loaded 3 times (x 75B)
Class org.jetbrains.kotlin.gradle.plugin.KotlinTargetWithTests                        : loaded 3 times (x 70B)
Class org.jetbrains.kotlin.gradle.plugin.diagnostics.ToolingDiagnosticRenderingOptions: loaded 3 times (x 72B)
Class [Lorg.jetbrains.kotlin.gradle.dsl.KotlinVersion;                                : loaded 3 times (x 69B)
Class org.jetbrains.kotlin.gradle.plugin.diagnostics.UsesKotlinToolingDiagnosticsParameters: loaded 3 times (x 70B)
Class org.jetbrains.kotlin.gradle.plugin.diagnostics.checkers.JsEnvironmentChecker    : loaded 3 times (x 76B)
Class org.jetbrains.kotlin.gradle.targets.js.npm.NpmDependencyExtensionKt             : loaded 3 times (x 71B)
Class org.jetbrains.kotlin.gradle.targets.metadata.KotlinMetadataTargetConfiguratorKt$special$$inlined$extrasStoredFuture$1: loaded 3 times (x 79B)
Class org.jetbrains.kotlin.gradle.report.BuildMetricsService                          : loaded 3 times (x 86B)
Class org.jetbrains.kotlin.statistics.metrics.NumberAnonymizationPolicy               : loaded 3 times (x 85B)
Class org.jetbrains.kotlin.statistics.metrics.StringAnonymizationPolicy               : loaded 3 times (x 78B)
Class com.android.build.gradle.internal.TaskManager$Companion$createTasksBeforeEvaluate$2: loaded 3 times (x 74B)
Class com.android.build.gradle.internal.dsl.ShaderOptions                             : loaded 3 times (x 87B)
Class com.android.build.gradle.internal.dsl.SigningConfigFactory                      : loaded 3 times (x 77B)
Class com.android.build.gradle.internal.dsl.BaseFlavor                                : loaded 3 times (x 415B)
Class com.android.utils.EnvironmentProvider$DirectEnvironmentProvider                 : loaded 3 times (x 80B)
Class com.google.wireless.android.sdk.stats.GarbageCollectionStatsOrBuilder           : loaded 3 times (x 70B)
Class com.android.build.gradle.internal.profile.AnalyticsService                      : loaded 3 times (x 110B)
Class com.google.gson.internal.bind.TypeAdapters$32                                   : loaded 3 times (x 76B)
Class [Lcom.android.build.gradle.options.IntegerOption;                               : loaded 3 times (x 69B)
Class com.android.build.gradle.options.BooleanOption                                  : loaded 3 times (x 86B)
Class com.android.build.gradle.options.ProjectOptionService$Params$Inject_            : loaded 3 times (x 106B)
Class com.android.build.gradle.internal.plugins.AbstractAppPlugin                     : loaded 3 times (x 93B)
Class com.android.build.gradle.internal.tasks.DexArchiveBuilderTask$CreationAction    : loaded 3 times (x 93B)
Class [Lorg.jetbrains.kotlin.gradle.targets.native.toolchain.KotlinNativeBundleArtifactFormat$KotlinNativeBundleArtifactsTypes;: loaded 3 times (x 69B)
Class com.android.build.gradle.internal.scope.InternalArtifactType$EXTERNAL_LIBS_DEX_ARCHIVE: loaded 3 times (x 74B)
Class org.jetbrains.kotlin.gradle.plugin.KotlinSourceSet                              : loaded 3 times (x 70B)
Class org.jetbrains.kotlin.metadata.deserialization.Flags$EnumLiteFlagField           : loaded 3 times (x 76B)
Class org.jetbrains.kotlin.metadata.ProtoBuf$Type$Argument$1                          : loaded 3 times (x 144B)
Class org.jetbrains.kotlin.metadata.jvm.JvmProtoBuf$StringTableTypesOrBuilder         : loaded 3 times (x 70B)
Class org.jetbrains.org.objectweb.asm.tree.FrameNode                                  : loaded 3 times (x 79B)
Class org.jetbrains.kotlin.gradle.dsl.ToolchainSupport$Companion                      : loaded 3 times (x 71B)
Class org.jetbrains.kotlin.gradle.plugin.KotlinProjectSetupActionKt$KotlinProjectSetupCoroutine$1: loaded 3 times (x 75B)
Class com.android.build.api.artifact.Artifact$Multiple                                : loaded 3 times (x 74B)
Class com.google.wireless.android.sdk.stats.WearPairingEvent                          : loaded 3 times (x 194B)
Class com.google.wireless.android.sdk.stats.PreviewRefreshEventOrBuilder              : loaded 3 times (x 70B)
Class org.jetbrains.kotlin.daemon.client.BasicCompilerServicesWithResultsFacadeServerKt: loaded 3 times (x 71B)
Class org.jetbrains.kotlin.daemon.common.LoopbackNetworkInterface$ServerLoopbackSocketFactory: loaded 3 times (x 74B)
Class com.android.build.gradle.internal.dependency.ArtifactCollectionWithExtraArtifact$ExtraComponentIdentifierImpl: loaded 3 times (x 77B)
Class org.jetbrains.kotlin.build.report.metrics.BuildPerformanceMetrics               : loaded 3 times (x 72B)
Class com.android.build.gradle.internal.ide.dependencies.Level1RuntimeArtifactCollections: loaded 3 times (x 72B)
Class javax.xml.bind.DatatypeConverterInterface                                       : loaded 3 times (x 70B)
Class [Lcom.sun.xml.bind.v2.runtime.property.Property;                                : loaded 3 times (x 69B)
Class com.sun.xml.bind.v2.runtime.reflect.Utils                                       : loaded 3 times (x 71B)
Class javax.xml.bind.annotation.XmlEnum                                               : loaded 3 times (x 70B)
Class com.sun.xml.bind.v2.runtime.JAXBContextImpl$2                                   : loaded 3 times (x 78B)
Class com.android.repository.impl.meta.RemotePackageImpl$ChannelRef                   : loaded 3 times (x 73B)
Class com.android.sdklib.repository.meta.DetailsTypes$ApiDetailsType                  : loaded 3 times (x 70B)
Class org.jetbrains.kotlin.gradle.plugin.mpp.compilationImpl.KotlinCompilationLanguageSettingsConfigurator: loaded 3 times (x 74B)
Class com.android.build.gradle.internal.api.ApplicationVariantImpl                    : loaded 3 times (x 262B)
Class com.android.build.gradle.internal.tasks.factory.BootClasspathConfigImpl$fullBootClasspathProvider$2$1: loaded 3 times (x 127B)
Class com.android.build.gradle.internal.dependency.DexingOutputSplitTransform         : loaded 3 times (x 78B)
Class com.android.build.gradle.internal.DependencyConfigurator$configureGeneralTransforms$4: loaded 3 times (x 75B)
Class com.android.build.gradle.internal.cxx.configure.ExperimentalPropertyExtensionsKt: loaded 3 times (x 71B)
Class com.android.build.gradle.internal.SdkComponentsBuildService$Parameters$Inject_  : loaded 3 times (x 120B)
Class com.android.build.gradle.tasks.AnalyzeDependenciesTask                          : loaded 3 times (x 342B)
Class com.android.build.gradle.internal.lint.AndroidLintTask$VariantCreationAction$Companion$registerLintIntermediateArtifacts$1: loaded 3 times (x 127B)
Class com.android.build.gradle.internal.scope.InternalMultipleArtifactType$LINT_REPORT_LINT_MODEL: loaded 3 times (x 74B)
Class com.android.build.gradle.tasks.factory.AndroidUnitTest$CreationAction           : loaded 3 times (x 91B)
Class com.android.build.gradle.internal.tasks.OptimizeResourcesTask$CreateAction      : loaded 3 times (x 93B)
Class com.android.build.gradle.internal.scope.InternalArtifactType$DEX_NUMBER_OF_BUCKETS_FILE: loaded 3 times (x 74B)
Class com.android.build.gradle.internal.tasks.MergeFileTask                           : loaded 3 times (x 335B)
Class com.android.build.api.component.impl.OldVariantApiLegacySupportImpl$outputs$2   : loaded 3 times (x 79B)
Class com.android.build.gradle.internal.instrumentation.AsmClassVisitorsFactoryRegistry: loaded 3 times (x 72B)
Class com.android.build.gradle.internal.core.dsl.features.NativeBuildDslInfo          : loaded 3 times (x 70B)
Class com.android.build.api.variant.UnitTest                                          : loaded 3 times (x 70B)
Class com.android.build.gradle.internal.variant.VariantPathHelper$deploymentApkLocation$2: loaded 3 times (x 79B)
Class org.jetbrains.kotlin.gradle.plugin.KotlinPluginLifecycleKt$await$1              : loaded 3 times (x 88B)
Class [Lorg.jetbrains.kotlin.gradle.plugin.KotlinCompilation;                         : loaded 3 times (x 69B)
Class org.jetbrains.kotlin.gradle.plugin.mpp.KotlinAndroidTargetVariantDslImpl        : loaded 3 times (x 75B)
Class org.jetbrains.kotlin.gradle.plugin.mpp.KotlinTargetComponentWithPublication     : loaded 3 times (x 70B)
Class org.jetbrains.kotlin.gradle.plugin.mpp.compilationImpl.KotlinCreateNativeCompileTasksSideEffectKt: loaded 3 times (x 71B)
Class org.jetbrains.kotlin.gradle.dsl.KotlinTargetContainerWithJsPresetFunctions      : loaded 3 times (x 70B)
Class org.jetbrains.kotlin.gradle.plugin.KotlinProjectSetupActionKt                   : loaded 3 times (x 71B)
Class org.jetbrains.kotlin.gradle.plugin.AndroidGradlePluginVersionKt                 : loaded 3 times (x 71B)
Class org.jetbrains.kotlin.gradle.report.ReportingSettings$Companion                  : loaded 3 times (x 71B)
Class org.jetbrains.kotlin.gradle.report.ConfigureReporingKt                          : loaded 3 times (x 71B)
Class org.jetbrains.kotlin.gradle.plugin.internal.MppTestReportHelper                 : loaded 3 times (x 70B)
Class org.jetbrains.kotlin.tooling.core.TypeUtils                                     : loaded 3 times (x 71B)
Class com.android.build.gradle.internal.tasks.factory.GlobalTaskCreationAction        : loaded 3 times (x 90B)
Class com.android.build.gradle.internal.TaskManager$Companion$createTasksBeforeEvaluate$3: loaded 3 times (x 74B)
Class com.android.build.gradle.internal.dsl.BundleOptionsStoreArchive$AgpDecorated_Decorated: loaded 3 times (x 125B)
Class com.android.builder.model.LintOptions                                           : loaded 3 times (x 70B)
Class com.android.build.gradle.internal.api.DefaultAndroidSourceSet_Decorated         : loaded 3 times (x 278B)
Class com.android.build.gradle.internal.dsl.ConfigurableFilesImpl                     : loaded 3 times (x 80B)
Class com.android.build.gradle.internal.dsl.LibraryPublishingImpl                     : loaded 3 times (x 86B)
Class com.android.build.gradle.internal.dsl.SplitOptions                              : loaded 3 times (x 88B)
Class com.android.build.gradle.internal.dsl.decorator.SupportedPropertyType$Collection$Map: loaded 3 times (x 74B)
Class com.android.build.gradle.internal.variant.AbstractVariantInputManager$Companion : loaded 3 times (x 71B)
Class com.google.wireless.android.sdk.stats.GradleBuildProfile$Builder                : loaded 3 times (x 346B)
Class com.google.protobuf.UnknownFieldSet                                             : loaded 3 times (x 87B)
Class com.google.common.base.Enums$StringConverter                                    : loaded 3 times (x 90B)
Class com.android.build.gradle.internal.res.Aapt2FromMaven$Companion$Aapt2Version     : loaded 3 times (x 71B)
Class com.google.gson.internal.bind.ObjectTypeAdapter                                 : loaded 3 times (x 74B)
Class com.google.gson.internal.bind.TypeAdapters$33                                   : loaded 3 times (x 76B)
Class com.android.build.gradle.options.SyncOptions$EvaluationMode                     : loaded 3 times (x 79B)
Class com.android.build.gradle.internal.tasks.FinalizeBundleTask$CreationAction       : loaded 3 times (x 90B)
Class com.android.build.gradle.internal.tasks.DependencyReportTask                    : loaded 3 times (x 323B)
Class org.jetbrains.kotlin.gradle.targets.native.SetupEmbedAndSignAppleFrameworkTaskSideEffectKt: loaded 3 times (x 71B)
Class org.jetbrains.kotlin.gradle.artifacts.KotlinLegacyCompatibilityMetadataArtifactKt: loaded 3 times (x 71B)
Class org.jetbrains.kotlin.metadata.ProtoBuf$EnumEntry                                : loaded 3 times (x 118B)
Class org.jetbrains.kotlin.gradle.artifacts.KotlinJvmJarArtifactKt$KotlinJvmJarArtifact$1: loaded 3 times (x 74B)
Class kotlin.text.StringsKt__AppendableKt                                             : loaded 3 times (x 71B)
Class org.jetbrains.kotlin.gradle.plugin.diagnostics.checkers.OverriddenKotlinNativeHomeChecker: loaded 3 times (x 74B)
Class org.jetbrains.kotlin.gradle.plugin.statistics.IDaemonReuseCounterMXBean         : loaded 3 times (x 70B)
Class com.google.wireless.android.sdk.stats.EditorCompletionStatsOrBuilder            : loaded 3 times (x 70B)
Class org.jetbrains.kotlin.daemon.common.FileSystem$WhenMappings                      : loaded 3 times (x 71B)
Class org.jetbrains.kotlin.gradle.utils.CompilerArgsUtilsKt$classpathAsList$2         : loaded 3 times (x 78B)
Class org.jetbrains.kotlin.gradle.tasks.TasksUtilsKt                                  : loaded 3 times (x 71B)
Class org.jetbrains.kotlin.gradle.plugin.InternalSubpluginOption                      : loaded 3 times (x 72B)
Class com.android.build.gradle.internal.lint.BuildFeaturesInput                       : loaded 3 times (x 74B)
Class com.sun.xml.bind.v2.runtime.unmarshaller.TagName                                : loaded 3 times (x 75B)
Class javax.xml.bind.PropertyException                                                : loaded 3 times (x 85B)
Class com.sun.xml.bind.v2.runtime.reflect.ListTransducedAccessorImpl                  : loaded 3 times (x 80B)
Class com.sun.xml.bind.v2.model.impl.RuntimeBuiltinLeafInfoImpl$StringImplImpl        : loaded 3 times (x 136B)
Class com.sun.xml.bind.v2.model.impl.RuntimeClassInfoImpl                             : loaded 3 times (x 162B)
Class com.sun.xml.bind.v2.runtime.Transducer                                          : loaded 3 times (x 70B)
Class com.sun.istack.Pool$Impl                                                        : loaded 3 times (x 77B)
Class com.sun.xml.bind.v2.runtime.JAXBContextImpl$3                                   : loaded 3 times (x 74B)
Class com.android.repository.impl.generated.v2.LocalPackage                           : loaded 3 times (x 140B)
Class com.android.repository.impl.meta.PackageDisplayNameQualifier                    : loaded 3 times (x 70B)
Class com.android.build.gradle.internal.utils.GradlePluginUtils$enforceMinimumVersionsOfPlugins$1$1: loaded 3 times (x 75B)
Class com.android.build.gradle.internal.DependencyConfigurator$configureGeneralTransforms$3: loaded 3 times (x 75B)
Class com.android.build.gradle.internal.scope.ArtifactPublishingUtil$publishArtifactToConfiguration$1: loaded 3 times (x 75B)
Class org.jetbrains.kotlin.gradle.plugin.mpp.compilationImpl.DefaultKotlinCompilationConfigurationsContainer: loaded 3 times (x 85B)
Class com.android.build.gradle.internal.tasks.factory.BootClasspathConfigImpl$fullBootClasspathProvider$2$2: loaded 3 times (x 127B)
Class com.android.build.gradle.internal.DependencyConfigurator$configureGeneralTransforms$5: loaded 3 times (x 75B)
Class com.android.build.gradle.internal.SdkComponentsBuildService$sdkDirectoryProvider$1: loaded 3 times (x 75B)
Class com.android.build.gradle.internal.scope.InternalMultipleArtifactType$LINT_VITAL_REPORT_LINT_MODEL: loaded 3 times (x 74B)
Class com.android.build.gradle.internal.lint.AndroidLintTask$VariantCreationAction$Companion$registerLintIntermediateArtifacts$2: loaded 3 times (x 127B)
Class com.android.build.gradle.internal.transforms.ShrinkAppBundleResourcesTask$CreationAction: loaded 3 times (x 90B)
Class com.android.build.gradle.internal.tasks.FinalizeBundleTask$CreationAction$handleProvider$bundleNameProvider$1: loaded 3 times (x 75B)
Class com.android.build.gradle.internal.scope.InternalArtifactType$APP_METADATA       : loaded 3 times (x 74B)
Class com.android.build.api.variant.impl.SigningConfigImpl$enableV3Signing$1          : loaded 3 times (x 75B)
Class com.android.tools.build.jetifier.core.PackageMap$PackageRule                    : loaded 3 times (x 72B)
Class com.android.tools.build.jetifier.core.rule.RewriteRule$JsonData                 : loaded 3 times (x 72B)
Class com.android.build.gradle.internal.tasks.CheckManifest$CreationAction            : loaded 3 times (x 90B)
Class com.android.build.gradle.internal.scope.UnitTestBuildFeatureValuesImpl          : loaded 3 times (x 87B)
Class com.android.build.api.component.impl.DeviceTestImpl$androidResourcesCreationConfig$2: loaded 3 times (x 79B)
Class com.android.build.api.variant.impl.VariantImpl$optimizationCreationConfig$2     : loaded 3 times (x 79B)
Class com.android.build.api.variant.impl.ApkPackagingImpl                             : loaded 3 times (x 89B)
Class com.android.build.gradle.internal.core.dsl.impl.ApplicationVariantDslInfoImpl$dexingDslInfo$2: loaded 3 times (x 79B)
Class com.android.build.gradle.tasks.ExternalNativeBuildTask                          : loaded 3 times (x 335B)
Class org.jetbrains.kotlin.konan.target.KonanTarget$ANDROID_ARM32                     : loaded 3 times (x 78B)
Class org.jetbrains.kotlin.gradle.tasks.TasksProviderKt                               : loaded 3 times (x 71B)
Class org.jetbrains.kotlin.gradle.plugin.diagnostics.ToolingDiagnostic                : loaded 3 times (x 72B)
Class org.jetbrains.kotlin.gradle.plugin.sources.DefaultKotlinSourceSetFactory        : loaded 3 times (x 80B)
Class org.jetbrains.kotlin.gradle.utils.CompatibilityKt                               : loaded 3 times (x 71B)
Class com.android.build.gradle.internal.TaskManager$Companion$createTasksBeforeEvaluate$4: loaded 3 times (x 75B)
Class com.android.build.gradle.internal.services.TaskCreationServicesImpl             : loaded 3 times (x 102B)
Class com.android.build.gradle.options.SigningOptions                                 : loaded 3 times (x 72B)
Class com.android.build.gradle.internal.dsl.BundleOptions$AgpDecorated                : loaded 3 times (x 131B)
Class com.android.build.api.dsl.ExternalNativeBuildFlags                              : loaded 3 times (x 70B)
Class com.android.build.gradle.internal.dsl.decorator.DslDecorator$Companion$classLoaderDefineClass$2: loaded 3 times (x 78B)
Class com.google.protobuf.Internal                                                    : loaded 3 times (x 71B)
Class com.google.gson.internal.bind.TypeAdapters$34                                   : loaded 3 times (x 76B)
Class com.android.build.FilterData                                                    : loaded 3 times (x 70B)
Class org.jetbrains.kotlin.compilerRunner.CompilerSystemPropertiesService$Parameters_Decorated: loaded 3 times (x 130B)
Class com.android.build.gradle.internal.plugins.BasePlugin$managedDeviceRegistry$2    : loaded 3 times (x 79B)
Class com.android.build.gradle.internal.plugins.AppPlugin                             : loaded 3 times (x 97B)
Class org.gradle.toolchains.foojay.FoojayToolchainResolver                            : loaded 3 times (x 80B)
Class org.jetbrains.kotlin.konan.target.KonanTarget$MACOS_ARM64                       : loaded 3 times (x 78B)
Class org.jetbrains.kotlin.util.ModuleVisibilityHelper                                : loaded 3 times (x 70B)
Class org.jetbrains.kotlin.descriptors.DescriptorVisibilities$1                       : loaded 3 times (x 79B)
Class [Lkotlin.reflect.KCallable;                                                     : loaded 3 times (x 69B)
Class org.jetbrains.kotlin.protobuf.CodedOutputStream$ByteBufferOutputStream          : loaded 3 times (x 86B)
Class com.google.wireless.android.sdk.stats.StartupPerformanceFrameBecameInteractiveEvent: loaded 3 times (x 194B)
Class com.google.wireless.android.sdk.stats.ResourceManagerEvent                      : loaded 3 times (x 196B)
Class com.google.wireless.android.sdk.stats.DialogStats                               : loaded 3 times (x 198B)
Class com.google.wireless.android.sdk.stats.OptOutOfMetricsOrBuilder                  : loaded 3 times (x 70B)
Class com.google.wireless.android.sdk.stats.AndroidProfilerDbStatsOrBuilder           : loaded 3 times (x 70B)
Class org.jetbrains.kotlin.daemon.common.StringPropMapper                             : loaded 3 times (x 74B)
Class com.android.build.gradle.internal.services.VariantServicesImpl$fileTreeFactory$1: loaded 3 times (x 79B)
Class org.jetbrains.kotlin.gradle.tasks.KotlinCompile$createCompilerArguments$1$2$1   : loaded 3 times (x 79B)
Class com.android.build.gradle.internal.tasks.SigningConfigWriterTask_Decorated       : loaded 3 times (x 387B)
Class com.android.build.gradle.tasks.MapSourceSetPathsTask_Decorated                  : loaded 3 times (x 401B)
Class com.android.build.gradle.internal.scope.BootClasspathBuilder$CacheKey           : loaded 3 times (x 72B)
Class org.jetbrains.kotlin.incremental.ClasspathChanges                               : loaded 3 times (x 71B)
Class com.android.build.gradle.internal.dependency.JdkImageTransform$Parameters_Decorated: loaded 3 times (x 138B)
Class com.sun.xml.bind.v2.model.impl.AttributePropertyInfoImpl                        : loaded 3 times (x 124B)
Class com.sun.xml.bind.v2.model.impl.RuntimeMapPropertyInfoImpl                       : loaded 3 times (x 137B)
Class com.sun.xml.bind.v2.model.impl.MapPropertyInfoImpl                              : loaded 3 times (x 119B)
Class com.sun.xml.bind.v2.model.impl.DummyPropertyInfo                                : loaded 3 times (x 70B)
Class com.sun.xml.bind.v2.model.core.Element                                          : loaded 3 times (x 70B)
Class com.android.sdklib.repository.legacy.FileOp                                     : loaded 3 times (x 77B)
Class com.android.build.gradle.internal.utils.GradlePluginUtils$enforceMinimumVersionsOfPlugins$1$2: loaded 3 times (x 75B)
Class org.jetbrains.kotlin.gradle.tasks.configuration.KaptGenerateStubsConfig$Companion$configureUseModuleDetection$1: loaded 3 times (x 79B)
Class com.android.build.gradle.internal.publishing.PublishingSpecsKt                  : loaded 3 times (x 71B)
Class com.android.sdklib.repository.legacy.remote.internal.DownloadCache$Strategy     : loaded 3 times (x 79B)
Class org.jetbrains.kotlin.gradle.ExternalKotlinTargetApi                             : loaded 3 times (x 70B)
Class com.android.build.gradle.internal.tasks.factory.BootClasspathConfigImpl$fullBootClasspathProvider$2$3: loaded 3 times (x 127B)
Class com.android.build.gradle.internal.tasks.factory.BootClasspathConfigImpl$sam$org_gradle_api_Transformer$0: loaded 3 times (x 75B)
Class com.android.build.gradle.internal.DependencyConfigurator$configureGeneralTransforms$6: loaded 3 times (x 75B)
Class com.android.build.gradle.internal.cxx.logging.ThreadLoggingEnvironment$Companion$BottomLoggingEnvironment: loaded 3 times (x 81B)
Class com.android.build.gradle.internal.lint.LintModelWriterTask                      : loaded 3 times (x 337B)
Class com.android.build.gradle.internal.tasks.ExpandArtProfileWildcardsTask$CreationAction: loaded 3 times (x 90B)
Class com.android.build.gradle.internal.tasks.R8Task                                  : loaded 3 times (x 381B)
Class com.android.build.gradle.internal.tasks.SigningConfigWriterTask                 : loaded 3 times (x 337B)
Class com.android.build.gradle.internal.scope.InternalMultipleArtifactType            : loaded 3 times (x 74B)
Class com.android.ide.common.gradle.Numeric                                           : loaded 3 times (x 77B)
Class com.android.build.api.component.impl.DefaultSourcesProviderImpl$getKotlin$1     : loaded 3 times (x 127B)
Class com.android.build.api.variant.JniLibsApkPackaging                               : loaded 3 times (x 70B)
Class com.android.build.api.variant.impl.JniLibsPackagingImpl$excludes$1              : loaded 3 times (x 75B)
Class com.android.build.api.artifact.InAndOutDirectoryOperationRequest                : loaded 3 times (x 70B)
Class com.android.build.gradle.internal.component.TestComponentCreationConfig         : loaded 3 times (x 70B)
Class com.android.build.api.variant.impl.BundleConfigImpl                             : loaded 3 times (x 76B)
Class com.android.build.gradle.internal.publishing.AndroidArtifacts$PublishedConfigType: loaded 3 times (x 79B)
Class com.android.build.gradle.internal.core.dsl.impl.features.RenderscriptDslInfoImpl: loaded 3 times (x 79B)
Class com.android.build.gradle.internal.core.dsl.impl.ApplicationVariantDslInfoImpl$generateLocaleConfig$2: loaded 3 times (x 79B)
Class org.jetbrains.kotlin.konan.target.KonanTarget                                   : loaded 3 times (x 78B)
Class org.jetbrains.kotlin.gradle.plugin.diagnostics.checkers.AndroidPluginWithoutAndroidTargetChecker$runChecks$1: loaded 3 times (x 88B)
Class org.jetbrains.kotlin.gradle.plugin.diagnostics.checkers.AndroidSourceSetLayoutV1SourceSetsNotFoundChecker$runChecks$1: loaded 3 times (x 88B)
Class org.jetbrains.kotlin.gradle.plugin.diagnostics.KotlinGradleProjectCheckersRunnerKt$launchKotlinGradleProjectCheckers$1$1: loaded 3 times (x 95B)
Class org.jetbrains.kotlin.gradle.targets.CreateDefaultTestRunSideEffectKt            : loaded 3 times (x 71B)
Class org.jetbrains.kotlin.gradle.targets.native.toolchain.KotlinNativeBundleBuildService$Companion$registerIfAbsent$1: loaded 3 times (x 75B)
Class org.jetbrains.kotlin.gradle.utils.ProviderApiUtilsKt$mapOrNull$1                : loaded 3 times (x 75B)
Class org.jetbrains.kotlin.statistics.metrics.BooleanAnonymizationPolicy              : loaded 3 times (x 85B)
Class org.jetbrains.kotlin.statistics.metrics.BooleanOverridePolicy$OVERRIDE          : loaded 3 times (x 85B)
Class org.jetbrains.kotlin.gradle.plugin.internal.MavenPluginConfigurator             : loaded 3 times (x 70B)
Class org.jetbrains.kotlin.gradle.plugin.PropertiesProvider$kotlinExperimentalTryNext$1: loaded 3 times (x 75B)
Class org.jetbrains.kotlin.gradle.plugin.internal.MavenPluginConfigurator$MavenPluginConfiguratorVariantFactory: loaded 3 times (x 70B)
Class org.jetbrains.kotlin.gradle.plugin.VariantImplementationFactoriesConfigurator$Companion$getProvider$1: loaded 3 times (x 74B)
Class com.android.build.gradle.internal.TaskManager$Companion$createTasksBeforeEvaluate$5: loaded 3 times (x 74B)
Class [Lcom.android.buildanalyzer.common.TaskCategoryIssue;                           : loaded 3 times (x 69B)
Class com.android.build.gradle.internal.tasks.factory.GlobalTaskCreationConfigImpl$versionedNdkHandler$2: loaded 3 times (x 79B)
Class com.android.build.api.artifact.impl.InternalScopedArtifacts$InternalScope       : loaded 3 times (x 79B)
Class com.android.build.gradle.internal.dsl.OptimizationImpl$AgpDecorated_Decorated   : loaded 3 times (x 128B)
Class com.sun.xml.bind.v2.runtime.JAXBContextImpl$1                                   : loaded 3 times (x 78B)
Class com.sun.xml.bind.v2.model.impl.TypeInfoImpl                                     : loaded 3 times (x 85B)
Class com.google.gson.internal.bind.TypeAdapters                                      : loaded 3 times (x 71B)
Class com.google.gson.FieldNamingPolicy                                               : loaded 3 times (x 83B)
Class com.android.build.gradle.internal.services.BaseServicesImpl                     : loaded 3 times (x 84B)
Class com.android.build.gradle.internal.dsl.CommonExtensionImpl                       : loaded 3 times (x 314B)
Class com.android.sdklib.repository.generated.sysimg.v4.SysImgDetailsType             : loaded 3 times (x 136B)
Class org.jetbrains.kotlin.konan.target.KonanTarget$WATCHOS_ARM64                     : loaded 3 times (x 78B)
Class com.sun.xml.bind.v2.runtime.property.Utils$1                                    : loaded 3 times (x 77B)
Class org.jetbrains.kotlin.gradle.plugin.PropertiesProvider$kotlinCompilerArgumentsLogLevel$1: loaded 3 times (x 74B)
Class org.jetbrains.kotlin.descriptors.DescriptorVisibilities$2                       : loaded 3 times (x 79B)
Class org.jetbrains.kotlin.metadata.ProtoBuf$Modality                                 : loaded 3 times (x 82B)
Class org.jetbrains.kotlin.metadata.jvm.JvmProtoBuf$JvmFieldSignature                 : loaded 3 times (x 108B)
Class org.jetbrains.kotlin.protobuf.ExtensionRegistryLite                             : loaded 3 times (x 74B)
Class kotlin.sequences.Sequence                                                       : loaded 3 times (x 70B)
Class kotlin.text.StringsKt__StringNumberConversionsJVMKt                             : loaded 3 times (x 71B)
Class com.google.wireless.android.sdk.stats.ProductDetails$1                          : loaded 3 times (x 151B)
Class com.google.wireless.android.sdk.stats.BuildOutputDownloadsInfoEvent             : loaded 3 times (x 200B)
Class com.google.wireless.android.sdk.stats.EmulatorPerformanceStats                  : loaded 3 times (x 213B)
Class com.google.wireless.android.sdk.stats.BuildOutputDownloadsInfoEventOrBuilder    : loaded 3 times (x 70B)
Class com.google.wireless.android.sdk.stats.ApplyChangesAgentErrorOrBuilder           : loaded 3 times (x 70B)
Class org.jetbrains.kotlin.daemon.common.MultiModuleICSettings$Companion              : loaded 3 times (x 71B)
Class [Lorg.jetbrains.kotlin.daemon.common.ReportCategory;                            : loaded 3 times (x 69B)
Class org.jetbrains.kotlin.build.report.HttpReportSettings                            : loaded 3 times (x 72B)
Class org.jetbrains.kotlin.gradle.tasks.CompilationErrorException                     : loaded 3 times (x 82B)
Class org.jetbrains.kotlin.statistics.metrics.OverrideMetricContainer                 : loaded 3 times (x 80B)
Class com.android.build.gradle.internal.testing.TestRunner                            : loaded 3 times (x 70B)
Class org.jetbrains.kotlin.gradle.tasks.configuration.BaseKotlinCompileConfig$1$3$classpathEntrySnapshotFiles$1: loaded 3 times (x 74B)
Class [Lcom.android.build.gradle.internal.ProguardFileType;                           : loaded 3 times (x 69B)
Class com.android.build.gradle.internal.scope.InternalArtifactType$BUILT_IN_KAPT_GENERATED_JAVA_SOURCES: loaded 3 times (x 74B)
Class com.android.build.gradle.internal.EmulatorComponents$Companion$build$fileExists$1: loaded 3 times (x 75B)
Class com.sun.xml.bind.v2.runtime.property.PropertyFactory$1                          : loaded 3 times (x 71B)
Class com.sun.xml.bind.v2.runtime.property.ArrayProperty                              : loaded 3 times (x 102B)
Class com.android.sdklib.repository.generated.addon.v3.MavenType                      : loaded 3 times (x 80B)
Class com.sun.xml.bind.v2.model.core.ID                                               : loaded 3 times (x 79B)
Class com.sun.xml.bind.v2.model.impl.ClassInfoImpl$PropertyGroup                      : loaded 3 times (x 79B)
Class com.sun.xml.bind.v2.model.runtime.RuntimeValuePropertyInfo                      : loaded 3 times (x 70B)
Class com.sun.xml.bind.v2.runtime.JAXBContextImpl$5                                   : loaded 3 times (x 74B)
Class com.android.repository.impl.generated.v2.DependencyType                         : loaded 3 times (x 81B)
Class com.android.build.gradle.internal.utils.GradlePluginUtils$enforceMinimumVersionsOfPlugins$1$3: loaded 3 times (x 75B)
Class org.jetbrains.kotlin.gradle.tasks.configuration.KaptGenerateStubsConfig$Companion$wireJavaAndKotlinOutputs$1: loaded 3 times (x 79B)
Class com.android.build.gradle.internal.scope.InternalArtifactType$FEATURE_PUBLISHED_DEX: loaded 3 times (x 74B)
Class com.android.build.gradle.internal.tasks.factory.BootClasspathConfigImpl$fullBootClasspathProvider$2$4: loaded 3 times (x 127B)
Class com.android.build.gradle.internal.tasks.factory.BootClasspathConfigImpl$filteredBootClasspath$2$1: loaded 3 times (x 127B)
Class com.android.build.gradle.internal.DependencyConfigurator$configureGeneralTransforms$7: loaded 3 times (x 79B)
Class com.android.build.gradle.internal.dependency.ExtractAarTransform                : loaded 3 times (x 78B)
Class com.android.build.gradle.internal.cxx.logging.ThreadLoggingEnvironment$Companion$LoggerStack: loaded 3 times (x 72B)
Class com.android.build.gradle.internal.lint.LintTaskManager$createLintTasks$variantLintTask$1$1: loaded 3 times (x 75B)
Class com.android.build.gradle.internal.res.ConvertLinkedResourcesToProtoTask$CreationAction$handleProvider$1: loaded 3 times (x 127B)
Class com.android.build.gradle.internal.tasks.ParseIntegrityConfigTask$CreationAction : loaded 3 times (x 90B)
Class com.android.build.gradle.internal.tasks.DexMergingTask$CreationAction$handleProvider$1: loaded 3 times (x 127B)
Class com.android.build.gradle.internal.scope.InternalArtifactType$SUB_PROJECT_DEX_ARCHIVE: loaded 3 times (x 74B)
Class com.android.build.api.variant.impl.SourceType                                   : loaded 3 times (x 79B)
Class com.android.build.api.artifact.OutOperationRequest                              : loaded 3 times (x 70B)
Class com.android.build.gradle.internal.scope.InternalArtifactType$PACKAGED_MANIFESTS : loaded 3 times (x 74B)
Class com.android.build.gradle.tasks.ProcessPackagedManifestTask                      : loaded 3 times (x 336B)
Class com.android.build.gradle.internal.dependency.ProvidedClasspathSubtractor$fileToIds$1: loaded 3 times (x 79B)
Class com.android.tools.build.jetifier.core.pom.DependencyVersions$Companion          : loaded 3 times (x 71B)
Class com.android.build.api.variant.impl.VariantImpl$manifestPlaceholdersCreationConfig$2: loaded 3 times (x 79B)
Class com.android.build.api.variant.AndroidVersion                                    : loaded 3 times (x 70B)
Class com.android.build.gradle.internal.manifest.LazyManifestParser$issueReporter$1   : loaded 3 times (x 74B)
Class org.jetbrains.kotlin.gradle.plugin.KotlinPluginLifecycleCoroutineContextElement : loaded 3 times (x 84B)
Class org.jetbrains.kotlin.gradle.dsl.PlatformSourceSetConventionsChecker             : loaded 3 times (x 74B)
Class org.jetbrains.kotlin.gradle.plugin.diagnostics.checkers.KotlinSourceSetTreeDependsOnMismatchChecker: loaded 3 times (x 74B)
Class org.jetbrains.kotlin.gradle.targets.CreateDefaultCompilationsSideEffectKt       : loaded 3 times (x 71B)
Class org.jetbrains.kotlin.gradle.plugin.mpp.SyncLanguageSettingsWithKotlinExtensionSetupActionKt: loaded 3 times (x 71B)
Class org.jetbrains.kotlin.statistics.metrics.NumericalMetrics                        : loaded 3 times (x 80B)
Class org.jetbrains.kotlin.gradle.plugin.internal.DefaultConfigurationTimePropertiesAccessor: loaded 3 times (x 74B)
Class org.jetbrains.kotlin.gradle.plugin.VariantImplementationFactories$Companion$getProvider$2$1: loaded 3 times (x 79B)
Class com.android.build.gradle.internal.TaskManager$Companion$createTasksBeforeEvaluate$6: loaded 3 times (x 74B)
Class com.android.build.gradle.internal.tasks.factory.TaskFactoryUtils                : loaded 3 times (x 71B)
Class com.android.build.gradle.internal.api.artifact.SourceArtifactType$ASSETS        : loaded 3 times (x 74B)
Class com.android.build.gradle.internal.api.artifact.SourceArtifactType$JAVA_SOURCES  : loaded 3 times (x 74B)
Class com.android.build.gradle.internal.dsl.KeepRulesImpl$AgpDecorated_Decorated      : loaded 3 times (x 133B)
Class com.android.build.gradle.internal.tasks.CheckAarMetadataTask$CreationAction$configure$2$1: loaded 3 times (x 74B)
Class com.android.tools.analytics.HostDataKt                                          : loaded 3 times (x 71B)
Class com.google.protobuf.AbstractMessage                                             : loaded 3 times (x 164B)
Class com.google.common.base.CaseFormat$1                                             : loaded 3 times (x 83B)
Class com.android.build.gradle.internal.lint.AndroidLintInputs                        : loaded 3 times (x 71B)
Class com.google.gson.JsonArray                                                       : loaded 3 times (x 100B)
Class com.google.gson.FieldNamingStrategy                                             : loaded 3 times (x 70B)
Class com.android.build.gradle.internal.component.ApplicationCreationConfig           : loaded 3 times (x 70B)
Class com.android.build.gradle.internal.errors.SyncIssueReporterImpl                  : loaded 3 times (x 77B)
Class com.android.build.gradle.internal.dsl.ApplicationExtensionImpl                  : loaded 3 times (x 374B)
Class com.android.build.api.variant.DslLifecycle                                      : loaded 3 times (x 70B)
Class com.android.build.gradle.internal.manifest.LazyManifestParser                   : loaded 3 times (x 76B)
Class com.android.build.gradle.internal.utils.PublishingUtils                         : loaded 3 times (x 71B)
Class com.android.build.gradle.internal.core.dsl.impl.ConsumableComponentDslInfoImpl$manifestPlaceholdersDslInfo$2: loaded 3 times (x 79B)
Class org.jetbrains.kotlin.descriptors.DescriptorVisibilities$3                       : loaded 3 times (x 79B)
Class org.jetbrains.kotlin.metadata.ProtoBuf$MemberKind                               : loaded 3 times (x 82B)
Class org.jetbrains.kotlin.metadata.jvm.deserialization.JvmNameResolverBase$Companion : loaded 3 times (x 71B)
Class com.android.build.gradle.internal.utils.ResolutionResultUtils$getModuleComponents$1: loaded 3 times (x 78B)
Class org.jetbrains.kotlin.load.java.JvmAnnotationNames                               : loaded 3 times (x 71B)
Class com.android.build.gradle.internal.variant.VariantPathHelper$targetFilterConfigurations$2: loaded 3 times (x 79B)
Class com.android.build.gradle.internal.dependency.ArtifactCollectionWithExtraArtifact$ExtraResolvedArtifactResult: loaded 3 times (x 80B)
Class org.jetbrains.kotlin.gradle.plugin.statistics.BuildFinishMetrics$reportBuildFinished$1: loaded 3 times (x 79B)
Class com.google.wireless.android.sdk.stats.StudioCrash                               : loaded 3 times (x 208B)
Class com.google.wireless.android.sdk.stats.StartupPerformanceFrameBecameVisibleEventOrBuilder: loaded 3 times (x 70B)
Class com.android.tools.analytics.TestSupportLibraries$setters$1$10                   : loaded 3 times (x 125B)
Class org.jetbrains.kotlin.cli.common.arguments.Argument                              : loaded 3 times (x 70B)
Class org.jetbrains.kotlin.gradle.plugin.CreateCompilerArgumentsContextImpl           : loaded 3 times (x 75B)
Class org.jetbrains.kotlin.gradle.plugin.CreateCompilerArgumentsContextImpl$ContributeCompilerArgumentsContextImpl: loaded 3 times (x 79B)
Class com.android.build.gradle.internal.dependency.ArtifactCollectionWithExtraArtifact$ExtraComponentIdentifier: loaded 3 times (x 70B)
Class org.jetbrains.kotlin.gradle.plugin.statistics.ExecutedTaskMetrics               : loaded 3 times (x 71B)
Class org.jetbrains.kotlin.gradle.plugin.diagnostics.CheckKotlinGradlePluginConfigurationErrors$Companion: loaded 3 times (x 71B)
Class org.jetbrains.kotlin.gradle.tasks.KotlinJvmCompile$DefaultImpls                 : loaded 3 times (x 71B)
Class org.jetbrains.kotlin.gradle.tasks.CacheableTasksKt                              : loaded 3 times (x 71B)
Class com.android.build.gradle.tasks.PackageAndroidArtifactKt$getPageSize$2           : loaded 3 times (x 74B)
Class com.android.build.api.variant.impl.ApplicationMultiOutputHandler                : loaded 3 times (x 95B)
Class com.sun.xml.bind.v2.runtime.property.SingleMapNodeProperty                      : loaded 3 times (x 102B)
Class com.sun.xml.bind.v2.model.runtime.RuntimeTypeRef                                : loaded 3 times (x 70B)
Class com.sun.xml.bind.v2.runtime.JAXBContextImpl$6                                   : loaded 3 times (x 91B)
Class com.android.sdklib.repository.generated.repository.v2.LayoutlibType             : loaded 3 times (x 74B)
Class com.android.repository.api.ConsoleProgressIndicator                             : loaded 3 times (x 110B)
Class com.android.build.gradle.internal.SupportToolsComponents$Companion$build$fileExists$1: loaded 3 times (x 75B)
Class com.android.build.gradle.internal.SdkComponentsBuildService$VersionedSdkLoader$targetAndroidVersionProvider$1: loaded 3 times (x 75B)
Class org.jetbrains.kotlin.compilerRunner.IncrementalCompilationEnvironment           : loaded 3 times (x 72B)
Class com.android.build.gradle.internal.scope.InternalArtifactType$AAR_METADATA       : loaded 3 times (x 74B)
Class com.android.build.gradle.internal.dependency.RecalculateStackFramesTransform$Companion$registerRecalculateStackFramesTransform$1: loaded 3 times (x 75B)
Class com.android.build.gradle.internal.tasks.factory.BootClasspathConfigImpl$fullBootClasspathProvider$2$5: loaded 3 times (x 127B)
Class com.android.build.gradle.internal.utils.DesugarLibConfigExtractor               : loaded 3 times (x 78B)
Class com.android.build.gradle.internal.tasks.factory.BootClasspathConfigImpl$filteredBootClasspath$2$2: loaded 3 times (x 127B)
Class com.android.build.gradle.internal.DependencyConfigurator$configureGeneralTransforms$8: loaded 3 times (x 75B)
Class com.android.build.gradle.internal.cxx.configure.GradleLocalPropertiesKt         : loaded 3 times (x 71B)
Class com.android.build.gradle.internal.res.ConvertLinkedResourcesToProtoTask$CreationAction$handleProvider$2: loaded 3 times (x 127B)
Class com.android.build.gradle.tasks.MergeSourceSetFolders$MergeJniLibFoldersCreationAction: loaded 3 times (x 91B)
Class com.android.build.gradle.tasks.ProcessManifestForMetadataFeatureTask$CreationAction: loaded 3 times (x 90B)
Class com.google.gson.internal.LinkedTreeMap$Node                                     : loaded 3 times (x 79B)
Class com.android.build.api.variant.impl.VariantOutputList$Companion                  : loaded 3 times (x 71B)
Class com.android.build.api.variant.impl.VariantBuilderImpl                           : loaded 3 times (x 134B)
Class com.android.build.gradle.tasks.JavaCompileUtils                                 : loaded 3 times (x 71B)
Class org.jetbrains.kotlin.compose.compiler.gradle.ComposeCompilerGradlePluginExtension$featureFlags$1: loaded 3 times (x 76B)
Class org.jetbrains.kotlin.konan.target.HostManager$targetValues$2                    : loaded 3 times (x 78B)
Class [Lorg.jetbrains.kotlin.konan.target.Family;                                     : loaded 3 times (x 69B)
Class org.jetbrains.kotlin.gradle.plugin.diagnostics.checkers.UnusedSourceSetsChecker$runChecks$1: loaded 3 times (x 88B)
Class org.jetbrains.kotlin.gradle.targets.js.npm.PeerNpmDependencyExtension           : loaded 3 times (x 70B)
Class org.jetbrains.kotlin.gradle.plugin.sources.android.KotlinAndroidSourceSetInfo   : loaded 3 times (x 75B)
Class org.jetbrains.kotlin.gradle.plugin.sources.android.checker.MultiplatformLayoutV2AgpRequirementChecker: loaded 3 times (x 75B)
Class org.jetbrains.kotlin.gradle.plugin.sources.android.configurator.GradleConventionAddKotlinSourcesToAndroidSourceSetConfigurator: loaded 3 times (x 75B)
Class org.jetbrains.kotlin.gradle.dsl.AndroidMainSourceSetConventionsChecker          : loaded 3 times (x 74B)
Class org.jetbrains.kotlin.gradle.plugin.diagnostics.checkers.WasmJsEnvironmentChecker$1: loaded 3 times (x 78B)
Class org.jetbrains.kotlin.gradle.targets.js.npm.NpmDependencyExtensionKt$AddNpmDependencyExtensionProjectSetupAction$1: loaded 3 times (x 74B)
Class org.jetbrains.kotlin.build.report.metrics.GradleBuildPerformanceMetric          : loaded 3 times (x 92B)
Class org.jetbrains.kotlin.gradle.internal.properties.PropertiesBuildService$NullableBooleanGradleProperty: loaded 3 times (x 76B)
Class org.jetbrains.kotlin.gradle.plugin.internal.DefaultSourceSetCompatibilityHelperVariantFactory: loaded 3 times (x 76B)
Class com.android.build.api.variant.DslExtension                                      : loaded 3 times (x 72B)
Class com.android.build.gradle.internal.dsl.BundleOptionsTexture$AgpDecorated_Decorated: loaded 3 times (x 130B)
Class [Lorg.objectweb.asm.AnnotationVisitor;                                          : loaded 3 times (x 69B)
Class com.android.build.api.dsl.ManagedDevices                                        : loaded 3 times (x 70B)
Class [Lcom.android.repository.Revision$Precision;                                    : loaded 3 times (x 69B)
Class com.android.build.gradle.internal.dsl.ApplicationExtensionImpl$AgpDecorated     : loaded 3 times (x 376B)
Class com.google.wireless.android.sdk.stats.KotlinSupportDeclinedOrBuilder            : loaded 3 times (x 70B)
Class com.google.common.util.concurrent.AbstractFuture$SafeAtomicHelper               : loaded 3 times (x 79B)
Class com.android.build.api.dsl.ConsumerKeepRules                                     : loaded 3 times (x 70B)
Class com.android.build.gradle.internal.dsl.decorator.LockableSet                     : loaded 3 times (x 145B)
Class com.android.builder.model.SigningConfig                                         : loaded 3 times (x 70B)
Class com.android.build.gradle.api.AndroidSourceSet                                   : loaded 3 times (x 70B)
Class [Lcom.android.builder.core.ComponentTypeImpl;                                   : loaded 3 times (x 69B)
Class com.google.wireless.android.sdk.stats.GarbageCollectionStats$1                  : loaded 3 times (x 151B)
Class com.google.wireless.android.sdk.stats.IntellijProjectSizeStatsOrBuilder         : loaded 3 times (x 70B)
Class com.google.common.base.CaseFormat$2                                             : loaded 3 times (x 83B)
Class [Lcom.android.build.gradle.options.StringOption;                                : loaded 3 times (x 69B)
Class com.android.build.gradle.options.ApiStage                                       : loaded 3 times (x 72B)
Class com.android.build.gradle.internal.plugins.AndroidPluginBaseServices$projectServices$2$1: loaded 3 times (x 79B)
Class com.android.build.api.variant.HasUnitTest                                       : loaded 3 times (x 70B)
Class com.android.build.gradle.internal.component.ConsumableCreationConfig            : loaded 3 times (x 70B)
Class com.google.wireless.android.sdk.stats.EditorHighlightingStats                   : loaded 3 times (x 198B)
Class org.gradle.toolchains.foojay.FoojayToolchainsConventionPlugin$Inject_           : loaded 3 times (x 107B)
Class com.google.gson.ReflectionAccessFilter$FilterResult                             : loaded 3 times (x 79B)
Class org.jetbrains.kotlin.descriptors.DescriptorVisibilities$4                       : loaded 3 times (x 79B)
Class [Lorg.jetbrains.kotlin.protobuf.WireFormat$JavaType;                            : loaded 3 times (x 69B)
Class org.jetbrains.org.objectweb.asm.tree.TableSwitchInsnNode                        : loaded 3 times (x 79B)
Class com.google.wireless.android.sdk.stats.IntellijIndexingStats                     : loaded 3 times (x 204B)
Class org.jetbrains.kotlin.gradle.targets.native.toolchain.KotlinNativeBundleArtifactFormat$KotlinNativeBundleArtifactsTypes: loaded 3 times (x 79B)
Class kotlin.sequences.SequencesKt___SequencesKt                                      : loaded 3 times (x 71B)
Class com.google.wireless.android.sdk.stats.ThreadingAgentUsageEvent                  : loaded 3 times (x 196B)
Class com.google.wireless.android.sdk.stats.ComposeAnimationToolingEventOrBuilder     : loaded 3 times (x 70B)
Class com.google.wireless.android.sdk.stats.UpgradeAndroidStudioDialogStatsOrBuilder  : loaded 3 times (x 70B)
Class com.google.wireless.android.sdk.stats.LLDBFrontendDetailsOrBuilder              : loaded 3 times (x 70B)
Class com.android.tools.analytics.TestSupportLibraries$setters$1$11                   : loaded 3 times (x 125B)
Class com.google.wireless.android.sdk.stats.GradleBuildVariant                        : loaded 3 times (x 281B)
Class org.jetbrains.kotlin.daemon.common.NetworkUtilsKt                               : loaded 3 times (x 71B)
Class org.jetbrains.kotlin.compilerRunner.GradleKotlinCompilerWork                    : loaded 3 times (x 75B)
Class org.jetbrains.kotlin.metadata.jvm.deserialization.JvmNameResolver               : loaded 3 times (x 80B)
Class org.jetbrains.kotlin.gradle.plugin.android.AndroidGradleWrapperKt               : loaded 3 times (x 71B)
Class org.jetbrains.kotlin.gradle.tasks.configuration.BaseKotlinCompileConfig$2$1$1$1 : loaded 3 times (x 74B)
Class org.jetbrains.kotlin.gradle.tasks.KotlinCompile$ScriptFilterSpec                : loaded 3 times (x 75B)
Class com.android.build.api.variant.impl.BuiltArtifactsImpl                           : loaded 3 times (x 86B)
Class com.sun.xml.bind.v2.runtime.FilterTransducer                                    : loaded 3 times (x 88B)
Class com.android.sdklib.repository.generated.addon.v2.ExtraDetailsType               : loaded 3 times (x 85B)
Class com.sun.xml.bind.annotation.XmlLocation                                         : loaded 3 times (x 70B)
Class com.sun.xml.bind.v2.model.annotation.XmlSchemaQuick                             : loaded 3 times (x 95B)
Class com.sun.xml.bind.v2.runtime.JAXBContextImpl$JAXBContextBuilder                  : loaded 3 times (x 86B)
Class com.android.repository.impl.meta.RevisionType                                   : loaded 3 times (x 80B)
Class com.android.sdklib.repository.generated.repository.v1.ObjectFactory             : loaded 3 times (x 79B)
Class com.android.build.gradle.internal.FileExistsValueSource$Params_Decorated        : loaded 3 times (x 130B)
Class com.android.build.api.variant.impl.ArtifactMetadataProcessor                    : loaded 3 times (x 71B)
Class com.android.build.gradle.internal.api.ApkVariantOutputImpl_Decorated            : loaded 3 times (x 177B)
Class com.android.build.gradle.internal.tasks.NdkTask                                 : loaded 3 times (x 340B)
Class com.android.build.gradle.internal.dependency.ModelArtifactCompatibilityRule$Companion$setUp$1: loaded 3 times (x 74B)
Class com.android.build.gradle.internal.tasks.factory.BootClasspathConfigImpl$filteredBootClasspath$2$3: loaded 3 times (x 127B)
Class com.android.build.gradle.internal.DependencyConfigurator$configureGeneralTransforms$9: loaded 3 times (x 75B)
Class com.android.build.gradle.internal.lint.AndroidLintTask$VariantCreationAction$Companion: loaded 3 times (x 71B)
Class com.android.build.gradle.internal.scope.InternalArtifactType$DEVICE_PROVIDER_ANDROID_TEST_ADDITIONAL_OUTPUT: loaded 3 times (x 74B)
Class com.android.build.gradle.internal.AndroidTestTaskManager$createTasks$1          : loaded 3 times (x 75B)
Class com.android.build.gradle.internal.tasks.MergeArtProfileTask$CreationAction      : loaded 3 times (x 90B)
Class com.android.build.gradle.internal.tasks.DexArchiveBuilderTask$CreationAction$handleProvider$1: loaded 3 times (x 78B)
Class com.android.build.gradle.tasks.ProcessMultiApkApplicationManifest               : loaded 3 times (x 341B)
Class com.android.build.gradle.internal.tasks.VariantTask                             : loaded 3 times (x 70B)
Class com.android.tools.build.jetifier.processor.transform.resource.XmlResourcesTransformer$Companion: loaded 3 times (x 71B)
Class android.databinding.tool.writer.JavaFileWriter                                  : loaded 3 times (x 74B)
Class com.android.build.gradle.internal.core.dsl.impl.HostTestComponentDslInfoImpl    : loaded 3 times (x 126B)
Class com.android.build.api.component.impl.ComponentImpl$useBuiltInKotlinSupport$2    : loaded 3 times (x 79B)
Class com.android.build.gradle.internal.dsl.CommonExtensionImpl$sam$org_gradle_api_Action$0: loaded 3 times (x 75B)
Class org.jetbrains.kotlin.compose.compiler.gradle.ComposeCompilerGradlePluginExtension$featureFlags$2: loaded 3 times (x 76B)
Class org.jetbrains.kotlin.gradle.plugin.diagnostics.checkers.ComposePluginSuggestApplyChecker$runChecks$1: loaded 3 times (x 88B)
Class org.jetbrains.kotlin.konan.target.KonanTarget$TVOS_ARM64                        : loaded 3 times (x 78B)
Class org.jetbrains.kotlin.gradle.targets.js.npm.DefaultPeerNpmDependencyExtension    : loaded 3 times (x 141B)
Class org.jetbrains.kotlin.gradle.tooling.IncludeKotlinToolingMetadataInApkKt         : loaded 3 times (x 71B)
Class org.jetbrains.kotlin.gradle.plugin.sources.android.configurator.MultiplatformAndroidResourceDirConfigurator: loaded 3 times (x 75B)
Class org.jetbrains.kotlin.gradle.plugin.KotlinPluginLifecycleKt                      : loaded 3 times (x 71B)
Class org.jetbrains.kotlin.gradle.plugin.diagnostics.checkers.WasmJsEnvironmentChecker$2: loaded 3 times (x 78B)
Class org.jetbrains.kotlin.gradle.plugin.mpp.AbstractKotlinTarget                     : loaded 3 times (x 154B)
Class org.jetbrains.kotlin.gradle.internal.properties.NativePropertiesLoader$kotlinNativeVersion$1: loaded 3 times (x 75B)
Class org.jetbrains.kotlin.gradle.dsl.KotlinSingleTargetExtension                     : loaded 3 times (x 100B)
Class com.android.build.gradle.internal.TaskManager$Companion$createTasksBeforeEvaluate$8: loaded 3 times (x 74B)
Class com.android.build.gradle.internal.dsl.decorator.LockableSet$LockableIterator    : loaded 3 times (x 81B)
Class com.android.builder.model.TestOptions$Execution                                 : loaded 3 times (x 79B)
Class com.android.build.api.dsl.AdbOptions                                            : loaded 3 times (x 70B)
Class com.android.build.gradle.internal.api.DefaultAndroidSourceDirectorySet          : loaded 3 times (x 107B)
Class com.android.build.gradle.internal.tasks.factory.TaskFactoryImpl                 : loaded 3 times (x 83B)
Class com.android.build.gradle.internal.dsl.ExternalNativeNdkBuildOptions_Decorated   : loaded 3 times (x 153B)
Class org.objectweb.asm.commons.GeneratorAdapter                                      : loaded 3 times (x 187B)
Class com.android.build.api.variant.HasDeviceTestsBuilder                             : loaded 3 times (x 70B)
Class com.android.build.api.dsl.LibraryKeepRules                                      : loaded 3 times (x 70B)
Class com.android.build.api.dsl.Lint                                                  : loaded 3 times (x 70B)
Class com.android.build.gradle.internal.AvdComponentsBuildService$Parameters          : loaded 3 times (x 70B)
Class com.android.build.gradle.options.Option$Status$STABLE                           : loaded 3 times (x 71B)
Class com.android.build.gradle.internal.profile.AnalyticsResourceManager              : loaded 3 times (x 72B)
Class com.google.wireless.android.sdk.stats.GradleBuildProjectOrBuilder               : loaded 3 times (x 70B)
Class com.google.common.base.CaseFormat$3                                             : loaded 3 times (x 83B)
Class com.android.tools.analytics.AnalyticsSettingsData                               : loaded 3 times (x 72B)
Class com.android.build.gradle.internal.errors.DeprecationReporterImpl$Companion      : loaded 3 times (x 71B)
Class com.android.ide.common.blame.MessageReceiver                                    : loaded 3 times (x 70B)
Class [Lcom.android.build.gradle.options.Option;                                      : loaded 3 times (x 69B)
Class com.android.builder.model.level2.DependencyGraphs                               : loaded 3 times (x 70B)
Class com.android.build.gradle.internal.variant.LegacyVariantInputManager             : loaded 3 times (x 97B)
Class com.google.common.annotations.VisibleForTesting                                 : loaded 3 times (x 70B)
Class com.google.gson.internal.UnsafeAllocator$4                                      : loaded 3 times (x 72B)
Class org.jetbrains.kotlin.descriptors.DescriptorVisibilities$5                       : loaded 3 times (x 79B)
Class org.jetbrains.kotlin.metadata.jvm.JvmProtoBuf$JvmPropertySignatureOrBuilder     : loaded 3 times (x 70B)
Class org.jetbrains.kotlin.protobuf.GeneratedMessageLite$ExtendableMessage            : loaded 3 times (x 113B)
Class com.android.build.api.component.impl.features.DexingImpl                        : loaded 3 times (x 87B)
Class com.google.gson.JsonSyntaxException                                             : loaded 3 times (x 82B)
Class com.google.wireless.android.sdk.stats.RunStartDataOrBuilder                     : loaded 3 times (x 70B)
Class com.google.wireless.android.sdk.stats.TestRun$TestInvocationType                : loaded 3 times (x 87B)
Class com.android.tools.analytics.TestSupportLibraries$setters$1$12                   : loaded 3 times (x 125B)
Class com.google.wireless.android.sdk.stats.GradleTransformExecution                  : loaded 3 times (x 200B)
Class org.jetbrains.kotlin.cli.common.repl.ReplCodeLine                               : loaded 3 times (x 72B)
Class org.jetbrains.kotlin.compilerRunner.GradleCompilerRunnerWithWorkers$GradleKotlinCompilerWorkParameters: loaded 3 times (x 70B)
Class com.google.gson.internal.bind.TypeAdapters$31                                   : loaded 3 times (x 76B)
Class org.jetbrains.kotlin.gradle.tasks.DaemonCrashedException                        : loaded 3 times (x 82B)
Class com.android.build.gradle.tasks.ProcessApplicationManifest$CreationAction$configure$1: loaded 3 times (x 79B)
Class org.jetbrains.kotlin.gradle.plugin.mpp.KotlinCompilationsKt$addSourcesToKotlinCompileTask$configureAction$2: loaded 3 times (x 79B)
Class org.jetbrains.kotlin.gradle.tasks.configuration.BaseKotlinCompileConfig$2$1$1$2 : loaded 3 times (x 74B)
Class com.sun.xml.bind.v2.runtime.unmarshaller.DefaultIDResolver                      : loaded 3 times (x 76B)
Class com.android.repository.impl.generated.v2.PatchType                              : loaded 3 times (x 88B)
Class javax.xml.bind.annotation.XmlID                                                 : loaded 3 times (x 70B)
Class com.android.repository.impl.meta.TypeDetails                                    : loaded 3 times (x 75B)
Class com.sun.xml.bind.v2.model.impl.RuntimeArrayInfoImpl                             : loaded 3 times (x 107B)
Class com.android.sdklib.repository.generated.common.v1.IdDisplayType                 : loaded 3 times (x 83B)
Class org.jetbrains.kotlin.gradle.plugin.mpp.compilationImpl.KotlinCompilationTaskNamesContainer: loaded 3 times (x 72B)
Class org.jetbrains.kotlin.gradle.plugin.mpp.compilationImpl.factory.KotlinCompilationImplFactory$KotlinCompilerOptionsFactory: loaded 3 times (x 70B)
Class com.android.build.gradle.api.ApkVariantOutput                                   : loaded 3 times (x 70B)
Class com.android.build.gradle.internal.tasks.factory.BootClasspathConfigImpl$filteredBootClasspath$2$4: loaded 3 times (x 127B)
Class com.android.build.gradle.internal.dependency.IdentityTransform$Parameters       : loaded 3 times (x 70B)
Class com.android.build.gradle.internal.attribution.CheckJetifierBuildService$RegistrationAction: loaded 3 times (x 74B)
Class com.android.build.gradle.internal.lint.AndroidLintTask$UpdateBaselineCreationAction: loaded 3 times (x 95B)
Class com.android.ide.common.workers.ExecutorServiceAdapter                           : loaded 3 times (x 87B)
Class com.android.build.gradle.internal.scope.InternalArtifactType$R8_METADATA        : loaded 3 times (x 74B)
Class com.android.build.gradle.internal.tasks.MergeArtProfileTask                     : loaded 3 times (x 339B)
Class com.android.build.gradle.tasks.PackageApplication$Companion                     : loaded 3 times (x 71B)
Class com.android.build.api.variant.impl.SigningConfigImpl$enableV2Signing$1          : loaded 3 times (x 75B)
Class com.android.build.gradle.internal.tasks.DexArchiveBuilderTask$CreationAction$handleProvider$2: loaded 3 times (x 78B)
Class com.android.build.gradle.internal.scope.InternalArtifactType$GENERATED_RES      : loaded 3 times (x 74B)
Class com.android.build.gradle.internal.dependency.VariantDependencies$Companion$getComponentFilter$3: loaded 3 times (x 74B)
Class com.android.build.gradle.internal.tasks.AndroidVariantTask                      : loaded 3 times (x 332B)
Class com.android.tools.build.jetifier.processor.transform.proguard.ProGuardClassSpecParser$bodyReplacers$1: loaded 3 times (x 79B)
Class com.android.tools.build.jetifier.core.proguard.ProGuardTypesMap$Companion       : loaded 3 times (x 71B)
Class com.android.tools.build.jetifier.core.proguard.ProGuardTypesMap$JsonData        : loaded 3 times (x 72B)
Class com.android.build.gradle.tasks.ExtractDeepLinksTask$CreationAction              : loaded 3 times (x 93B)
Class com.android.build.gradle.internal.component.features.ShadersCreationConfig      : loaded 3 times (x 70B)
Class com.android.build.gradle.internal.core.dsl.features.DexingDslInfo               : loaded 3 times (x 70B)
Class org.jetbrains.kotlin.gradle.internal.properties.PropertiesBuildServiceKt$propertyWithDeprecatedName$1: loaded 3 times (x 75B)
Class org.jetbrains.kotlin.gradle.targets.js.npm.NpmDependencyExtension               : loaded 3 times (x 70B)
Class org.jetbrains.kotlin.gradle.plugin.LanguageSettingsBuilder                      : loaded 3 times (x 70B)
Class org.jetbrains.kotlin.gradle.plugin.diagnostics.checkers.WasmWasiEnvironmentChecker: loaded 3 times (x 76B)
Class org.jetbrains.kotlin.gradle.plugin.diagnostics.checkers.WasmJsEnvironmentChecker$3: loaded 3 times (x 78B)
Class org.jetbrains.kotlin.gradle.targets.ConfigureBuildSideEffectKt                  : loaded 3 times (x 71B)
Class org.jetbrains.kotlin.gradle.plugin.BuildEventsListenerRegistryHolder$Companion  : loaded 3 times (x 71B)
Class [Lorg.jetbrains.kotlin.statistics.metrics.StringMetrics;                        : loaded 3 times (x 69B)
Class com.android.build.gradle.internal.TaskManager$Companion$createTasksBeforeEvaluate$9: loaded 3 times (x 74B)
Class com.android.build.api.extension.impl.VariantSelectorImpl                        : loaded 3 times (x 92B)
Class com.android.build.api.dsl.TestFixtures                                          : loaded 3 times (x 70B)
Class com.android.build.gradle.internal.VariantDimensionData                          : loaded 3 times (x 72B)
Class com.android.build.api.dsl.Shaders                                               : loaded 3 times (x 70B)
Class com.google.protobuf.Internal$IntList                                            : loaded 3 times (x 70B)
Class com.google.protobuf.GeneratedMessageV3$BuilderParent                            : loaded 3 times (x 70B)
Class com.google.protobuf.ExtensionRegistry                                           : loaded 3 times (x 87B)
Class com.google.common.base.CaseFormat$4                                             : loaded 3 times (x 83B)
Class com.android.build.gradle.internal.profile.AnalyticsConfiguratorService          : loaded 3 times (x 82B)
Class com.android.build.gradle.internal.services.RunOnceBuildServiceImpl              : loaded 3 times (x 82B)
Class com.android.build.gradle.internal.dsl.BuildTypeFactory                          : loaded 3 times (x 77B)
Class org.jetbrains.kotlin.descriptors.DescriptorVisibilities$6                       : loaded 3 times (x 79B)
Class org.jetbrains.kotlin.protobuf.CodedOutputStream$OutOfSpaceException             : loaded 3 times (x 82B)
Class kotlin.collections.ArraysKt___ArraysJvmKt                                       : loaded 3 times (x 71B)
Class kotlin.collections.CollectionsKt__CollectionsKt                                 : loaded 3 times (x 71B)
Class kotlin.text.StringsKt__RegexExtensionsJVMKt                                     : loaded 3 times (x 71B)
Class com.android.build.api.component.impl.features.ResValuesCreationConfigImpl$resValues$2: loaded 3 times (x 79B)
Class org.jetbrains.kotlin.statistics.fileloggers.MetricsContainer$MetricDescriptor   : loaded 3 times (x 75B)
Class com.google.wireless.android.sdk.stats.TypingLatencyStats                        : loaded 3 times (x 200B)
Class com.google.wireless.android.sdk.stats.RunFinishData                             : loaded 3 times (x 196B)
Class com.google.wireless.android.sdk.stats.ProjectViewSelectionChangeEventOrBuilder  : loaded 3 times (x 70B)
Class com.google.wireless.android.sdk.stats.KotlinGradlePerformanceOrBuilder          : loaded 3 times (x 70B)
Class com.google.wireless.android.sdk.stats.BuildOutputWindowStatsOrBuilder           : loaded 3 times (x 70B)
Class com.google.wireless.android.sdk.stats.TestRun$PreviewScreenshotRun              : loaded 3 times (x 200B)
Class com.android.tools.analytics.TestSupportLibraries$setters$1$13                   : loaded 3 times (x 125B)
Class org.jetbrains.kotlin.compilerRunner.GradleCompilerServicesFacadeImpl            : loaded 3 times (x 78B)
Class [Lorg.jetbrains.kotlin.daemon.common.DaemonReportCategory;                      : loaded 3 times (x 69B)
Class com.android.build.gradle.internal.dependency.GenericTransformParameters$Inject_ : loaded 3 times (x 106B)
Class [Lcom.android.ide.common.resources.FileValidity$FileStatus;                     : loaded 3 times (x 69B)
Class org.jetbrains.kotlin.gradle.tasks.KotlinJavaToolchain$JdkSetter                 : loaded 3 times (x 70B)
Class org.jetbrains.kotlin.gradle.utils.ConfigurationCacheKt                          : loaded 3 times (x 71B)
Class com.android.build.gradle.internal.tasks.BundleToApkTask_Decorated               : loaded 3 times (x 388B)
Class [Lcom.android.tools.lint.model.LintModelNamespacingMode;                        : loaded 3 times (x 69B)
Class com.android.build.gradle.tasks.GenerateResValues_Decorated                      : loaded 3 times (x 383B)
Class javax.xml.bind.annotation.XmlAnyElement                                         : loaded 3 times (x 70B)
Class com.android.repository.impl.generated.v2.RevisionType                           : loaded 3 times (x 82B)
Class com.android.repository.impl.generated.v2.ObjectFactory                          : loaded 3 times (x 108B)
Class com.android.sdklib.repository.meta.DetailsTypes$AddonDetailsType$Libraries      : loaded 3 times (x 72B)
Class com.android.build.gradle.internal.SdkComponentsBuildService$VersionedSdkLoader$coreLambdaStubsProvider$1: loaded 3 times (x 75B)
Class org.jetbrains.kotlin.gradle.plugin.KotlinPluginLifecycle$ProjectConfigurationResult$Success: loaded 3 times (x 71B)
Class [Lcom.android.build.gradle.api.SourceKind;                                      : loaded 3 times (x 69B)
Class com.android.build.gradle.internal.DependencyConfigurator$configureVariantTransforms$5$1: loaded 3 times (x 75B)
Class com.android.build.gradle.internal.tasks.factory.BootClasspathConfigImpl$filteredBootClasspath$2$5: loaded 3 times (x 127B)
Class com.android.build.gradle.internal.dependency.AarToClassTransform$Params_Decorated: loaded 3 times (x 133B)
Class com.android.build.gradle.internal.dependency.SubtractingArtifactCollection$SubtractingArtifactResult: loaded 3 times (x 72B)
Class com.android.build.api.artifact.impl.OperationRequestsImplKt$toTransform$currentProvider$1: loaded 3 times (x 75B)
Class com.android.build.api.artifact.impl.InAndOutFileOperationRequestImpl            : loaded 3 times (x 82B)
Class com.android.build.gradle.internal.tasks.AppMetadataTask$CreationAction          : loaded 3 times (x 90B)
Class com.android.build.gradle.internal.tasks.DexArchiveBuilderTask$CreationAction$handleProvider$3: loaded 3 times (x 78B)
Class com.android.build.gradle.internal.tasks.MergeJavaResourceTask$CreationAction    : loaded 3 times (x 90B)
Class com.android.build.api.variant.impl.LayeredSourceDirectoriesImpl$static$1        : loaded 3 times (x 74B)
Class com.android.build.gradle.tasks.ShaderCompile$CreationAction                     : loaded 3 times (x 91B)
Class com.android.build.gradle.tasks.ProcessManifestForBundleTask$CreationAction$handleProvider$1: loaded 3 times (x 127B)
Class com.android.build.gradle.internal.dependency.VariantDependencies$Companion$getComponentFilter$4: loaded 3 times (x 74B)
Class com.android.tools.build.jetifier.processor.transform.proguard.ProGuardClassSpecParser$bodyReplacers$2: loaded 3 times (x 79B)
Class com.android.build.api.variant.impl.VariantImpl$minSdk$2                         : loaded 3 times (x 79B)
Class com.android.build.api.component.impl.ComponentImpl$privacySandboxCreationConfig$2: loaded 3 times (x 79B)
Class com.android.build.gradle.internal.component.features.ManifestPlaceholdersCreationConfig: loaded 3 times (x 70B)
Class org.jetbrains.kotlin.gradle.internal.StdlibDependencyManagementKt$configureStdlibVersionAlignment$1: loaded 3 times (x 75B)
Class org.jetbrains.kotlin.gradle.plugin.diagnostics.checkers.OverriddenKotlinNativeHomeChecker$StdlibExistenceCheckerValueSource$Params$Inject_: loaded 3 times (x 106B)
Class org.jetbrains.kotlin.gradle.plugin.diagnostics.checkers.OverriddenKotlinNativeHomeChecker$allKonanMainSubdirectoriesExist$1$1: loaded 3 times (x 75B)
Class org.jetbrains.kotlin.gradle.dsl.PlatformSourceSetConventionsChecker$CheckedPlatformInfo: loaded 3 times (x 72B)
Class org.jetbrains.kotlin.gradle.plugin.sources.android.AndroidBaseSourceSetName     : loaded 3 times (x 72B)
Class org.jetbrains.kotlin.gradle.plugin.sources.android.checker.KotlinAndroidSourceSetLayoutCheckerKt: loaded 3 times (x 71B)
Class org.jetbrains.kotlin.gradle.plugin.diagnostics.checkers.WasmJsEnvironmentChecker$4: loaded 3 times (x 78B)
Class org.jetbrains.kotlin.gradle.plugin.mpp.KotlinUsages$KotlinCinteropDisambiguation: loaded 3 times (x 76B)
Class org.jetbrains.kotlin.gradle.plugin.KotlinPluginInMultipleProjectsHolder         : loaded 3 times (x 72B)
Class org.jetbrains.kotlin.gradle.report.BuildReportType$Companion                    : loaded 3 times (x 71B)
Class com.android.build.gradle.internal.tasks.factory.TaskConfigurationActions        : loaded 3 times (x 75B)
Class com.android.build.gradle.internal.VariantManager$Companion                      : loaded 3 times (x 71B)
Class com.android.build.gradle.internal.tasks.factory.BootClasspathConfigImpl$mockableJarArtifact$2: loaded 3 times (x 79B)
Class com.android.build.gradle.internal.packaging.PackagingOptionsUtilsKt             : loaded 3 times (x 71B)
Class com.android.builder.model.ClassField                                            : loaded 3 times (x 70B)
Class com.android.build.api.dsl.DataBinding                                           : loaded 3 times (x 70B)
Class com.android.build.gradle.internal.plugins.BasePlugin$sdkComponentsBuildService$2$1: loaded 3 times (x 79B)
Class com.google.protobuf.InvalidProtocolBufferException$InvalidWireTypeException     : loaded 3 times (x 88B)
Class com.android.build.api.dsl.AssetPackBundleExtension                              : loaded 3 times (x 70B)
Class com.google.protobuf.Internal$FloatList                                          : loaded 3 times (x 70B)
Class com.google.protobuf.Internal$BooleanList                                        : loaded 3 times (x 70B)
Class com.google.protobuf.MessageLiteOrBuilder                                        : loaded 3 times (x 70B)
Class com.google.common.base.CaseFormat$5                                             : loaded 3 times (x 83B)
Class com.android.build.gradle.internal.dsl.DensitySplitOptions                       : loaded 3 times (x 100B)
Class com.android.build.api.dsl.JniLibsPackaging                                      : loaded 3 times (x 70B)
Class org.gradle.toolchains.foojay.FoojayToolchainsPlugin$Inject_                     : loaded 3 times (x 107B)
Class com.android.build.gradle.internal.tasks.MergeGeneratedProguardFilesCreationAction$handleProvider$1: loaded 3 times (x 127B)
Class org.jetbrains.kotlin.descriptors.DescriptorVisibilities$7                       : loaded 3 times (x 79B)
Class kotlin._Assertions                                                              : loaded 3 times (x 71B)
Class com.android.ide.common.gradle.Part                                              : loaded 3 times (x 77B)
Class com.android.build.gradle.internal.scope.InternalArtifactType$MERGED_NATIVE_DEBUG_METADATA: loaded 3 times (x 74B)
Class com.android.build.gradle.internal.TaskManager$Companion$createTasksBeforeEvaluate$1: loaded 3 times (x 74B)
Class com.google.wireless.android.sdk.stats.GfxTracingDetails                         : loaded 3 times (x 211B)
Class com.google.wireless.android.sdk.stats.SdkIndexLibraryDetailsOrBuilder           : loaded 3 times (x 70B)
Class com.google.wireless.android.sdk.stats.CMakeEditingEventOrBuilder                : loaded 3 times (x 70B)
Class com.android.tools.analytics.TestSupportLibraries$setters$1$14                   : loaded 3 times (x 125B)
Class org.jetbrains.kotlin.daemon.common.CompileIterationResult                       : loaded 3 times (x 72B)
Class org.jetbrains.kotlin.daemon.common.CompilationResults                           : loaded 3 times (x 70B)
Class com.android.build.gradle.internal.dependency.IdentityTransform$Parameters$Inject_: loaded 3 times (x 110B)
Class com.android.build.gradle.tasks.ProcessApplicationManifest$CreationAction$configure$3: loaded 3 times (x 78B)
Class com.android.build.gradle.internal.tasks.ValidateResourcesTask$CreateAction$configure$1: loaded 3 times (x 79B)
Class org.jetbrains.kotlin.gradle.tasks.KotlinCompilerPluginData$InputsOutputsState   : loaded 3 times (x 72B)
Class com.android.build.gradle.internal.tasks.MergeJavaResourceTask$Companion         : loaded 3 times (x 71B)
Class com.android.build.api.variant.impl.VariantApiExtensionsKt                       : loaded 3 times (x 71B)
Class com.sun.xml.bind.v2.runtime.reflect.PrimitiveArrayListerInteger                 : loaded 3 times (x 76B)
Class com.android.sdklib.repository.generated.repository.v2.SourceDetailsType         : loaded 3 times (x 112B)
Class com.sun.xml.bind.v2.runtime.IllegalAnnotationsException$Builder                 : loaded 3 times (x 77B)
Class com.sun.xml.bind.v2.model.annotation.RuntimeAnnotationReader                    : loaded 3 times (x 70B)
Class javax.xml.bind.annotation.XmlNs                                                 : loaded 3 times (x 70B)
Class com.android.build.gradle.internal.SdkLocator$SdkLocationSource$INJECTED_SDK_HOME: loaded 3 times (x 80B)
Class org.jetbrains.kotlin.gradle.plugin.SubpluginEnvironmentKt$sam$org_gradle_api_Action$0: loaded 3 times (x 75B)
Class com.android.build.gradle.internal.scope.InternalArtifactType$EXTRACTED_APKS_FROM_PRIVACY_SANDBOX_SDKs: loaded 3 times (x 74B)
Class org.jetbrains.kotlin.gradle.plugin.mpp.compilationImpl.DefaultKotlinCompilationFriendPathsResolver$CompositeFriendArtifactResolver: loaded 3 times (x 75B)
Class com.android.build.gradle.internal.testing.utp.UtpDependencyUtilsKt              : loaded 3 times (x 71B)
Class com.android.build.gradle.internal.tasks.SdkDependencyDataGeneratorTask          : loaded 3 times (x 336B)
Class com.android.build.gradle.internal.tasks.BundleReportDependenciesTask$CreationAction$handleProvider$1: loaded 3 times (x 127B)
Class com.android.build.gradle.internal.tasks.BundleIdeModelProducerTask$CreationAction: loaded 3 times (x 90B)
Class com.android.build.gradle.internal.TaskManager$createPackagingTask$configureResourcesAndAssetsDependencies$1: loaded 3 times (x 75B)
Class com.android.build.gradle.internal.tasks.DexArchiveBuilderTask$CreationAction$handleProvider$4: loaded 3 times (x 78B)
Class com.android.build.gradle.internal.tasks.factory.TaskFactoryUtils$dependsOn$7    : loaded 3 times (x 75B)
Class com.android.build.api.artifact.impl.TaskBasedOperationImpl                      : loaded 3 times (x 85B)
Class com.android.build.api.component.impl.MutableMapBackedUpWithMapProperty          : loaded 3 times (x 124B)
Class com.android.tools.build.jetifier.processor.transform.proguard.ProGuardClassSpecParser$bodyReplacers$3: loaded 3 times (x 79B)
Class com.android.tools.build.jetifier.processor.Processor                            : loaded 3 times (x 76B)
Class com.android.build.api.variant.impl.DependenciesInfoBuilderImpl                  : loaded 3 times (x 90B)
Class com.android.build.gradle.internal.variant.VariantPathHelper$dirName$2           : loaded 3 times (x 79B)
Class com.android.build.gradle.internal.core.dsl.impl.TestedVariantDslInfoImpl        : loaded 3 times (x 149B)
Class com.android.build.gradle.internal.manifest.ManifestDataProvider                 : loaded 3 times (x 70B)
Class org.jetbrains.kotlin.gradle.plugin.AndroidProjectHandler$addAndroidUnitTestTasksAsDependenciesToAllTest$1: loaded 3 times (x 75B)
Class org.jetbrains.kotlin.gradle.plugin.sources.FragmentConsistencyChecks$optInAnnotationsCheck$1: loaded 3 times (x 79B)
Class org.jetbrains.kotlin.gradle.plugin.mpp.AbstractKotlinCompilationToRunnableFiles : loaded 3 times (x 196B)
Class org.jetbrains.kotlin.gradle.artifacts.KotlinMetadataArtifactKt$KotlinMetadataArtifact$1: loaded 3 times (x 74B)
Class org.jetbrains.kotlin.gradle.plugin.mpp.KotlinUsages$KotlinMetadataCompatibility : loaded 3 times (x 76B)
Class [Lorg.jetbrains.kotlin.gradle.dsl.JvmTarget;                                    : loaded 3 times (x 69B)
Class org.jetbrains.kotlin.gradle.utils.ConfigurationsKt$maybeCreateResolvable$1      : loaded 3 times (x 78B)
Class org.jetbrains.kotlin.gradle.plugin.StatisticsBuildFlowManager$Companion         : loaded 3 times (x 71B)
Class org.jetbrains.kotlin.statistics.metrics.StringMetrics$Companion                 : loaded 3 times (x 71B)
Class org.jetbrains.kotlin.gradle.internal.properties.PropertiesBuildService$property$1$1: loaded 3 times (x 75B)
Class org.jetbrains.kotlin.tooling.core.Extras$Type                                   : loaded 3 times (x 72B)
Class com.android.build.gradle.internal.dsl.LanguageSplitOptions_Decorated            : loaded 3 times (x 124B)
Class com.android.build.gradle.internal.dsl.ComposeOptionsImpl                        : loaded 3 times (x 86B)
Class com.android.build.gradle.internal.dsl.AaptOptions                               : loaded 3 times (x 120B)
Class com.android.build.api.dsl.TestCoverage                                          : loaded 3 times (x 70B)
Class com.android.build.api.artifact.impl.ArtifactContainer                           : loaded 3 times (x 75B)
Class com.android.build.api.dsl.BaselineProfile                                       : loaded 3 times (x 70B)
Class org.bouncycastle.jcajce.provider.config.ConfigurableProvider                    : loaded 3 times (x 70B)
Class com.android.build.api.dsl.DynamicFeatureBaseFlavor                              : loaded 3 times (x 70B)
Class com.android.builder.core.ComponentTypeImpl                                      : loaded 3 times (x 105B)
Class com.android.build.gradle.internal.plugins.BasePlugin$versionedSdkLoaderService$2$1$1: loaded 3 times (x 79B)
Class com.android.build.gradle.internal.services.Aapt2DaemonBuildService$Parameters_Decorated: loaded 3 times (x 127B)
Class com.android.build.api.artifact.impl.SingleArtifactContainer                     : loaded 3 times (x 75B)
Class com.android.build.gradle.internal.res.Aapt2FromMaven$Companion$Aapt2Extractor   : loaded 3 times (x 78B)
Class com.google.gson.LongSerializationPolicy                                         : loaded 3 times (x 80B)
Class com.android.build.gradle.internal.plugins.AndroidPluginBaseServices$syncIssueReporter$2$1: loaded 3 times (x 79B)
Class com.android.build.gradle.internal.plugins.BasePlugin$extensionData$2            : loaded 3 times (x 79B)
Class com.android.build.api.variant.HasAndroidTestBuilder                             : loaded 3 times (x 70B)
Class com.android.build.gradle.internal.dependency.CollectResourceSymbolsTransform$Inject_1: loaded 3 times (x 109B)
Class org.jetbrains.kotlin.gradle.plugin.KotlinCompilation$Companion                  : loaded 3 times (x 71B)
Class org.jetbrains.kotlin.gradle.plugin.mpp.KotlinJvmCompilation                     : loaded 3 times (x 200B)
Class org.jetbrains.kotlin.gradle.plugin.internal.DefaultKotlinTestReportCompatibilityHelperVariantFactory: loaded 3 times (x 76B)
Class org.jetbrains.kotlin.gradle.internal.properties.PropertiesBuildService$MemoizedCallable$value$2: loaded 3 times (x 79B)
Class [Lorg.jetbrains.kotlin.statistics.ValueAnonymizer;                              : loaded 3 times (x 69B)
Class org.jetbrains.kotlin.descriptors.DescriptorVisibilities$8                       : loaded 3 times (x 79B)
Class kotlin.jvm.internal.FunctionReference                                           : loaded 3 times (x 122B)
Class com.android.build.gradle.internal.scope.ArtifactPublishingUtil$publishIntermediateArtifact$2: loaded 3 times (x 79B)
Class org.jetbrains.kotlin.metadata.ProtoBuf$MemberKind$1                             : loaded 3 times (x 74B)
Class org.jetbrains.kotlin.metadata.jvm.JvmProtoBuf$StringTableTypes$RecordOrBuilder  : loaded 3 times (x 70B)
Class kotlin.jvm.internal.FunctionBase                                                : loaded 3 times (x 70B)
Class org.jetbrains.kotlin.gradle.plugin.KotlinGradleBuildServices                    : loaded 3 times (x 80B)
Class org.jetbrains.kotlin.resolve.jvm.JvmClassName                                   : loaded 3 times (x 76B)
Class com.android.build.gradle.internal.dependency.ArtifactCollectionWithExtraArtifact$ExtraArtifactType: loaded 3 times (x 79B)
Class org.jetbrains.kotlin.buildtools.api.jvm.ClasspathEntrySnapshot                  : loaded 3 times (x 70B)
Class org.jetbrains.kotlin.gradle.targets.native.toolchain.KotlinNativeBundleBuildService: loaded 3 times (x 77B)
Class com.google.wireless.android.sdk.stats.SdkIndexProjectStats                      : loaded 3 times (x 204B)
Class com.google.wireless.android.sdk.stats.GradleJdkConfigurationEvent               : loaded 3 times (x 194B)
Class com.google.wireless.android.sdk.stats.AndroidStudioEvent$1                      : loaded 3 times (x 76B)
Class com.android.tools.analytics.TestSupportLibraries$setters$1$15                   : loaded 3 times (x 125B)
Class com.google.common.collect.Tables$AbstractCell                                   : loaded 3 times (x 81B)
Class com.google.wireless.android.sdk.stats.TestLibraries$Builder                     : loaded 3 times (x 421B)
Class [Lorg.jetbrains.kotlin.daemon.common.CompileService$TargetPlatform;             : loaded 3 times (x 69B)
Class org.jetbrains.kotlin.daemon.client.KotlinCompilerClient$DaemonSearchResult$Found: loaded 3 times (x 72B)
Class org.jetbrains.kotlin.daemon.common.RestPropMapper                               : loaded 3 times (x 74B)
Class org.jetbrains.kotlin.gradle.report.BuildScanSettings                            : loaded 3 times (x 72B)
Class org.jetbrains.kotlin.compilerRunner.ProjectFilesForCompilation$Companion        : loaded 3 times (x 71B)
Class org.jetbrains.kotlin.compilerRunner.ProjectFilesForCompilation                  : loaded 3 times (x 72B)
Class org.jetbrains.kotlin.gradle.logging.GradleErrorMessageCollector                 : loaded 3 times (x 77B)
Class org.jetbrains.kotlin.gradle.tasks.OOMErrorException                             : loaded 3 times (x 82B)
Class org.jetbrains.kotlin.gradle.plugin.FilesSubpluginOption                         : loaded 3 times (x 72B)
Class com.android.build.gradle.internal.scope.BootClasspathBuilder$computeClasspath$1$1: loaded 3 times (x 79B)
Class com.sun.xml.bind.v2.runtime.unmarshaller.ProxyLoader                            : loaded 3 times (x 78B)
Class com.sun.xml.bind.v2.model.core.ArrayInfo                                        : loaded 3 times (x 70B)
Class com.android.repository.impl.generated.generic.v1.package-info                   : loaded 3 times (x 70B)
Class com.android.repository.impl.generated.v2.ChannelType                            : loaded 3 times (x 83B)
Class com.android.sdklib.repository.generated.common.v2.package-info                  : loaded 3 times (x 70B)
Class com.android.build.gradle.internal.SdkLocator$SdkLocationSource$LOCAL_SDK_DIR    : loaded 3 times (x 80B)
Class org.jetbrains.kotlin.gradle.internal.StdlibDependencyManagementKt$configureStdlibVersionAlignment$1$1$1: loaded 3 times (x 75B)
Class com.android.build.gradle.internal.publishing.VariantSpecBuilderImpl             : loaded 3 times (x 90B)
Class org.jetbrains.kotlin.gradle.plugin.BuildFinishedListenerService$Companion       : loaded 3 times (x 71B)
Class org.jetbrains.kotlin.gradle.plugin.BuildFinishedListenerService                 : loaded 3 times (x 80B)
Class com.android.build.gradle.internal.dependency.FilterShrinkerRulesTransform       : loaded 3 times (x 78B)
Class com.android.build.gradle.internal.utils.D8BackportedMethodsGenerator$Inject_1   : loaded 3 times (x 109B)
Class com.android.build.gradle.internal.dependency.RecalculateStackFramesTransform$Companion: loaded 3 times (x 71B)
Class com.android.build.gradle.internal.dependency.CollectResourceSymbolsTransform    : loaded 3 times (x 78B)
Class com.android.build.gradle.internal.tasks.SdkDependencyDataGeneratorTask$CreationAction$handleProvider$1: loaded 3 times (x 127B)
Class com.android.build.gradle.internal.tasks.UninstallTask$CreationAction            : loaded 3 times (x 91B)
Class com.android.build.gradle.internal.tasks.InstallVariantTask$CreationAction       : loaded 3 times (x 91B)
Class com.android.build.gradle.internal.scope.InternalArtifactType$NATIVE_DEBUG_METADATA: loaded 3 times (x 74B)
Class com.android.build.gradle.internal.tasks.DexArchiveBuilderTask$CreationAction$handleProvider$5: loaded 3 times (x 78B)
Class com.android.build.api.artifact.Artifact$Transformable                           : loaded 3 times (x 70B)
Class com.android.build.gradle.internal.TaskManager$createCompileAnchorTask$1         : loaded 3 times (x 74B)
Class com.android.tools.build.jetifier.processor.transform.proguard.ProGuardClassSpecParser$bodyReplacers$4: loaded 3 times (x 79B)
Class com.android.build.gradle.internal.TaskManager$AbstractPreBuildCreationAction    : loaded 3 times (x 91B)
Class com.android.build.gradle.internal.component.DeviceTestCreationConfig            : loaded 3 times (x 70B)
Class org.jetbrains.kotlin.gradle.targets.native.toolchain.KotlinNativeBundleBuildService$Parameters: loaded 3 times (x 70B)
Class org.jetbrains.kotlin.gradle.plugin.AndroidProjectHandler$addAndroidUnitTestTasksAsDependenciesToAllTest$2: loaded 3 times (x 75B)
Class org.jetbrains.kotlin.gradle.plugin.sources.FragmentConsistencyChecks$optInAnnotationsCheck$2: loaded 3 times (x 78B)
Class org.jetbrains.kotlin.gradle.targets.NativeForwardImplementationToApiElementsSideEffectKt$special$$inlined$KotlinTargetSideEffect$1: loaded 3 times (x 74B)
Class com.android.build.gradle.internal.tasks.UsesAnalytics                           : loaded 3 times (x 70B)
Class com.android.build.gradle.internal.tasks.SigningConfigUtils                      : loaded 3 times (x 71B)
Class com.android.build.gradle.internal.dsl.BundleOptionsDeviceTier$AgpDecorated      : loaded 3 times (x 85B)
Class com.android.build.gradle.internal.dsl.EmulatorControl$AgpDecorated_Decorated    : loaded 3 times (x 135B)
Class com.android.build.gradle.internal.dsl.BaselineProfileImpl$AgpDecorated          : loaded 3 times (x 84B)
Class com.android.build.gradle.internal.dsl.decorator.DslDecorator$CollectingInfoVisitor: loaded 3 times (x 75B)
Class com.android.build.gradle.internal.dsl.decorator.DslDecorator$Companion          : loaded 3 times (x 71B)
Class com.android.build.api.dsl.AnnotationProcessorOptions                            : loaded 3 times (x 70B)
Class com.android.builder.model.BuildType                                             : loaded 3 times (x 70B)
Class com.android.build.gradle.internal.plugins.BasePlugin$versionedSdkLoaderService$2$1$2: loaded 3 times (x 79B)
Class com.android.build.gradle.internal.AvdComponentsBuildService$Parameters_Decorated: loaded 3 times (x 151B)
Class com.android.build.gradle.internal.plugins.BasePlugin$configureProject$1         : loaded 3 times (x 75B)
Class com.android.build.gradle.internal.services.StringCachingBuildService$RegistrationAction: loaded 3 times (x 74B)
Class org.jetbrains.kotlin.gradle.tasks.DefaultKotlinJavaToolchain                    : loaded 3 times (x 77B)
Class com.google.protobuf.AbstractParser                                              : loaded 3 times (x 150B)
Class com.android.buildanalyzer.common.TaskCategory                                   : loaded 3 times (x 80B)
Class com.google.common.collect.AbstractBiMap$Inverse                                 : loaded 3 times (x 162B)
Class com.android.build.gradle.options.IntegerOption                                  : loaded 3 times (x 86B)
Class org.jetbrains.kotlin.gradle.tasks.DefaultKotlinJavaToolchain$Companion          : loaded 3 times (x 71B)
Class com.android.build.gradle.internal.core.dsl.ComponentDslInfo                     : loaded 3 times (x 70B)
Class com.android.build.api.variant.AndroidComponents                                 : loaded 3 times (x 70B)
Class com.android.build.gradle.internal.plugins.BasePlugin                            : loaded 3 times (x 93B)
Class com.android.build.api.component.impl.LifecycleTasksImpl$LifecycleEvent          : loaded 3 times (x 79B)
Class com.android.build.gradle.internal.SdkComponentsBuildService$VersionedSdkLoader$aidlExecutableProvider$1: loaded 3 times (x 75B)
Class org.jetbrains.kotlin.gradle.plugin.sources.android.KotlinAndroidSourceSetNaming : loaded 3 times (x 70B)
Class org.jetbrains.kotlin.gradle.plugin.sources.DefaultKotlinSourceSet$MetadataDependencyTransformation: loaded 3 times (x 72B)
Class org.jetbrains.kotlin.descriptors.DescriptorVisibilities$9                       : loaded 3 times (x 79B)
Class org.jetbrains.kotlin.protobuf.GeneratedMessageLite$ExtendableBuilder            : loaded 3 times (x 138B)
Class org.jetbrains.kotlin.metadata.jvm.JvmProtoBuf$StringTableTypes                  : loaded 3 times (x 110B)
Class kotlin.comparisons.ComparisonsKt___ComparisonsJvmKt                             : loaded 3 times (x 71B)
Class kotlin.collections.CollectionsKt__IteratorsJVMKt                                : loaded 3 times (x 71B)
Class com.sun.xml.bind.v2.model.annotation.XmlTypeQuick                               : loaded 3 times (x 95B)
Class com.android.build.gradle.internal.variant.VariantPathHelper$baseName$2          : loaded 3 times (x 79B)
Class com.android.utils.concurrency.ReadWriteProcessLock                              : loaded 3 times (x 72B)
Class com.google.wireless.android.sdk.stats.AndroidStudioEvent$2                      : loaded 3 times (x 151B)
Class com.google.wireless.android.sdk.stats.CreateDiagnosticReportActionOrBuilder     : loaded 3 times (x 70B)
Class com.google.wireless.android.sdk.stats.StartupEventOrBuilder                     : loaded 3 times (x 70B)
Class com.google.wireless.android.sdk.stats.BuildAttributionUiEventOrBuilder          : loaded 3 times (x 70B)
Class com.google.wireless.android.sdk.stats.StudioCrashOrBuilder                      : loaded 3 times (x 70B)
Class com.google.wireless.android.sdk.stats.WearHealthServicesEventOrBuilder          : loaded 3 times (x 70B)
Class com.google.wireless.android.sdk.stats.DeviceMirroringSessionOrBuilder           : loaded 3 times (x 70B)
Class com.google.wireless.android.sdk.stats.WearPairingEventOrBuilder                 : loaded 3 times (x 70B)
Class com.google.wireless.android.sdk.stats.AppInspectionEventOrBuilder               : loaded 3 times (x 70B)
Class com.android.tools.analytics.TestSupportLibraries$setters$1$16                   : loaded 3 times (x 125B)
Class org.jetbrains.kotlin.daemon.common.IncrementalCompilerServicesFacade            : loaded 3 times (x 70B)
Class org.jetbrains.kotlin.incremental.IncrementalCompilationFeatures$Companion       : loaded 3 times (x 71B)
Class com.android.build.api.variant.ResValue$Key                                      : loaded 3 times (x 70B)
Class [Lorg.jetbrains.kotlin.gradle.plugin.FilesOptionKind;                           : loaded 3 times (x 69B)
Class com.android.build.gradle.internal.BuildToolsExecutableInput                     : loaded 3 times (x 79B)
Class com.android.build.gradle.internal.tasks.ModuleMetadataWriterTask_Decorated      : loaded 3 times (x 395B)
Class org.jetbrains.kotlin.gradle.tasks.configuration.BaseKotlinCompileConfig$1$3$2   : loaded 3 times (x 75B)
Class org.jetbrains.kotlin.gradle.tasks.AbstractKotlinCompileTool$sources$1           : loaded 3 times (x 79B)
Class org.jetbrains.kotlin.build.SourcesUtilsKt                                       : loaded 3 times (x 71B)
Class com.android.build.gradle.tasks.JdkImageInput$generatedModuleFile$1              : loaded 3 times (x 74B)
Class com.android.build.gradle.internal.feature.BundleAllClasses_Decorated            : loaded 3 times (x 385B)
Class com.sun.xml.bind.v2.runtime.reflect.PrimitiveArrayListerShort                   : loaded 3 times (x 76B)
Class com.sun.xml.bind.v2.runtime.reflect.NullSafeAccessor                            : loaded 3 times (x 85B)
Class com.sun.xml.bind.v2.runtime.property.AttributeProperty                          : loaded 3 times (x 105B)
Class com.sun.xml.bind.v2.model.annotation.LocatableAnnotation                        : loaded 3 times (x 85B)
Class com.android.repository.api.License                                              : loaded 3 times (x 85B)
Class com.android.sdklib.repository.generated.addon.v2.package-info                   : loaded 3 times (x 70B)
Class org.jetbrains.kotlin.gradle.plugin.AndroidProjectHandler$preprocessVariant$2$1  : loaded 3 times (x 78B)
Class org.jetbrains.kotlin.gradle.internal.ClassLoadersCachingBuildService$Companion  : loaded 3 times (x 71B)
Class org.jetbrains.kotlin.gradle.tasks.configuration.TaskConfigAction                : loaded 3 times (x 72B)
Class org.jetbrains.kotlin.gradle.plugin.mpp.compilationImpl.factory.DefaultKotlinCompilationOutputFactory: loaded 3 times (x 74B)
Class com.android.build.gradle.internal.tasks.SdkDependencyDataGeneratorTask$CreationAction$handleProvider$2: loaded 3 times (x 127B)
Class com.android.build.gradle.internal.tasks.BaseTask$CreationAction                 : loaded 3 times (x 90B)
Class com.android.build.api.artifact.impl.MultipleArtifactContainer                   : loaded 3 times (x 75B)
Class com.android.build.gradle.internal.tasks.DexArchiveBuilderTask$CreationAction$handleProvider$6: loaded 3 times (x 127B)
Class com.android.build.api.variant.impl.JniLibsPackagingImpl$keepDebugSymbols$1      : loaded 3 times (x 75B)
Class com.android.build.gradle.internal.dependency.ProvidedClasspathSubtractor$getFileCollection$1: loaded 3 times (x 75B)
Class com.android.tools.build.jetifier.processor.transform.proguard.ProGuardClassSpecParser$bodyReplacers$5: loaded 3 times (x 79B)
Class com.android.tools.build.jetifier.processor.transform.proguard.ProGuardTypesMapper: loaded 3 times (x 72B)
Class com.android.tools.build.jetifier.core.utils.LogConsumer                         : loaded 3 times (x 70B)
Class com.android.build.api.component.impl.DeviceTestImpl$instrumentationRunnerArguments$2: loaded 3 times (x 79B)
Class com.android.build.gradle.internal.core.dsl.impl.ApplicationVariantDslInfoImpl$computeVersionNameSuffix$2: loaded 3 times (x 78B)
Class com.android.build.api.component.impl.ComponentImpl$androidResourcesCreationConfig$2: loaded 3 times (x 79B)
Class com.android.build.gradle.internal.variant.VariantPathHelper$Companion           : loaded 3 times (x 71B)
Class com.android.build.gradle.internal.attributes.VariantAttr$Companion              : loaded 3 times (x 71B)
Class org.jetbrains.kotlin.gradle.plugin.diagnostics.checkers.OverriddenKotlinNativeHomeChecker$allKonanMainSubdirectoriesExist$1: loaded 3 times (x 75B)
Class org.jetbrains.kotlin.gradle.plugin.sources.android.checker.MultiplatformLayoutV2MultiplatformLayoutV1StyleSourceDirUsageChecker: loaded 3 times (x 75B)
Class org.jetbrains.kotlin.gradle.plugin.AbstractKotlinPlugin$Companion               : loaded 3 times (x 71B)
Class org.jetbrains.kotlin.gradle.plugin.KotlinSourceSetTree                          : loaded 3 times (x 72B)
Class org.jetbrains.kotlin.gradle.plugin.KotlinPluginLifecycle$Stage                  : loaded 3 times (x 79B)
Class org.jetbrains.kotlin.gradle.plugin.mpp.compilationImpl.KotlinCreateResourcesTaskSideEffectKt$KotlinCreateResourcesTaskSideEffect$1: loaded 3 times (x 74B)
Class org.jetbrains.kotlin.gradle.plugin.sources.KotlinSourceSetFactory               : loaded 3 times (x 80B)
Class org.jetbrains.kotlin.gradle.targets.native.toolchain.KotlinNativeBundleBuildService$Parameters_Decorated: loaded 3 times (x 130B)
Class org.jetbrains.kotlin.gradle.plugin.StatisticsBuildFlowManager$subscribeForBuildResult$1$1: loaded 3 times (x 74B)
Class org.jetbrains.kotlin.gradle.plugin.internal.KotlinTestReportCompatibilityHelper$KotlinTestReportCompatibilityHelperVariantFactory: loaded 3 times (x 70B)
Class com.android.build.gradle.internal.services.VariantServices                      : loaded 3 times (x 70B)
Class com.android.build.api.variant.LifecycleTasks                                    : loaded 3 times (x 70B)
Class com.android.build.gradle.internal.CompileOptions$Companion                      : loaded 3 times (x 71B)
Class com.android.build.gradle.internal.dsl.decorator.ApplicationInstallationImpl$AgpDecorated: loaded 3 times (x 104B)
Class com.android.builder.core.DefaultVectorDrawablesOptions                          : loaded 3 times (x 80B)
Class com.android.build.gradle.internal.dsl.BaselineProfileImpl                       : loaded 3 times (x 79B)
Class com.android.build.gradle.internal.dsl.ExternalNativeBuild                       : loaded 3 times (x 91B)
Class com.android.build.gradle.internal.dsl.decorator.LockableMap                     : loaded 3 times (x 128B)
Class com.android.build.gradle.internal.dsl.BuildType                                 : loaded 3 times (x 371B)
Class com.android.build.gradle.internal.plugins.BasePlugin$configureProject$2         : loaded 3 times (x 75B)
Class com.google.wireless.android.sdk.stats.JavaProcessStats$1                        : loaded 3 times (x 151B)
Class com.android.build.api.component.impl.ComponentImpl$instrumentationCreationConfig$2: loaded 3 times (x 79B)
Class com.google.protobuf.GeneratedMessage$GeneratedExtension                         : loaded 3 times (x 87B)
Class com.android.build.gradle.internal.profile.AnalyticsConfiguratorService$Params_Decorated: loaded 3 times (x 130B)
Class com.google.gson.internal.bind.DefaultDateTypeAdapter                            : loaded 3 times (x 74B)
Class com.google.gson.JsonSerializer                                                  : loaded 3 times (x 70B)
Class [Lcom.android.ide.common.blame.Message$Kind;                                    : loaded 3 times (x 69B)
Class com.google.gson.GsonBuilder                                                     : loaded 3 times (x 72B)
Class com.android.build.gradle.internal.errors.MessageReceiverImpl                    : loaded 3 times (x 75B)
Class com.android.build.gradle.internal.variant.VariantInputModel                     : loaded 3 times (x 70B)
Class com.android.build.gradle.tasks.MapSourceSetPathsTask$CreateAction               : loaded 3 times (x 93B)
Class org.jetbrains.kotlin.utils.CollectionsKt                                        : loaded 3 times (x 71B)
Class org.jetbrains.kotlin.metadata.jvm.JvmProtoBuf$StringTableTypes$1                : loaded 3 times (x 144B)
Class org.jetbrains.kotlin.metadata.ProtoBuf$PropertyOrBuilder                        : loaded 3 times (x 70B)
Class org.jetbrains.kotlin.metadata.ProtoBuf$Constructor$1                            : loaded 3 times (x 144B)
Class org.jetbrains.org.objectweb.asm.tree.LabelNode                                  : loaded 3 times (x 80B)
Class com.android.build.gradle.internal.dependency.ShrinkerVersion$Companion          : loaded 3 times (x 71B)
Class com.google.wireless.android.sdk.stats.NonTransitiveRClassMigrationEvent         : loaded 3 times (x 200B)
Class com.google.wireless.android.sdk.stats.AvdLaunchEvent                            : loaded 3 times (x 196B)
Class com.google.wireless.android.sdk.stats.GradleCppSyncStatsOrBuilder               : loaded 3 times (x 70B)
Class com.android.tools.analytics.TestSupportLibraries$setters$1$17                   : loaded 3 times (x 125B)
Class org.jetbrains.kotlin.compilerRunner.ReportUtilsKt                               : loaded 3 times (x 71B)
Class org.jetbrains.kotlin.daemon.common.CompilerMode                                 : loaded 3 times (x 79B)
Class org.jetbrains.kotlin.daemon.common.DaemonParamsKt$daemonJVMOptionsMemoryProps$1 : loaded 3 times (x 137B)
Class org.jetbrains.kotlin.cli.common.arguments.PreprocessCommandLineArgumentsKt      : loaded 3 times (x 71B)
Class org.jetbrains.kotlin.compilerRunner.OutputItemsCollectorImpl                    : loaded 3 times (x 77B)
Class org.jetbrains.kotlin.compilerRunner.CompilerSystemPropertiesService$Inject_     : loaded 3 times (x 100B)
Class com.android.build.gradle.api.TestedComponentIdentifier                          : loaded 3 times (x 70B)
Class com.android.build.gradle.tasks.JavaPreCompileTask_Decorated                     : loaded 3 times (x 383B)
Class [Lorg.jetbrains.kotlin.build.report.metrics.BuildAttribute;                     : loaded 3 times (x 69B)
Class com.sun.xml.bind.v2.runtime.property.ArrayElementLeafProperty                   : loaded 3 times (x 105B)
Class javax.xml.bind.annotation.adapters.XmlJavaTypeAdapter$DEFAULT                   : loaded 3 times (x 71B)
Class com.sun.xml.bind.v2.model.impl.ElementPropertyInfoImpl$1                        : loaded 3 times (x 200B)
Class com.sun.xml.bind.v2.model.impl.ERPropertyInfoImpl                               : loaded 3 times (x 108B)
Class com.android.sdklib.repository.generated.common.v1.ApiDetailsType                : loaded 3 times (x 105B)
Class com.sun.xml.bind.v2.model.impl.RuntimeBuiltinLeafInfoImpl$1                     : loaded 3 times (x 76B)
Class org.jetbrains.kotlin.gradle.utils.ProviderApiUtilsKt$mapOrNull$1$1              : loaded 3 times (x 75B)
Class org.jetbrains.kotlin.gradle.plugin.hierarchy.KotlinSourceSetTreeClassifier$Default: loaded 3 times (x 71B)
Class com.android.build.gradle.tasks.PackageApplication                               : loaded 3 times (x 370B)
Class com.android.build.gradle.internal.publishing.VariantPublishingSpecImpl          : loaded 3 times (x 77B)
Class org.jetbrains.kotlin.gradle.plugin.mpp.InternalKotlinCompilationKt              : loaded 3 times (x 71B)
Class org.jetbrains.kotlin.gradle.tasks.configuration.AbstractKotlinCompileConfig     : loaded 3 times (x 72B)
Class org.jetbrains.kotlin.gradle.plugin.mpp.compilationImpl.KotlinCompilationImpl$attributes$2: loaded 3 times (x 79B)
Class com.android.build.gradle.internal.dependency.FilterShrinkerRulesTransform$Parameters: loaded 3 times (x 70B)
Class com.android.build.gradle.internal.dependency.ExtractProGuardRulesTransform$Inject_1: loaded 3 times (x 109B)
Class com.android.build.gradle.internal.HostTestTaskManager$setupAssembleAndJavaCompilationTasks$1: loaded 3 times (x 75B)
Class com.android.build.gradle.internal.tasks.BundleToStandaloneApkTask$CreationAction$handleProvider$1: loaded 3 times (x 127B)
Class com.android.build.gradle.internal.tasks.MergeArtProfileTask$CreationAction$handleProvider$1: loaded 3 times (x 127B)
Class com.android.build.gradle.tasks.PackageAndroidArtifact$Companion                 : loaded 3 times (x 71B)
Class com.android.build.api.variant.impl.SigningConfigImpl$enableV1Signing$1          : loaded 3 times (x 75B)
Class com.android.build.gradle.internal.tasks.DexArchiveBuilderTask$CreationAction$handleProvider$7: loaded 3 times (x 127B)
Class com.android.build.api.artifact.impl.InternalScopedArtifact$FINAL_TRANSFORMED_CLASSES: loaded 3 times (x 74B)
Class com.android.build.gradle.internal.scope.InternalArtifactType$RUNTIME_APP_CLASSES_JAR: loaded 3 times (x 74B)
Class com.android.build.api.variant.SourceDirectories$Flat                            : loaded 3 times (x 70B)
Class com.android.build.api.variant.impl.ResourcesPackagingImpl$pickFirsts$1          : loaded 3 times (x 75B)
Class com.android.build.gradle.tasks.ProcessAndroidResources                          : loaded 3 times (x 335B)
Class com.android.build.gradle.tasks.MergeSourceSetFolders$CreationAction             : loaded 3 times (x 91B)
Class com.android.build.gradle.tasks.ProcessManifestForMetadataFeatureTask            : loaded 3 times (x 337B)
Class com.android.build.gradle.internal.scope.InternalArtifactType$COMPATIBLE_SCREEN_MANIFEST: loaded 3 times (x 74B)
Class com.android.tools.build.jetifier.processor.transform.proguard.ProGuardClassSpecParser$bodyReplacers$6: loaded 3 times (x 79B)
Class com.android.tools.build.jetifier.core.pom.DependencyVersionsMap$Companion       : loaded 3 times (x 71B)
Class com.android.tools.build.jetifier.core.PackageMap$Companion                      : loaded 3 times (x 71B)
Class com.google.gson.internal.Primitives                                             : loaded 3 times (x 71B)
Class com.android.build.gradle.internal.variant.BaseVariantData$DiscoverableFilterType$ABI: loaded 3 times (x 80B)
Class com.android.build.gradle.internal.core.PostProcessingOptions                    : loaded 3 times (x 70B)
Class com.android.build.gradle.internal.core.MergedJavaCompileOptions                 : loaded 3 times (x 83B)
Class com.android.build.gradle.internal.core.dsl.impl.ApplicationVariantDslInfoImpl   : loaded 3 times (x 195B)
Class org.jetbrains.kotlin.gradle.plugin.diagnostics.checkers.OverriddenKotlinNativeHomeChecker$StdlibExistenceCheckerValueSource: loaded 3 times (x 78B)
Class org.jetbrains.kotlin.gradle.utils.IsolatedKotlinClasspathClassCastException     : loaded 3 times (x 82B)
Class com.android.build.gradle.internal.dsl.decorator.DslDecorator$Companion$lookupDefineClassMethod$2: loaded 3 times (x 78B)
Class com.android.build.gradle.internal.scope.InternalArtifactType$MERGED_ART_PROFILE : loaded 3 times (x 74B)
Class com.android.build.gradle.internal.plugins.BasePlugin$configureProject$3         : loaded 3 times (x 77B)
Class com.android.build.gradle.internal.ide.dependencies.MavenCoordinatesCacheBuildService: loaded 3 times (x 80B)
Class com.android.builder.profile.AnalyticsProfileWriter                              : loaded 3 times (x 72B)
Class com.android.build.gradle.internal.utils.AnalyticsEnabledValueSource             : loaded 3 times (x 78B)
Class com.google.gson.stream.JsonWriter                                               : loaded 3 times (x 98B)
Class com.android.build.gradle.internal.scope.InternalArtifactType$EXTRACTED_APKS     : loaded 3 times (x 74B)
Class com.android.build.gradle.internal.plugins.BasePlugin$buildOutputs$2             : loaded 3 times (x 79B)
Class com.android.build.gradle.internal.component.ApkCreationConfig                   : loaded 3 times (x 70B)
Class com.android.build.gradle.internal.services.RunOnceBuildServiceImpl$RegistrationAction: loaded 3 times (x 73B)
Class com.android.build.gradle.internal.scope.InternalArtifactType$VERSION_CONTROL_INFO_FILE: loaded 3 times (x 74B)
Class com.sun.xml.bind.v2.model.core.ReferencePropertyInfo                            : loaded 3 times (x 70B)
Class com.sun.xml.bind.v2.model.impl.RuntimeTypeRefImpl                               : loaded 3 times (x 96B)
Class com.intellij.gradle.toolingExtension.util.GradleVersionUtil                     : loaded 3 times (x 71B)
Class com.sun.xml.bind.v2.runtime.unmarshaller.LeafPropertyLoader                     : loaded 3 times (x 78B)
Class com.android.build.gradle.tasks.JavaCompileKt$recordAnnotationProcessors$1       : loaded 3 times (x 75B)
Class org.jetbrains.kotlin.incremental.FileUtilsKt                                    : loaded 3 times (x 71B)
Class kotlin.Pair                                                                     : loaded 3 times (x 72B)
Class org.jetbrains.kotlin.load.kotlin.header.ReadKotlinClassHeaderAnnotationVisitor$CollectStringArrayAnnotationVisitor: loaded 3 times (x 85B)
Class [Lkotlin.Function;                                                              : loaded 3 times (x 69B)
Class [Lcom.android.builder.utils.SynchronizedFile$LockingScope;                      : loaded 3 times (x 69B)
Class com.google.wireless.android.sdk.stats.AndroidStudioEvent$EventCategory          : loaded 3 times (x 87B)
Class com.google.wireless.android.sdk.stats.UIActionStats                             : loaded 3 times (x 207B)
Class com.google.wireless.android.sdk.stats.SafeModeStatsEventOrBuilder               : loaded 3 times (x 70B)
Class com.google.wireless.android.sdk.stats.TestRun$TestKind                          : loaded 3 times (x 87B)
Class com.android.tools.analytics.TestSupportLibraries$setters$1$18                   : loaded 3 times (x 125B)
Class org.jetbrains.kotlin.gradle.report.TaskExecutionInfo                            : loaded 3 times (x 72B)
Class org.jetbrains.kotlin.daemon.common.DaemonParamsKt$daemonJVMOptionsMemoryProps$2 : loaded 3 times (x 137B)
Class com.android.build.api.variant.impl.FileBasedDirectoryEntryImpl$asFileTree$1$1   : loaded 3 times (x 75B)
Class org.jetbrains.kotlin.gradle.tasks.DefaultKotlinJavaToolchain$DefaultJavaToolchainSetter$useAsConvention$1: loaded 3 times (x 75B)
Class org.jetbrains.kotlin.gradle.plugin.KotlinCompilerArgumentsProducer$CreateCompilerArgumentsContext: loaded 3 times (x 70B)
Class com.android.tools.lint.model.LintModelModuleType                                : loaded 3 times (x 79B)
Class com.android.build.gradle.internal.SdkDirectLoadingStrategy$DirectLoadComponents : loaded 3 times (x 72B)
Class com.sun.xml.bind.v2.runtime.CompositeStructureBeanInfo                          : loaded 3 times (x 98B)
Class com.sun.xml.bind.v2.runtime.property.ArrayERProperty                            : loaded 3 times (x 104B)
Class com.android.sdklib.repository.generated.sysimg.v1.SysImgDetailsType             : loaded 3 times (x 137B)
Class javax.xml.bind.annotation.XmlElementDecl$GLOBAL                                 : loaded 3 times (x 71B)
Class com.sun.xml.bind.v2.model.impl.RuntimeBuiltinLeafInfoImpl$2                     : loaded 3 times (x 136B)
Class com.sun.xml.bind.v2.util.QNameMap$Entry                                         : loaded 3 times (x 72B)
Class com.android.build.gradle.internal.SdkComponentsBuildService$VersionedSdkLoader$buildToolInfoProvider$1: loaded 3 times (x 75B)
Class org.jetbrains.kotlin.gradle.plugin.diagnostics.RenderReportedDiagnosticsKt      : loaded 3 times (x 71B)
Class org.jetbrains.kotlin.gradle.plugin.hierarchy.KotlinSourceSetTreeClassifierKt$classify$1: loaded 3 times (x 88B)
Class org.jetbrains.kotlin.compose.compiler.gradle.ComposeCompilerGradleSubplugin$applyToCompilation$allPluginProperties$1$10: loaded 3 times (x 74B)
Class com.android.build.gradle.internal.scope.InternalArtifactType$RENDERSCRIPT_HEADERS: loaded 3 times (x 74B)
Class com.android.build.gradle.internal.dsl.VariantOutputFactory                      : loaded 3 times (x 73B)
Class com.android.build.gradle.tasks.RenderscriptCompile                              : loaded 3 times (x 351B)
Class com.android.build.gradle.internal.HostTestTaskManager$setupAssembleAndJavaCompilationTasks$2: loaded 3 times (x 75B)
Class com.android.build.gradle.internal.test.AbstractTestDataImpl$testDirectories$1$1 : loaded 3 times (x 79B)
Class com.android.build.gradle.internal.LibraryTaskManager                            : loaded 3 times (x 83B)
Class com.android.build.gradle.internal.tasks.MergeNativeDebugMetadataTask$CreationAction$handleProvider$1: loaded 3 times (x 127B)
Class com.android.build.gradle.internal.tasks.BundleToStandaloneApkTask$CreationAction$handleProvider$2: loaded 3 times (x 75B)
Class com.android.build.gradle.internal.tasks.ParseIntegrityConfigTask                : loaded 3 times (x 335B)
Class com.android.build.gradle.internal.tasks.StripDebugSymbolsTask                   : loaded 3 times (x 339B)
Class com.android.build.gradle.internal.tasks.DexArchiveBuilderTask$CreationAction$handleProvider$8: loaded 3 times (x 127B)
Class com.android.build.gradle.tasks.JavaPreCompileTask$CreationAction$handleProvider$1: loaded 3 times (x 78B)
Class com.android.build.api.variant.impl.SourcesImpl$aidl$2                           : loaded 3 times (x 79B)
Class com.android.build.api.variant.impl.FileBasedFileEntry$asFile$1                  : loaded 3 times (x 75B)
Class com.android.build.gradle.tasks.ShaderCompile                                    : loaded 3 times (x 344B)
Class com.android.build.gradle.internal.scope.InternalArtifactType$DATA_BINDING_LAYOUT_INFO_TYPE_MERGE: loaded 3 times (x 74B)
Class com.android.build.api.component.impl.features.InstrumentationCreationConfigImpl$instrumentation$2: loaded 3 times (x 79B)
Class com.android.tools.build.jetifier.processor.transform.proguard.ProGuardClassSpecParser$bodyReplacers$7: loaded 3 times (x 79B)
Class com.android.build.gradle.internal.variant.BaseVariantData$Companion             : loaded 3 times (x 71B)
Class com.android.build.gradle.internal.dependency.ResolutionResultProvider           : loaded 3 times (x 70B)
Class [Lorg.jetbrains.kotlin.konan.target.KonanTarget;                                : loaded 3 times (x 69B)
Class org.jetbrains.kotlin.gradle.plugin.diagnostics.checkers.WasmSourceSetsNotFoundChecker: loaded 3 times (x 74B)
Class org.jetbrains.kotlin.gradle.plugin.diagnostics.checkers.AndroidSourceSetLayoutV1SourceSetsNotFoundChecker$androidSourceSetRegex$2: loaded 3 times (x 78B)
Class org.jetbrains.kotlin.gradle.plugin.statistics.KotlinBuildStatsLoggerService$Companion: loaded 3 times (x 71B)
Class org.jetbrains.kotlin.gradle.plugin.internal.IdeaSyncDetector$IdeaSyncDetectorVariantFactory: loaded 3 times (x 70B)
Class com.android.build.api.artifact.impl.ArtifactNamingContext                       : loaded 3 times (x 72B)
Class [Lcom.android.build.gradle.internal.testing.utp.UtpDependency;                  : loaded 3 times (x 69B)
Class com.android.build.api.dsl.ExternalNativeBuild                                   : loaded 3 times (x 70B)
Class com.android.build.gradle.internal.dsl.BundleOptionsDensity                      : loaded 3 times (x 77B)
Class com.android.build.api.dsl.Bundle                                                : loaded 3 times (x 70B)
Class com.android.build.gradle.internal.dsl.decorator.SupportedPropertyType$Collection$List: loaded 3 times (x 74B)
Class com.android.build.api.dsl.LibraryProductFlavor                                  : loaded 3 times (x 70B)
Class com.android.build.gradle.internal.plugins.BasePlugin$configureProject$4         : loaded 3 times (x 74B)
Class com.android.build.gradle.internal.dependency.ExtractAarTransform$Inject_1       : loaded 3 times (x 109B)
Class com.android.repository.Revision                                                 : loaded 3 times (x 87B)
Class com.android.build.gradle.internal.utils.DesugarLibUtils$getDesugarLibConfigFromTransform$1: loaded 3 times (x 74B)
Class com.android.build.gradle.internal.res.Aapt2FromMaven$Companion$create$aapt2Directory$1: loaded 3 times (x 74B)
Class com.google.gson.internal.bind.TypeAdapterRuntimeTypeWrapper                     : loaded 3 times (x 74B)
Class com.android.ide.common.blame.Message$Kind$Companion                             : loaded 3 times (x 71B)
Class com.android.build.gradle.internal.VariantTaskManager$addBindingDependenciesIfNecessary$dataBindingEnabled$1: loaded 3 times (x 80B)
Class com.android.build.gradle.internal.core.dsl.ConsumableComponentDslInfo           : loaded 3 times (x 70B)
Class com.android.build.gradle.internal.variant.AbstractVariantInputManager           : loaded 3 times (x 97B)
Class com.android.build.gradle.internal.tasks.factory.GlobalTaskCreationConfigImpl    : loaded 3 times (x 139B)
Class com.android.build.gradle.AbstractAppExtension                                   : loaded 3 times (x 219B)
Class com.android.build.gradle.BasePlugin                                             : loaded 3 times (x 76B)
Class org.jetbrains.kotlin.gradle.plugin.statistics.CompilerArgumentMetrics           : loaded 3 times (x 71B)
Class org.jetbrains.kotlin.incremental.classpathDiff.ClasspathEntrySnapshot           : loaded 3 times (x 72B)
Class org.jetbrains.kotlin.daemon.common.FileSystem                                   : loaded 3 times (x 71B)
Class org.jetbrains.kotlin.daemon.client.KotlinCompilerClient                         : loaded 3 times (x 71B)
Class kotlin.io.CloseableKt                                                           : loaded 3 times (x 71B)
Class kotlin.collections.CollectionsKt__MutableCollectionsKt                          : loaded 3 times (x 71B)
Class org.jetbrains.kotlin.daemon.common.CompileService$CallResult$Ok                 : loaded 3 times (x 72B)
Class org.jetbrains.kotlin.buildtools.api.SharedApiClassesClassLoader                 : loaded 3 times (x 71B)
Class com.android.build.gradle.internal.scope.ArtifactPublishingUtil$publishArtifactToConfiguration$1$1: loaded 3 times (x 75B)
Class com.android.builder.utils.SynchronizedFile                                      : loaded 3 times (x 72B)
Class com.google.wireless.android.sdk.stats.ProductDetails$ProductKind                : loaded 3 times (x 87B)
Class com.google.wireless.android.sdk.stats.DeviceScreenshotEvent                     : loaded 3 times (x 196B)
Class com.google.wireless.android.sdk.stats.FastPreviewEvent                          : loaded 3 times (x 198B)
Class com.google.wireless.android.sdk.stats.FileType                                  : loaded 3 times (x 201B)
Class com.google.wireless.android.sdk.stats.EssentialsModeEventOrBuilder              : loaded 3 times (x 70B)
Class com.google.wireless.android.sdk.stats.HeapReportEventOrBuilder                  : loaded 3 times (x 70B)
Class com.google.wireless.android.sdk.stats.AutoImportEventOrBuilder                  : loaded 3 times (x 70B)
Class com.android.tools.analytics.TestSupportLibraries$setters$1$19                   : loaded 3 times (x 125B)
Class org.jetbrains.kotlin.daemon.common.DaemonParamsKt$daemonJVMOptionsMemoryProps$3 : loaded 3 times (x 137B)
Class org.jetbrains.kotlin.compilerRunner.CompilerSystemPropertiesService$Parameters$Inject_: loaded 3 times (x 106B)
Class com.android.build.gradle.internal.dependency.AarToClassTransform$Params$Inject_ : loaded 3 times (x 108B)
Class com.android.build.gradle.internal.DependencyResourcesComputer$initFromVariantScope$2: loaded 3 times (x 79B)
Class com.sun.xml.bind.v2.runtime.Name                                                : loaded 3 times (x 75B)
Class com.sun.xml.bind.v2.model.impl.RuntimeBuiltinLeafInfoImpl$3                     : loaded 3 times (x 136B)
Class com.sun.xml.bind.v2.model.core.BuiltinLeafInfo                                  : loaded 3 times (x 70B)
Class com.android.repository.impl.generated.v2.DependenciesType                       : loaded 3 times (x 75B)
Class com.android.sdklib.OptionalLibrary                                              : loaded 3 times (x 70B)
Class com.android.build.api.variant.impl.ArtifactMetadataProcessor$Companion          : loaded 3 times (x 71B)
Class org.jetbrains.kotlin.gradle.plugin.KotlinCompilationWithResources               : loaded 3 times (x 70B)
Class com.android.build.gradle.internal.dependency.DexingOutputSplitTransform$Inject_1: loaded 3 times (x 109B)
Class com.android.build.gradle.internal.dependency.DexingNoClasspathTransform         : loaded 3 times (x 81B)
Class com.android.build.gradle.internal.dependency.MockableJarTransform$Parameters_Decorated: loaded 3 times (x 135B)
Class org.jetbrains.kotlin.gradle.plugin.KotlinPluginLifecycle$ProjectConfigurationResult$Failure: loaded 3 times (x 72B)
Class com.android.build.gradle.internal.testing.utp.UtpDependency$10                  : loaded 3 times (x 127B)
Class com.android.build.gradle.internal.test.AbstractTestDataImpl$testDirectories$1$2 : loaded 3 times (x 79B)
Class com.android.build.api.variant.impl.SigningConfigImpl$keyAlias$1                 : loaded 3 times (x 75B)
Class com.android.build.api.component.impl.DefaultSourcesProviderImpl$defaultAssetsSources$1: loaded 3 times (x 78B)
Class com.android.build.gradle.internal.scope.InternalArtifactType$MERGED_RES         : loaded 3 times (x 74B)
Class com.android.build.api.artifact.SingleArtifact$MERGED_MANIFEST                   : loaded 3 times (x 74B)
Class com.android.build.api.component.impl.OldVariantApiLegacySupportImpl$JavaCompileOptionsForOldVariantAPI$_annotationProcessorOptions$1: loaded 3 times (x 77B)
Class com.android.build.gradle.tasks.ExtractDeepLinksTask                             : loaded 3 times (x 337B)
Class com.android.build.gradle.internal.tasks.NonIncrementalTask                      : loaded 3 times (x 333B)
Class com.android.tools.build.jetifier.processor.transform.proguard.ProGuardClassSpecParser$bodyReplacers$8: loaded 3 times (x 79B)
Class com.android.tools.build.jetifier.processor.transform.proguard.ProGuardTransformer: loaded 3 times (x 77B)
Class com.android.tools.build.jetifier.core.TypeRewriter$Companion                    : loaded 3 times (x 71B)
Class com.android.build.gradle.internal.core.dsl.impl.AndroidTestComponentDslInfoImpl$namespace$2: loaded 3 times (x 79B)
Class com.android.build.gradle.internal.core.MergedExternalNativeCmakeOptions         : loaded 3 times (x 86B)
Class com.android.build.api.component.impl.features.NativeBuildCreationConfigImpl     : loaded 3 times (x 80B)
Class com.android.build.api.variant.JavaCompilation                                   : loaded 3 times (x 70B)
Class com.android.build.api.variant.impl.VariantImpl                                  : loaded 3 times (x 356B)
Class com.android.build.api.variant.impl.InternalVariantBuilder                       : loaded 3 times (x 70B)
Class com.android.build.gradle.internal.SdkComponentsBuildService$VersionedSdkLoader$buildToolsRevisionProvider$1: loaded 3 times (x 75B)
Class com.google.devtools.ksp.gradle.KspGradleSubplugin$apply$1                       : loaded 3 times (x 78B)
Class com.google.devtools.ksp.gradle.KspConfigurations                                : loaded 3 times (x 72B)
Class org.jetbrains.kotlin.compose.compiler.gradle.model.builder.ComposeCompilerModelBuilder: loaded 3 times (x 75B)
Class org.jetbrains.kotlin.gradle.plugin.diagnostics.checkers.OverriddenKotlinNativeHomeChecker$StdlibExistenceCheckerValueSource$Inject_: loaded 3 times (x 109B)
Class org.jetbrains.kotlin.gradle.plugin.KotlinTargetPreset                           : loaded 3 times (x 70B)
Class org.jetbrains.kotlin.gradle.plugin.diagnostics.checkers.KotlinTargetAlreadyDeclaredChecker: loaded 3 times (x 74B)
Class org.jetbrains.kotlin.gradle.plugin.mpp.compilationImpl.KotlinCompilationProcessorSideEffectKt: loaded 3 times (x 71B)
Class org.jetbrains.kotlin.gradle.plugin.mpp.KotlinUsages$KotlinJavaRuntimeJarsCompatibility: loaded 3 times (x 76B)
Class org.jetbrains.kotlin.gradle.dsl.HasConfigurableKotlinCompilerOptions            : loaded 3 times (x 70B)
Class org.jetbrains.kotlin.gradle.utils.FileUtilsKt$localProperties$1                 : loaded 3 times (x 75B)
Class [Lcom.android.build.gradle.ProguardFiles$ProguardFile;                          : loaded 3 times (x 69B)
Class com.android.build.gradle.internal.ide.v2.NativeModelBuilder$scopes$2            : loaded 3 times (x 79B)
Class com.android.build.api.dsl.SingleVariant                                         : loaded 3 times (x 70B)
Class com.android.build.gradle.internal.dsl.BundleOptionsLanguage$AgpDecorated        : loaded 3 times (x 81B)
Class com.android.build.gradle.internal.plugins.BasePlugin$configureProject$5         : loaded 3 times (x 74B)
Class com.android.build.gradle.internal.lint.LintFixBuildService                      : loaded 3 times (x 75B)
Class com.android.build.gradle.internal.SdkParsingUtilsKt$parsePackage$progress$1     : loaded 3 times (x 110B)
Class com.google.wireless.android.sdk.stats.GradleBuildProject                        : loaded 3 times (x 259B)
Class com.google.wireless.android.sdk.stats.GradleBuildProfileSpan$ExecutionType      : loaded 3 times (x 87B)
Class com.android.build.gradle.internal.errors.SyncIssueReporterImpl$GlobalSyncIssueService: loaded 3 times (x 82B)
Class com.android.build.gradle.internal.errors.DeprecationReporterImpl                : loaded 3 times (x 82B)
Class com.android.build.gradle.options.ProjectOptions                                 : loaded 3 times (x 72B)
Class com.android.build.gradle.options.ProjectOptionService$Params                    : loaded 3 times (x 70B)
Class com.android.tools.lint.model.LintModelModule                                    : loaded 3 times (x 70B)
Class com.android.build.gradle.internal.services.RunOnceBuildServiceImpl$ActionName   : loaded 3 times (x 72B)
Class kotlin.reflect.KCallable                                                        : loaded 3 times (x 70B)
Class org.jetbrains.kotlin.metadata.deserialization.ProtoBufUtilKt                    : loaded 3 times (x 71B)
Class kotlin.io.TerminateException                                                    : loaded 3 times (x 82B)
Class kotlin.io.FilesKt__FilePathComponentsKt                                         : loaded 3 times (x 71B)
Class com.google.wireless.android.sdk.stats.GradleTransformExecutionOrBuilder         : loaded 3 times (x 70B)
Class com.google.wireless.android.sdk.stats.ProductDetails$CpuArchitecture$1          : loaded 3 times (x 76B)
Class com.google.wireless.android.sdk.stats.SmlChatBotEventOrBuilder                  : loaded 3 times (x 70B)
Class com.google.wireless.android.sdk.stats.EmulatorDetailsOrBuilder                  : loaded 3 times (x 70B)
Class com.google.common.collect.Tables$1                                              : loaded 3 times (x 84B)
Class org.jetbrains.kotlin.daemon.client.KotlinCompilerClient$tryFindSuitableDaemonOrNewOpts$$inlined$compareBy$1: loaded 3 times (x 90B)
Class org.jetbrains.kotlin.gradle.plugin.FilesOptionKind                              : loaded 3 times (x 79B)
Class org.jetbrains.kotlin.gradle.tasks.configuration.AbstractKotlinCompileConfig$2$1 : loaded 3 times (x 79B)
Class org.jetbrains.kotlin.gradle.tasks.DefaultKotlinJavaToolchain_Decorated          : loaded 3 times (x 122B)
Class com.android.build.gradle.tasks.JdkImageInput                                    : loaded 3 times (x 75B)
Class com.android.build.gradle.internal.scope.InternalArtifactType$BUILT_IN_KAPT_CLASSES_DIR: loaded 3 times (x 74B)
Class com.sun.xml.bind.v2.model.runtime.RuntimeAttributePropertyInfo                  : loaded 3 times (x 70B)
Class com.sun.xml.bind.v2.model.impl.RuntimeBuiltinLeafInfoImpl$4                     : loaded 3 times (x 136B)
Class javax.xml.bind.Marshaller                                                       : loaded 3 times (x 70B)
Class com.sun.xml.bind.v2.model.core.ErrorHandler                                     : loaded 3 times (x 70B)
Class com.sun.xml.bind.v2.runtime.ClassBeanInfoImpl                                   : loaded 3 times (x 92B)
Class com.sun.xml.bind.v2.model.runtime.RuntimeNonElement                             : loaded 3 times (x 70B)
Class com.android.repository.impl.generated.v1.CompleteType                           : loaded 3 times (x 83B)
Class [Ljavax.xml.bind.annotation.XmlNsForm;                                          : loaded 3 times (x 69B)
Class org.jetbrains.kotlin.gradle.plugin.statistics.KotlinProjectConfigurationMetrics : loaded 3 times (x 71B)
Class org.jetbrains.kotlin.gradle.plugin.mpp.KotlinJsCompilation                      : loaded 3 times (x 202B)
Class com.android.build.gradle.internal.lint.DependencyCaches                         : loaded 3 times (x 72B)
Class org.jetbrains.kotlin.gradle.plugin.KotlinCompilationInfo$TCS                    : loaded 3 times (x 89B)
Class org.jetbrains.kotlin.gradle.plugin.mpp.DefaultKotlinCompilationOutput$allOutputs$1$1: loaded 3 times (x 75B)
Class com.android.build.gradle.internal.scope.InternalArtifactType$LINT_INTERMEDIATE_TEXT_REPORT: loaded 3 times (x 74B)
Class com.android.build.gradle.internal.AndroidTestTaskManager$createConnectedTestForVariant$1: loaded 3 times (x 75B)
Class com.android.build.gradle.internal.testing.utp.UtpDependency$11                  : loaded 3 times (x 127B)
Class com.android.build.gradle.internal.tasks.CompileArtProfileTask$CreationAction$handleProvider$1: loaded 3 times (x 127B)
Class com.android.build.gradle.internal.tasks.SigningConfigVersionsWriterTask$CreationAction$handleProvider$1: loaded 3 times (x 127B)
Class com.android.build.api.variant.impl.FileBasedDirectoryEntryImpl$asFiles$1        : loaded 3 times (x 75B)
Class com.android.build.gradle.internal.res.LinkApplicationAndroidResourcesTask$BaseCreationAction$handleProvider$1: loaded 3 times (x 127B)
Class com.android.build.gradle.internal.dependency.VariantDependencies$computeLocalFileDependencies$1: loaded 3 times (x 80B)
Class com.android.builder.dexing.DexingType                                           : loaded 3 times (x 79B)
Class com.android.tools.build.jetifier.processor.transform.proguard.ProGuardClassSpecParser$bodyReplacers$9: loaded 3 times (x 79B)
Class com.android.build.gradle.internal.tasks.factory.VariantTaskCreationAction       : loaded 3 times (x 90B)
Class com.android.build.api.component.impl.DeviceTestImpl$resValues$2                 : loaded 3 times (x 79B)
Class com.android.build.api.variant.impl.TestedApkPackagingImpl                       : loaded 3 times (x 95B)
Class com.android.build.gradle.internal.lint.SourceProviderInput_Decorated            : loaded 3 times (x 157B)
Class org.jetbrains.kotlin.gradle.plugin.mpp.HasBinaries                              : loaded 3 times (x 70B)
Class org.jetbrains.kotlin.gradle.dsl.KotlinCommonOptions                             : loaded 3 times (x 70B)
Class org.jetbrains.kotlin.gradle.plugin.mpp.compilationImpl.KotlinCreateSourcesJarTaskSideEffectKt: loaded 3 times (x 71B)
Class org.jetbrains.kotlin.gradle.dsl.KotlinJvmProjectExtension                       : loaded 3 times (x 103B)
Class org.jetbrains.kotlin.gradle.plugin.KotlinGradlePluginExtensionPointInternalKt   : loaded 3 times (x 71B)
Class org.jetbrains.kotlin.gradle.targets.native.toolchain.UsesKotlinNativeBundleBuildService: loaded 3 times (x 70B)
Class org.jetbrains.kotlin.gradle.plugin.KotlinCompilerArgumentsProducer              : loaded 3 times (x 70B)
Class org.jetbrains.kotlin.build.report.metrics.ValueType                             : loaded 3 times (x 79B)
Class com.android.build.gradle.internal.tasks.factory.TaskProviderCallback            : loaded 3 times (x 70B)
Class com.android.build.gradle.internal.services.FakeDependencyJarBuildService$FakeDependencyJarCreator$Params_Decorated: loaded 3 times (x 132B)
Class com.android.build.gradle.internal.services.FakeDependencyJarBuildService$FakeDependencyJarCreator: loaded 3 times (x 80B)
Class com.android.build.gradle.internal.tasks.factory.BootClasspathConfigImpl$filteredBootClasspath$2: loaded 3 times (x 79B)
Class com.android.build.gradle.internal.dsl.BundleOptionsAiModelVersion$AgpDecorated  : loaded 3 times (x 85B)
Class com.android.build.gradle.internal.dsl.decorator.ApplicationInstallationImpl$AgpDecorated_Decorated: loaded 3 times (x 149B)
Class [Lcom.android.resources.Density;                                                : loaded 3 times (x 69B)
Class com.android.build.gradle.internal.dsl.ExternalNativeBuildOptions_Decorated      : loaded 3 times (x 139B)
Class com.google.common.util.concurrent.AbstractFuture$UnsafeAtomicHelper$1           : loaded 3 times (x 76B)
Class com.android.build.gradle.internal.dsl.DependencyVariantSelectionImpl            : loaded 3 times (x 78B)
Class com.android.build.gradle.internal.variant.BaseVariantFactory$Companion          : loaded 3 times (x 71B)
Class com.android.build.gradle.internal.ide.dependencies.LibraryDependencyCacheBuildService$RegistrationAction: loaded 3 times (x 74B)
Class com.android.build.gradle.internal.DependencyResolutionChecks$registerDependencyCheck$3: loaded 3 times (x 75B)
Class com.android.utils.DateProvider$1                                                : loaded 3 times (x 75B)
Class com.google.gson.internal.bind.MapTypeAdapterFactory$Adapter                     : loaded 3 times (x 74B)
Class com.google.gson.internal.sql.SqlTimeTypeAdapter$1                               : loaded 3 times (x 75B)
Class com.android.ide.common.repository.GradleVersion$VersionQualifiers               : loaded 3 times (x 72B)
Class com.android.build.gradle.internal.variant.BaseVariantFactory                    : loaded 3 times (x 106B)
Class com.android.build.gradle.internal.ExtraModelInfo                                : loaded 3 times (x 82B)
Class com.android.build.gradle.internal.dependency.JdkImageTransform$Parameters       : loaded 3 times (x 70B)
Class [Lorg.jetbrains.kotlin.compose.compiler.gradle.ComposeFeatureFlag;              : loaded 3 times (x 69B)
Class org.jetbrains.kotlin.protobuf.AbstractMessageLite$Builder                       : loaded 3 times (x 122B)
Class org.jetbrains.kotlin.protobuf.Internal$EnumLiteMap                              : loaded 3 times (x 70B)
Class org.jetbrains.kotlin.protobuf.GeneratedMessageLite                              : loaded 3 times (x 101B)
Class org.jetbrains.org.objectweb.asm.tree.InsnList                                   : loaded 3 times (x 103B)
Class org.jetbrains.org.objectweb.asm.tree.ModuleNode                                 : loaded 3 times (x 82B)
Class com.android.utils.concurrency.ReadWriteProcessLock$Lock                         : loaded 3 times (x 70B)
Class com.google.wireless.android.sdk.stats.DeviceMirroringAbnormalAgentTerminationOrBuilder: loaded 3 times (x 70B)
Class com.google.wireless.android.sdk.stats.SmlCompletionEventOrBuilder               : loaded 3 times (x 70B)
Class com.google.wireless.android.sdk.stats.AppLinksAssistantEventOrBuilder           : loaded 3 times (x 70B)
Class com.google.common.collect.ImmutableTable$Builder                                : loaded 3 times (x 72B)
Class com.android.build.gradle.internal.profile.NoOpAnalyticsService$Inject_          : loaded 3 times (x 130B)
Class org.jetbrains.kotlin.compilerRunner.IncrementalCompilationEnvironment$Companion : loaded 3 times (x 71B)
Class org.jetbrains.kotlin.daemon.common.ReportCategory                               : loaded 3 times (x 79B)
Class org.jetbrains.kotlin.daemon.common.OptionsGroup                                 : loaded 3 times (x 70B)
Class com.android.build.gradle.internal.attribution.BuildAnalyzerService$Companion    : loaded 3 times (x 71B)
Class com.android.build.api.instrumentation.StaticTestData                            : loaded 3 times (x 70B)
Class com.android.ide.common.resources.SingleFileProcessor                            : loaded 3 times (x 70B)
Class com.android.build.gradle.tasks.ProcessPackagedManifestTask_Decorated            : loaded 3 times (x 386B)
Class org.jetbrains.kotlin.build.report.metrics.BuildTimes$Companion                  : loaded 3 times (x 71B)
Class com.android.build.gradle.tasks.PackageAndroidArtifact$CreationAction$configure$1: loaded 3 times (x 75B)
Class com.sun.xml.bind.v2.runtime.unmarshaller.UnmarshallingContext$State             : loaded 3 times (x 72B)
Class com.sun.xml.bind.v2.runtime.unmarshaller.UnmarshallingContext$ExpectedTypeRootLoader: loaded 3 times (x 80B)
Class com.sun.xml.bind.v2.runtime.ElementBeanInfoImpl$1                               : loaded 3 times (x 106B)
Class com.sun.xml.bind.v2.runtime.property.ArrayERProperty$ItemsLoader                : loaded 3 times (x 78B)
Class com.sun.xml.bind.v2.model.impl.GetterSetterPropertySeed                         : loaded 3 times (x 90B)
Class com.sun.xml.bind.v2.model.impl.RuntimeBuiltinLeafInfoImpl$5                     : loaded 3 times (x 136B)
Class com.android.sdklib.repository.generated.common.v2.IdDisplayType                 : loaded 3 times (x 83B)
Class com.android.sdklib.repository.generated.sysimg.v3.package-info                  : loaded 3 times (x 70B)
Class com.android.build.gradle.tasks.factory.AndroidUnitTest_Decorated                : loaded 3 times (x 643B)
Class org.jetbrains.kotlin.gradle.plugin.SubpluginEnvironment$configurePluginOptionsForKapt$1: loaded 3 times (x 79B)
Class [Lcom.android.build.api.artifact.Artifact;                                      : loaded 3 times (x 69B)
Class com.android.build.gradle.internal.scope.ArtifactPublishingUtil$publishArtifactToConfiguration$1$1$1: loaded 3 times (x 75B)
Class com.android.build.gradle.internal.scope.InternalArtifactType$DATA_BINDING_BASE_CLASS_LOG_ARTIFACT: loaded 3 times (x 74B)
Class org.jetbrains.kotlin.gradle.tasks.configuration.BaseKotlinCompileConfig$1$classpathConfiguration$1: loaded 3 times (x 75B)
Class com.android.build.gradle.internal.testing.utp.UtpDependency$12                  : loaded 3 times (x 127B)
Class com.android.build.gradle.internal.dependency.SubtractingArtifactCollection$SubtractingArtifactResult$removedFiles$1: loaded 3 times (x 79B)
Class com.android.build.gradle.internal.res.LinkApplicationAndroidResourcesTask$BaseCreationAction$handleProvider$2: loaded 3 times (x 127B)
Class com.android.build.gradle.internal.tasks.PerModuleBundleTask                     : loaded 3 times (x 348B)
Class com.android.build.gradle.internal.tasks.CompileArtProfileTask$CreationAction$handleProvider$2: loaded 3 times (x 127B)
Class com.android.build.gradle.internal.scope.InternalArtifactType$MERGED_SHADERS     : loaded 3 times (x 74B)
Class com.android.build.gradle.tasks.GenerateResValues                                : loaded 3 times (x 335B)
Class com.android.build.gradle.internal.tasks.PrepareLintJarForPublish$CreationAction$handleProvider$1: loaded 3 times (x 127B)
Class com.android.tools.build.jetifier.processor.transform.proguard.ProGuardClassFilterParser$Companion: loaded 3 times (x 71B)
Class com.android.tools.build.jetifier.processor.TimestampsPolicy                     : loaded 3 times (x 72B)
Class com.android.build.gradle.internal.tasks.featuresplit.PackagedDependenciesWriterTask$CreationAction: loaded 3 times (x 90B)
Class com.android.build.gradle.internal.core.dsl.impl.features.NativeBuildDslInfoImpl$mergeOptions$1: loaded 3 times (x 78B)
Class com.android.build.api.attributes.BuildTypeAttr$Impl                             : loaded 3 times (x 88B)
Class [Lcom.android.build.gradle.internal.dsl.ModulePropertyKey$BooleanWithDefault;   : loaded 3 times (x 69B)
Class com.android.build.gradle.internal.profile.ProfilingMode$Companion               : loaded 3 times (x 71B)
Class org.jetbrains.kotlin.daemon.common.IncrementalCompilationOptions                : loaded 3 times (x 73B)
Class org.jetbrains.kotlin.gradle.targets.js.npm.NpmDependencyExtensionDelegate       : loaded 3 times (x 167B)
Class org.jetbrains.kotlin.gradle.plugin.sources.FragmentConsistencyChecker           : loaded 3 times (x 72B)
Class org.jetbrains.kotlin.gradle.dsl.DefaultToolchainSupport_Decorated               : loaded 3 times (x 120B)
Class org.jetbrains.kotlin.gradle.plugin.HasProject                                   : loaded 3 times (x 70B)
Class org.jetbrains.kotlin.gradle.report.BuildMetricsService$Companion                : loaded 3 times (x 71B)
Class org.jetbrains.kotlin.gradle.targets.native.toolchain.KotlinNativeBundleArtifactFormat$addKotlinNativeBundleConfiguration$1$1: loaded 3 times (x 75B)
Class org.jetbrains.kotlin.gradle.internal.properties.NativePropertiesLoader$jvmArgs$1: loaded 3 times (x 75B)
Class org.jetbrains.kotlin.gradle.tasks.KotlinCompileTool                             : loaded 3 times (x 70B)
Class org.jetbrains.kotlin.gradle.plugin.PropertiesProvider$PropertyNames             : loaded 3 times (x 71B)
Class org.jetbrains.kotlin.gradle.utils.SingleAction$PerformedActions                 : loaded 3 times (x 72B)
Class org.jetbrains.kotlin.gradle.plugin.VariantImplementationFactories$Parameters_Decorated: loaded 3 times (x 130B)
Class org.jetbrains.kotlin.gradle.utils.GradleUtilsKt                                 : loaded 3 times (x 71B)
Class org.jetbrains.kotlin.gradle.plugin.internal.MavenPluginConfigurator$DefaultMavenPluginConfiguratorVariantFactory: loaded 3 times (x 76B)
Class com.android.build.gradle.internal.services.VariantBuilderServices               : loaded 3 times (x 70B)
Class com.android.build.api.extension.impl.OperationsRegistrar                        : loaded 3 times (x 72B)
Class com.android.tools.lint.model.LintModelSeverity                                  : loaded 3 times (x 79B)
Class com.android.build.gradle.internal.dsl.BundleOptionsAbi$AgpDecorated             : loaded 3 times (x 81B)
Class com.android.build.gradle.internal.dsl.ApplicationAndroidResourcesImpl$AgpDecorated: loaded 3 times (x 132B)
Class com.android.builder.core.AbstractProductFlavor$DimensionRequest                 : loaded 3 times (x 72B)
Class com.google.wireless.android.sdk.stats.LldbPerformanceStatsOrBuilder             : loaded 3 times (x 70B)
Class com.android.build.gradle.internal.dsl.LintImpl                                  : loaded 3 times (x 208B)
Class com.android.build.api.dsl.SigningConfig                                         : loaded 3 times (x 70B)
Class com.android.io.CancellableFileIo                                                : loaded 3 times (x 71B)
Class com.google.protobuf.Descriptors$FieldDescriptor                                 : loaded 3 times (x 88B)
Class com.android.build.gradle.internal.attribution.BuildAnalyzerService              : loaded 3 times (x 84B)
Class com.android.build.gradle.internal.DependencyResolutionChecks$registerDependencyCheck$4: loaded 3 times (x 75B)
Class com.android.build.gradle.internal.errors.SyncIssueReporterImpl$GlobalSyncIssueService$Parameters: loaded 3 times (x 70B)
Class com.android.build.api.variant.ComponentIdentity                                 : loaded 3 times (x 70B)
Class com.android.build.gradle.internal.testing.ManagedDeviceRegistry                 : loaded 3 times (x 75B)
Class com.android.build.gradle.internal.tasks.ApplicationTaskManager                  : loaded 3 times (x 84B)
Class com.android.build.gradle.internal.dsl.BaseAppModuleExtension                    : loaded 3 times (x 443B)
Class com.android.build.gradle.AndroidConfig                                          : loaded 3 times (x 70B)
Class com.google.common.base.CharMatcher$RangesMatcher                                : loaded 3 times (x 112B)
Class com.google.wireless.android.sdk.stats.ApkAnalyzerStatsOrBuilder                 : loaded 3 times (x 70B)
Class com.google.wireless.android.sdk.stats.DataBindingEventOrBuilder                 : loaded 3 times (x 70B)
Class com.google.wireless.android.sdk.stats.LogcatUsageEventOrBuilder                 : loaded 3 times (x 70B)
Class com.android.build.gradle.internal.tasks.factory.GlobalTaskCreationConfigImpl$localCustomLintChecks$2: loaded 3 times (x 79B)
Class org.jetbrains.kotlin.descriptors.Visibilities$Unknown                           : loaded 3 times (x 79B)
Class org.jetbrains.kotlin.descriptors.Visibilities$Inherited                         : loaded 3 times (x 79B)
Class org.jetbrains.kotlin.protobuf.Parser                                            : loaded 3 times (x 70B)
Class org.jetbrains.org.objectweb.asm.tree.MethodInsnNode                             : loaded 3 times (x 79B)
Class org.jetbrains.org.objectweb.asm.tree.MethodNode                                 : loaded 3 times (x 109B)
Class org.jetbrains.kotlin.load.kotlin.KotlinJvmBinaryClass                           : loaded 3 times (x 70B)
Class com.android.build.api.artifact.impl.ArtifactsImpl$3$1                           : loaded 3 times (x 80B)
Class com.google.wireless.android.sdk.stats.BackupUsageEventOrBuilder                 : loaded 3 times (x 70B)
Class com.google.wireless.android.sdk.stats.StartupEvent                              : loaded 3 times (x 196B)
Class com.google.wireless.android.sdk.stats.AdbServerStateOrBuilder                   : loaded 3 times (x 70B)
Class com.google.wireless.android.sdk.stats.UpgradeAssistantComponentEventOrBuilder   : loaded 3 times (x 70B)
Class com.google.wireless.android.sdk.stats.WearTileAnimationToolingEventOrBuilder    : loaded 3 times (x 70B)
Class com.google.wireless.android.sdk.stats.SystemHealthEventOrBuilder                : loaded 3 times (x 70B)
Class com.google.wireless.android.sdk.stats.TestRun$AutomaticSnapshotOnFailureOrBuilder: loaded 3 times (x 70B)
Class [Lcom.google.wireless.android.sdk.stats.TestRun$TestKind;                       : loaded 3 times (x 69B)
Class org.jetbrains.kotlin.config.Services                                            : loaded 3 times (x 72B)
Class org.jetbrains.kotlin.gradle.internal.kapt.incremental.KaptClasspathChanges      : loaded 3 times (x 71B)
Class org.jetbrains.kotlin.gradle.internal.kapt.incremental.ClasspathSnapshot$ClasspathSnapshotFactory: loaded 3 times (x 71B)
Class org.jetbrains.kotlin.gradle.tasks.AbstractKotlinCompile$execute$1$1             : loaded 3 times (x 79B)
Class org.jetbrains.kotlin.gradle.tasks.configuration.AbstractKotlinCompileConfig$2$3 : loaded 3 times (x 75B)
Class com.android.build.gradle.internal.core.dsl.impl.features.ManifestPlaceholdersDslInfoImpl: loaded 3 times (x 75B)
Class com.android.build.gradle.internal.lint.ArtifactInput                            : loaded 3 times (x 90B)
Class com.sun.xml.bind.v2.runtime.property.SingleElementNodeProperty                  : loaded 3 times (x 102B)
Class com.android.repository.impl.generated.v2.TypeDetails                            : loaded 3 times (x 75B)
Class com.sun.xml.bind.api.impl.NameConverter$1                                       : loaded 3 times (x 93B)
Class com.sun.xml.bind.v2.model.impl.RuntimeBuiltinLeafInfoImpl$6                     : loaded 3 times (x 136B)
Class com.android.repository.impl.generated.v1.ChannelType                            : loaded 3 times (x 83B)
Class com.android.sdklib.repository.generated.repository.v2.package-info              : loaded 3 times (x 70B)
Class org.jetbrains.kotlin.gradle.plugin.SubpluginEnvironment$addSubpluginOptions$compilerOptions$1: loaded 3 times (x 75B)
Class org.jetbrains.kotlin.gradle.tasks.configuration.BaseKotlinCompileConfig         : loaded 3 times (x 72B)
Class org.jetbrains.kotlin.gradle.plugin.mpp.compilationImpl.factory.KotlinCompilationImplFactory$KotlinCompilationTaskNamesContainerFactory: loaded 3 times (x 70B)
Class com.android.build.gradle.internal.scope.InternalArtifactType$LINT_HTML_REPORT   : loaded 3 times (x 74B)
Class com.android.build.gradle.internal.testing.utp.UtpDependency$13                  : loaded 3 times (x 127B)
Class com.android.build.gradle.internal.services.TaskCreationServicesImpl$sam$java_util_concurrent_Callable$0: loaded 3 times (x 75B)
Class com.android.build.gradle.internal.tasks.CompileArtProfileTask$CreationAction$handleProvider$3: loaded 3 times (x 127B)
Class com.android.build.gradle.internal.res.ConvertResourcesTask                      : loaded 3 times (x 340B)
Class com.android.build.gradle.internal.tasks.OptimizeResourcesTask$CreateAction$handleProvider$operationRequest$1: loaded 3 times (x 127B)
Class com.android.build.gradle.internal.tasks.BundleIdeModelProducerTask$CreationAction$handleProvider$1: loaded 3 times (x 127B)
Class com.android.tools.r8.Version                                                    : loaded 3 times (x 71B)
Class com.android.build.gradle.internal.scope.InternalArtifactType$AP_GENERATED_SOURCES: loaded 3 times (x 74B)
Class com.android.build.api.variant.impl.TaskProviderBasedDirectoryEntryImpl$asFiles$1: loaded 3 times (x 74B)
Class [Lcom.android.builder.compiling.BuildConfigType;                                : loaded 3 times (x 69B)
Class com.android.build.api.variant.impl.ResourcesPackagingImpl                       : loaded 3 times (x 80B)
Class com.android.build.gradle.tasks.ProcessPackagedManifestTask$CreationAction       : loaded 3 times (x 90B)
Class com.android.build.api.artifact.impl.InAndOutDirectoryOperationRequestImpl$Companion: loaded 3 times (x 71B)
Class com.android.build.gradle.tasks.ProcessManifestForMetadataFeatureTask$CreationAction$handleProvider$1: loaded 3 times (x 127B)
Class com.android.build.gradle.internal.core.dsl.impl.InstrumentedTestDslInfoImpl$functionalTest$fromFlavor$1: loaded 3 times (x 78B)
Class com.android.build.gradle.internal.core.dsl.impl.AndroidTestComponentDslInfoImpl : loaded 3 times (x 151B)
Class com.android.build.gradle.internal.core.dsl.impl.ApplicationVariantDslInfoImpl$versionCode$2$2: loaded 3 times (x 75B)
Class com.android.build.gradle.internal.core.dsl.impl.features.NativeBuildDslInfoImpl$mergeOptions$2: loaded 3 times (x 78B)
Class com.android.build.api.variant.AndroidResources                                  : loaded 3 times (x 70B)
Class com.android.build.api.variant.HostTest                                          : loaded 3 times (x 70B)
Class [Lcom.android.build.gradle.internal.publishing.AndroidArtifacts$PublishedConfigType;: loaded 3 times (x 69B)
Class com.android.build.gradle.internal.attributes.VariantAttr$Impl                   : loaded 3 times (x 88B)
Class com.android.build.gradle.internal.core.dsl.impl.features.DexingDslInfoImpl      : loaded 3 times (x 77B)
Class org.jetbrains.kotlin.gradle.utils.FileUtilsKt$fileCollectionFromConfigurableFileTree$1: loaded 3 times (x 79B)
Class org.jetbrains.kotlin.compose.compiler.gradle.ComposeCompilerGradlePluginExtension_Decorated: loaded 3 times (x 129B)
Class org.jetbrains.kotlin.gradle.internal.KotlinDependenciesManagementKt$CustomizeKotlinDependenciesSetupAction$1$coreLibrariesVersion$1: loaded 3 times (x 79B)
Class org.jetbrains.kotlin.gradle.plugin.diagnostics.checkers.CInteropInputChecker$runChecks$1: loaded 3 times (x 88B)
Class org.jetbrains.kotlin.gradle.plugin.internal.DefaultIdeaSyncDetector$isInIdeaSync$1: loaded 3 times (x 75B)
Class org.jetbrains.kotlin.gradle.plugin.KotlinAndroidPlugin$apply$2$1                : loaded 3 times (x 79B)
Class org.jetbrains.kotlin.gradle.plugin.sources.android.configurator.MultiplatformLayoutV1SourceDirConfigurator: loaded 3 times (x 75B)
Class [Lorg.jetbrains.kotlin.gradle.plugin.sources.android.configurator.KotlinAndroidSourceSetConfigurator;: loaded 3 times (x 69B)
Class org.jetbrains.kotlin.gradle.plugin.mpp.KotlinAndroidTarget_Decorated            : loaded 3 times (x 219B)
Class org.jetbrains.kotlin.gradle.plugin.KotlinAndroidPlugin$Companion$dynamicallyApplyWhenAndroidPluginIsApplied$2$1: loaded 3 times (x 75B)
Class org.jetbrains.kotlin.gradle.targets.native.toolchain.KotlinNativeBundleArtifactFormat$setupTransform$3: loaded 3 times (x 74B)
Class org.jetbrains.kotlin.gradle.ExperimentalKotlinGradlePluginApi                   : loaded 3 times (x 70B)
Class org.jetbrains.kotlin.gradle.plugin.KotlinGradleBuildServices$Parameters$Inject_ : loaded 3 times (x 106B)
Class org.jetbrains.kotlin.gradle.internal.properties.NativePropertiesLoader          : loaded 3 times (x 84B)
Class org.jetbrains.kotlin.statistics.metrics.NumberAnonymizationPolicy$SAFE          : loaded 3 times (x 85B)
Class org.jetbrains.kotlin.gradle.plugin.statistics.BuildFusService                   : loaded 3 times (x 84B)
Class org.jetbrains.kotlin.gradle.dsl.KotlinAndroidProjectExtension                   : loaded 3 times (x 103B)
Class com.android.build.gradle.internal.lint.AndroidLintGlobalTask$GlobalCreationAction$Companion: loaded 3 times (x 71B)
Class com.android.build.gradle.internal.tasks.LintCompile$CreationAction              : loaded 3 times (x 91B)
Class com.android.build.gradle.internal.dsl.AndroidTestImpl$AgpDecorated              : loaded 3 times (x 80B)
Class com.android.build.gradle.internal.dsl.PostProcessingBlock                       : loaded 3 times (x 120B)
Class com.android.build.gradle.internal.tasks.factory.GlobalTaskCreationConfigImpl$testOptionExecutionEnum$2: loaded 3 times (x 79B)
Class com.android.build.gradle.internal.dsl.BundleOptionsCodeTransparency$AgpDecorated_Decorated: loaded 3 times (x 125B)
Class com.android.build.gradle.internal.dsl.ManagedDevices$localDevices$1$1           : loaded 3 times (x 75B)
Class com.android.build.gradle.internal.dsl.AarMetadataImpl$AgpDecorated              : loaded 3 times (x 91B)
Class com.android.build.gradle.internal.dsl.AnnotationProcessorOptions$AgpDecorated_Decorated: loaded 3 times (x 149B)
Class com.android.resources.Density                                                   : loaded 3 times (x 92B)
Class com.android.build.gradle.internal.dsl.decorator.SupportedPropertyType           : loaded 3 times (x 73B)
Class com.android.build.gradle.internal.dsl.InternalSigningConfig                     : loaded 3 times (x 70B)
Class com.android.build.gradle.internal.dependency.JacocoInstrumentationService       : loaded 3 times (x 81B)
Class com.android.build.gradle.internal.ide.v2.GlobalSyncService$Parameters_Decorated : loaded 3 times (x 130B)
Class com.android.tools.analytics.StubbableLazy                                       : loaded 3 times (x 76B)
Class com.android.build.gradle.internal.dsl.DependenciesInfoImpl$AgpDecorated_Decorated: loaded 3 times (x 130B)
Class com.android.build.gradle.internal.profile.TaskMetadata                          : loaded 3 times (x 72B)
Class com.android.build.gradle.internal.scope.ProjectInfo$Companion                   : loaded 3 times (x 71B)
Class com.google.gson.internal.bind.DefaultDateTypeAdapter$DateType                   : loaded 3 times (x 73B)
Class com.google.protobuf.Internal$EnumLite                                           : loaded 3 times (x 70B)
Class com.android.build.gradle.internal.AbstractAppTaskManager                        : loaded 3 times (x 84B)
Class com.android.build.gradle.internal.plugins.VersionCheckPlugin                    : loaded 3 times (x 74B)
Class com.android.build.gradle.internal.tasks.factory.TaskManagerConfig               : loaded 3 times (x 70B)
Class com.android.build.gradle.options.Option                                         : loaded 3 times (x 70B)
Class com.google.wireless.android.sdk.stats.PSDEvent                                  : loaded 3 times (x 209B)
Class org.jetbrains.kotlin.protobuf.WireFormat$JavaType                               : loaded 3 times (x 79B)
Class com.android.build.gradle.options.SyncOptions                                    : loaded 3 times (x 71B)
Class org.jetbrains.kotlin.metadata.jvm.deserialization.JvmMemberSignature$Method     : loaded 3 times (x 75B)
Class com.google.wireless.android.sdk.stats.ComposeDeployEvent                        : loaded 3 times (x 194B)
Class com.google.wireless.android.sdk.stats.AppQualityInsightsUsageEvent              : loaded 3 times (x 240B)
Class com.google.wireless.android.sdk.stats.KotlinProjectConfiguration                : loaded 3 times (x 214B)
Class com.google.wireless.android.sdk.stats.FirebaseContextDetails                    : loaded 3 times (x 208B)
Class com.google.wireless.android.sdk.stats.LLDBFrontendDetails                       : loaded 3 times (x 194B)
Class com.google.wireless.android.sdk.stats.SmlGeolocationEventOrBuilder              : loaded 3 times (x 70B)
Class com.google.common.collect.DenseImmutableTable                                   : loaded 3 times (x 138B)
Class org.jetbrains.kotlin.daemon.client.BasicCompilerServicesWithResultsFacadeServerKt$WhenMappings: loaded 3 times (x 71B)
Class org.jetbrains.kotlin.gradle.tasks.configuration.AbstractKotlinCompileConfig$2$4 : loaded 3 times (x 75B)
Class org.jetbrains.kotlin.gradle.tasks.KotlinCompile$scriptSources$1                 : loaded 3 times (x 75B)
Class org.jetbrains.kotlin.build.report.metrics.BuildAttribute$Companion              : loaded 3 times (x 71B)
Class com.android.sdklib.repository.targets.PlatformTarget$Library                    : loaded 3 times (x 72B)
Class com.sun.xml.bind.v2.runtime.reflect.PrimitiveArrayListerDouble                  : loaded 3 times (x 76B)
Class com.sun.xml.bind.v2.runtime.unmarshaller.Loader                                 : loaded 3 times (x 77B)
Class com.sun.xml.bind.api.impl.NameConverter$2                                       : loaded 3 times (x 93B)
Class com.sun.xml.bind.v2.model.impl.RuntimeBuiltinLeafInfoImpl$7                     : loaded 3 times (x 136B)
Class com.sun.xml.bind.v2.model.runtime.RuntimeClassInfo                              : loaded 3 times (x 70B)
Class com.android.sdklib.repository.generated.repository.v3.LayoutlibType             : loaded 3 times (x 74B)
Class org.jetbrains.kotlin.gradle.plugin.diagnostics.checkers.CInteropInputChecker$runChecks$2: loaded 3 times (x 75B)
Class com.google.gson.TypeAdapterFactory                                              : loaded 3 times (x 70B)
Class org.jetbrains.kotlin.gradle.tasks.configuration.KaptGenerateStubsConfig$Companion: loaded 3 times (x 71B)
Class com.android.build.gradle.internal.publishing.PublishingSpecs$Companion          : loaded 3 times (x 71B)
Class org.jetbrains.kotlin.gradle.internal.KotlinTestDependencyManagementKt$maybeAddTestDependencyCapability$1: loaded 3 times (x 75B)
Class org.jetbrains.kotlin.gradle.plugin.mpp.compilationImpl.factory.DefaultKotlinCompilationDependencyConfigurationsFactory$WithRuntime: loaded 3 times (x 76B)
Class com.android.build.gradle.internal.lint.AndroidLintTask$LintVitalCreationAction  : loaded 3 times (x 95B)
Class com.android.build.gradle.internal.lint.AndroidLintTask$SingleVariantCreationAction$Companion$registerLintReportArtifacts$1: loaded 3 times (x 127B)
Class com.android.build.gradle.internal.testing.utp.UtpDependency$14                  : loaded 3 times (x 127B)
Class com.android.build.gradle.internal.tasks.ExpandArtProfileWildcardsTask           : loaded 3 times (x 338B)
Class com.android.build.gradle.internal.tasks.OptimizeResourcesTask$CreateAction$handleProvider$operationRequest$2: loaded 3 times (x 127B)
Class com.android.build.gradle.internal.scope.InternalArtifactType$APK_FROM_BUNDLE_IDE_REDIRECT_FILE: loaded 3 times (x 74B)
Class com.android.build.gradle.internal.tasks.CompileArtProfileTask$CreationAction$handleProvider$4: loaded 3 times (x 127B)
Class com.android.build.api.variant.impl.SourcesImpl$renderscript$2                   : loaded 3 times (x 79B)
Class com.android.build.gradle.internal.res.LinkApplicationAndroidResourcesTask$BaseCreationAction$handleProvider$4: loaded 3 times (x 127B)
Class com.android.build.gradle.internal.core.dsl.impl.features.NativeBuildDslInfoImpl$mergeOptions$3: loaded 3 times (x 78B)
Class com.android.build.gradle.internal.variant.BaseVariantData$WhenMappings          : loaded 3 times (x 71B)
Class com.android.build.api.component.impl.JavaCompilationImpl                        : loaded 3 times (x 75B)
Class com.android.build.api.variant.impl.HostTestBuilderImpl$Companion                : loaded 3 times (x 71B)
Class com.google.common.collect.ImmutableSortedSetFauxverideShim                      : loaded 3 times (x 147B)
Class org.jetbrains.kotlin.gradle.plugin.diagnostics.CheckKotlinGradlePluginConfigurationErrorsKt: loaded 3 times (x 71B)
Class org.jetbrains.kotlin.gradle.targets.js.npm.NpmDependencyExtensionKt$AddNpmDependencyExtensionProjectSetupAction$1$WhenMappings: loaded 3 times (x 71B)
Class org.jetbrains.kotlin.gradle.plugin.sources.android.KotlinAndroidSourceSetLayoutKt$singleTargetAndroidSourceSetLayout$1: loaded 3 times (x 78B)
Class org.jetbrains.kotlin.gradle.plugin.mpp.KotlinJvmAndroidCompilation              : loaded 3 times (x 198B)
Class org.jetbrains.kotlin.gradle.targets.CreateDefaultCompilationsSideEffectKt$CreateDefaultCompilationsSideEffect$1: loaded 3 times (x 74B)
Class org.jetbrains.kotlin.gradle.targets.native.internal.AddKotlinPlatformIntegersSupportLibraryKt$AddKotlinPlatformIntegersSupportLibrary$1: loaded 3 times (x 95B)
Class org.jetbrains.kotlin.gradle.plugin.mpp.ApplyUserDefinedAttributesKt             : loaded 3 times (x 71B)
Class org.jetbrains.kotlin.tooling.core.TypeUtils$WhenMappings                        : loaded 3 times (x 71B)
Class org.jetbrains.kotlin.gradle.utils.FutureImpl                                    : loaded 3 times (x 80B)
Class org.jetbrains.kotlin.gradle.internal.properties.NativePropertiesLoader$isToolchainEnabled$1: loaded 3 times (x 75B)
Class [Lorg.jetbrains.kotlin.statistics.metrics.NumericalMetrics;                     : loaded 3 times (x 69B)
Class com.android.build.gradle.internal.dsl.VcsInfoImpl$AgpDecorated_Decorated        : loaded 3 times (x 125B)
Class com.android.build.gradle.internal.dsl.BuildType$AgpDecorated                    : loaded 3 times (x 375B)
Class com.android.build.gradle.internal.dsl.DensitySplitOptions$AgpDecorated          : loaded 3 times (x 105B)
Class com.android.build.gradle.internal.dsl.ManagedDevices$localDevices$1$2           : loaded 3 times (x 75B)
Class com.android.build.gradle.internal.dsl.decorator.DslDecorator$ClassInfoVisitor   : loaded 3 times (x 70B)
Class com.android.build.gradle.api.JavaCompileOptions                                 : loaded 3 times (x 70B)
Class org.bouncycastle.jce.provider.BouncyCastleProvider                              : loaded 3 times (x 169B)
Class com.android.build.api.dsl.DynamicFeatureBuildType                               : loaded 3 times (x 70B)
Class com.google.wireless.android.sdk.stats.GradleBuildMemorySampleOrBuilder          : loaded 3 times (x 70B)
Class com.google.gson.internal.bind.ReflectiveTypeAdapterFactory$1                    : loaded 3 times (x 79B)
Class com.google.common.base.CharMatcher$JavaLetterOrDigit                            : loaded 3 times (x 111B)
Class com.google.wireless.android.sdk.stats.UiToolsPreferencesEvent                   : loaded 3 times (x 204B)
Class com.android.build.gradle.internal.attribution.BuildAnalyzerPartialResult        : loaded 3 times (x 72B)
Class org.jetbrains.kotlin.descriptors.Visibilities$PrivateToThis                     : loaded 3 times (x 79B)
Class org.jetbrains.kotlin.metadata.ProtoBuf$Property$Builder                         : loaded 3 times (x 173B)
Class org.jetbrains.kotlin.protobuf.SmallSortedMap$1                                  : loaded 3 times (x 130B)
Class org.jetbrains.org.objectweb.asm.tree.IntInsnNode                                : loaded 3 times (x 78B)
Class kotlin.collections.EmptyList                                                    : loaded 3 times (x 174B)
Class kotlin.collections.MapsKt__MapsJVMKt                                            : loaded 3 times (x 71B)
Class com.google.wireless.android.sdk.stats.WearTileAnimationToolingEvent             : loaded 3 times (x 196B)
Class com.google.wireless.android.sdk.stats.AndroidTestRetentionEventOrBuilder        : loaded 3 times (x 70B)
Class com.google.wireless.android.sdk.stats.GradleSyncStatsOrBuilder                  : loaded 3 times (x 70B)
Class org.jetbrains.kotlin.gradle.plugin.KotlinCompilerArgumentsProducer$DefaultImpls : loaded 3 times (x 71B)
Class org.jetbrains.kotlin.gradle.tasks.configuration.AbstractKotlinCompileConfig$2$5 : loaded 3 times (x 75B)
Class com.android.build.gradle.internal.lint.ProjectInputs$initializeFromProject$1    : loaded 3 times (x 74B)
Class com.android.build.gradle.internal.scope.BootClasspathBuilder$computeAdditionalAndRequestedOptionalLibraries$4$1: loaded 3 times (x 79B)
Class com.sun.xml.bind.v2.model.impl.RuntimeBuiltinLeafInfoImpl$8                     : loaded 3 times (x 136B)
Class com.sun.xml.bind.api.ErrorListener                                              : loaded 3 times (x 70B)
Class com.sun.istack.FinalArrayList                                                   : loaded 3 times (x 209B)
Class com.android.sdklib.repository.generated.repository.v2.ObjectFactory             : loaded 3 times (x 79B)
Class com.android.build.gradle.internal.SdkComponentsBuildService$VersionedSdkLoader$targetBootClasspathProvider$1: loaded 3 times (x 75B)
Class com.android.build.gradle.internal.dependency.AndroidAttributes$toAttributeMapString$$inlined$sortedBy$1: loaded 3 times (x 89B)
Class org.jetbrains.kotlin.gradle.tasks.CompileUsingKotlinDaemonWithNormalization     : loaded 3 times (x 70B)
Class org.jetbrains.kotlin.gradle.plugin.mpp.compilationImpl.factory.KotlinCompilationImplFactory$PostConfigure$Companion: loaded 3 times (x 71B)
Class com.android.build.gradle.internal.cxx.configure.Ninja                           : loaded 3 times (x 72B)
Class com.android.build.gradle.internal.lint.AndroidLintTask$SingleVariantCreationAction$Companion$registerLintReportArtifacts$2: loaded 3 times (x 127B)
Class com.google.gson.internal.bind.JsonTreeReader                                    : loaded 3 times (x 98B)
Class com.android.build.gradle.internal.AndroidTestTaskManager$createConnectedTestForVariant$connectedCheckSerials$1: loaded 3 times (x 74B)
Class com.android.build.api.variant.impl.SigningConfigImpl$keyPassword$1              : loaded 3 times (x 75B)
Class com.android.ide.common.gradle.Separator                                         : loaded 3 times (x 79B)
Class com.android.build.api.artifact.ScopedArtifact$JAVA_RES                          : loaded 3 times (x 74B)
Class com.android.build.api.variant.impl.ManifestFilesImpl$all$1                      : loaded 3 times (x 74B)
Class com.android.build.gradle.tasks.GenerateManifestJarTask                          : loaded 3 times (x 336B)
Class com.android.tools.build.jetifier.processor.com.android.tools.build.jetifier.processor.transform.java.JavaTransformer: loaded 3 times (x 77B)
Class com.android.build.api.component.impl.DeviceTestImpl$instrumentationRunner$2     : loaded 3 times (x 79B)
Class com.android.build.api.component.impl.DeviceTestImpl_Decorated                   : loaded 3 times (x 751B)
Class com.android.build.api.component.impl.DeviceTestImpl                             : loaded 3 times (x 695B)
Class com.android.build.gradle.internal.core.dsl.impl.features.NativeBuildDslInfoImpl$mergeOptions$4: loaded 3 times (x 78B)
Class com.android.build.api.variant.BundleConfig                                      : loaded 3 times (x 70B)
Class [Lcom.android.build.gradle.internal.dsl.ModulePropertyKey;                      : loaded 3 times (x 69B)
Class com.android.build.api.dsl.LibraryBuildFeatures                                  : loaded 3 times (x 70B)
Class org.jetbrains.kotlin.gradle.internal.KotlinDomApiDependencyManagementKt$configureKotlinDomApiDefaultDependency$1: loaded 3 times (x 79B)
Class org.jetbrains.kotlin.gradle.targets.js.npm.DefaultDevNpmDependencyExtension     : loaded 3 times (x 145B)
Class [Lorg.jetbrains.kotlin.gradle.plugin.HasKotlinDependencies;                     : loaded 3 times (x 69B)
Class org.jetbrains.kotlin.gradle.tasks.DefaultKotlinJavaToolchain$Companion$wireJvmTargetToToolchain$1: loaded 3 times (x 75B)
Class org.jetbrains.kotlin.gradle.plugin.diagnostics.checkers.JsLikeEnvironmentChecker: loaded 3 times (x 76B)
Class org.jetbrains.kotlin.gradle.plugin.KotlinPlatformType                           : loaded 3 times (x 82B)
Class org.jetbrains.kotlin.gradle.plugin.KotlinGradleBuildServices$Companion          : loaded 3 times (x 71B)
Class org.jetbrains.kotlin.gradle.internal.properties.PropertiesBuildServiceKt        : loaded 3 times (x 71B)
Class com.android.build.gradle.internal.dsl.Splits$AgpDecorated                       : loaded 3 times (x 94B)
Class com.android.build.gradle.internal.dsl.decorator.DslDecorator$findAbstractProperties$1$2: loaded 3 times (x 78B)
Class com.google.gson.internal.bind.TypeAdapters$30                                   : loaded 3 times (x 76B)
Class com.android.build.api.dsl.BundleDensity                                         : loaded 3 times (x 70B)
Class com.android.builder.internal.BaseConfigImpl                                     : loaded 3 times (x 115B)
Class com.android.build.api.dsl.AndroidSourceSet                                      : loaded 3 times (x 70B)
Class com.android.build.gradle.internal.SdkComponentsBuildService                     : loaded 3 times (x 80B)
Class [Lcom.android.prefs.VariableValue;                                              : loaded 3 times (x 69B)
Class com.android.build.gradle.internal.utils.EnvironmentProviderImpl                 : loaded 3 times (x 78B)
Class com.android.build.gradle.internal.services.Aapt2ThreadPoolBuildService          : loaded 3 times (x 80B)
Class com.google.wireless.android.sdk.stats.GradleBuildProfileSpan$ExecutionType$1    : loaded 3 times (x 76B)
Class com.android.utils.ILogger                                                       : loaded 3 times (x 70B)
Class com.google.protobuf.Extension$ExtensionType                                     : loaded 3 times (x 79B)
Class com.google.protobuf.AbstractMessageLite$Builder$LimitedInputStream              : loaded 3 times (x 92B)
Class com.android.buildanalyzer.common.TaskCategoryIssue                              : loaded 3 times (x 79B)
Class com.android.build.gradle.options.StringOption                                   : loaded 3 times (x 86B)
Class com.android.builder.model.Dependencies                                          : loaded 3 times (x 70B)
Class com.google.common.util.concurrent.ListeningExecutorService                      : loaded 3 times (x 70B)
Class [Lcom.android.build.gradle.internal.attribution.BuildAnalyzerConfiguratorService$State;: loaded 3 times (x 69B)
Class org.jetbrains.kotlin.metadata.jvm.JvmProtoBuf$StringTableTypes$Record$Operation : loaded 3 times (x 82B)
Class com.android.utils.NullLogger                                                    : loaded 3 times (x 85B)
Class kotlin.jvm.KotlinReflectionNotSupportedError                                    : loaded 3 times (x 82B)
Class org.jetbrains.kotlin.protobuf.BoundedByteString                                 : loaded 3 times (x 112B)
Class org.jetbrains.kotlin.metadata.ProtoBuf$Annotation$Builder                       : loaded 3 times (x 136B)
Class com.google.wireless.android.sdk.stats.AndroidStudioEvent$EventKind$1            : loaded 3 times (x 76B)
Class com.google.wireless.android.sdk.stats.SoongSyncStats                            : loaded 3 times (x 206B)
Class com.google.wireless.android.sdk.stats.AdbAssistantStatsOrBuilder                : loaded 3 times (x 70B)
Class com.google.wireless.android.sdk.stats.TestRun$TestInvocationType$1              : loaded 3 times (x 76B)
Class com.google.wireless.android.sdk.stats.TestLibraries$1                           : loaded 3 times (x 151B)
Class org.jetbrains.kotlin.daemon.client.KotlinCompilerClient$GcAutoConfiguration     : loaded 3 times (x 72B)
Class org.jetbrains.kotlin.gradle.internal.kapt.incremental.ClasspathEntryData        : loaded 3 times (x 72B)
Class com.google.devtools.ksp.gradle.KspSubpluginKt$createIncrementalChangesTransformer$1: loaded 3 times (x 79B)
Class com.android.build.gradle.internal.tasks.ProcessJavaResTaskKt$getProjectJavaRes$3$1: loaded 3 times (x 74B)
Class javax.xml.bind.annotation.XmlSchemaType$DEFAULT                                 : loaded 3 times (x 71B)
Class com.sun.xml.bind.v2.model.annotation.XmlSchemaTypeQuick                         : loaded 3 times (x 93B)
Class com.sun.xml.bind.v2.model.impl.RuntimeBuiltinLeafInfoImpl$10                    : loaded 3 times (x 136B)
Class com.sun.xml.bind.v2.model.impl.RuntimeBuiltinLeafInfoImpl$9                     : loaded 3 times (x 136B)
Class com.sun.xml.bind.v2.runtime.BridgeImpl                                          : loaded 3 times (x 87B)
Class com.android.repository.api.ProgressIndicator                                    : loaded 3 times (x 70B)
Class com.android.build.gradle.internal.dependency.AndroidAttributes$toAttributeMapString$$inlined$sortedBy$2: loaded 3 times (x 89B)
Class com.android.build.gradle.internal.dsl.InternalBuildType                         : loaded 3 times (x 70B)
Class org.jetbrains.kotlin.gradle.plugin.diagnostics.TransformActionUsingKotlinToolingDiagnostics$Companion: loaded 3 times (x 71B)
Class org.jetbrains.kotlin.gradle.plugin.BuildFinishedListenerService$Companion$registerIfAbsent$1: loaded 3 times (x 74B)
Class org.jetbrains.kotlin.gradle.plugin.mpp.DefaultKotlinCompilationOutput           : loaded 3 times (x 82B)
Class com.android.build.gradle.internal.dependency.EnumerateClassesTransform$Inject_1 : loaded 3 times (x 109B)
Class com.android.build.gradle.internal.dependency.IdentityTransform$Inject_1         : loaded 3 times (x 109B)
Class com.android.build.gradle.internal.scope.InternalArtifactType$LINT_VITAL_RETURN_VALUE: loaded 3 times (x 74B)
Class com.android.build.gradle.internal.lint.LintTaskManager$createLintTasks$2$1      : loaded 3 times (x 75B)
Class com.android.build.gradle.internal.lint.AndroidLintTask$SingleVariantCreationAction$Companion$registerLintReportArtifacts$3: loaded 3 times (x 127B)
Class com.android.build.gradle.internal.variant.DefaultFlavorComparator               : loaded 3 times (x 89B)
Class com.android.build.gradle.internal.tasks.PerModuleReportDependenciesTask$CreationAction$handleProvider$1: loaded 3 times (x 127B)
Class com.android.build.gradle.tasks.PackageApplication$CreationAction$handleProvider$1: loaded 3 times (x 125B)
Class com.android.build.gradle.internal.scope.InternalArtifactType$MODULE_BUNDLE      : loaded 3 times (x 74B)
Class com.android.build.gradle.internal.tasks.featuresplit.FeatureSetMetadataWriterTask$CreationAction: loaded 3 times (x 90B)
Class com.android.build.gradle.internal.tasks.ProcessJavaResTask                      : loaded 3 times (x 574B)
Class com.android.build.gradle.tasks.GenerateManifestJarTask$CreationAction$handleProvider$1: loaded 3 times (x 127B)
Class com.android.build.api.component.impl.features.InstrumentationCreationConfigImpl$projectClassesPostInstrumentation$2: loaded 3 times (x 79B)
Class com.android.build.gradle.internal.AndroidTestTaskManager$createMockableJarTask$1: loaded 3 times (x 75B)
Class com.android.build.gradle.internal.variant.BaseVariantData$DiscoverableFilterType: loaded 3 times (x 80B)
Class com.android.build.api.variant.impl.BundleConfigImpl$metadataFiles$1             : loaded 3 times (x 78B)
Class com.android.build.gradle.internal.component.features.PrivacySandboxCreationConfig: loaded 3 times (x 70B)
Class com.android.build.api.variant.DeviceTestBuilder                                 : loaded 3 times (x 70B)
Class com.android.build.gradle.internal.core.dsl.impl.VariantDslInfoImpl              : loaded 3 times (x 143B)
Class com.android.build.gradle.internal.api.DefaultAndroidSourceDirectorySet$getSourceDirectoryTrees$1: loaded 3 times (x 79B)
Class org.jetbrains.kotlin.gradle.plugin.diagnostics.ToolingDiagnosticRenderingOptions$Companion: loaded 3 times (x 71B)
Class org.jetbrains.kotlin.gradle.dsl.KotlinJvmCompilerOptionsHelper                  : loaded 3 times (x 71B)
Class org.jetbrains.kotlin.gradle.tasks.DefaultKotlinJavaToolchain$Companion$wireJvmTargetToToolchain$2: loaded 3 times (x 75B)
Class org.jetbrains.kotlin.gradle.plugin.ProjectLocalConfigurations$ProjectLocalDisambiguation: loaded 3 times (x 76B)
Class org.jetbrains.kotlin.gradle.plugin.mpp.apple.swiftexport.internal.SwiftExportInitKt: loaded 3 times (x 71B)
Class org.jetbrains.kotlin.gradle.plugin.KotlinGradleBuildServices$detectKotlinPluginLoadedInMultipleProjects$onRegister$1$1: loaded 3 times (x 75B)
Class org.jetbrains.kotlin.gradle.internal.properties.PropertiesBuildService$NullableStringGradleProperty: loaded 3 times (x 76B)
Class org.jetbrains.kotlin.gradle.internal.properties.PropertiesBuildService$Inject_  : loaded 3 times (x 96B)
Class org.jetbrains.kotlin.gradle.plugin.internal.IdeaSyncDetector                    : loaded 3 times (x 70B)
Class org.jetbrains.kotlin.gradle.plugin.internal.ConfigurationCacheStartParameterAccessor$Factory: loaded 3 times (x 70B)
Class com.android.build.gradle.internal.dsl.decorator.DslDecorator$findAbstractProperties$1$3: loaded 3 times (x 78B)
Class com.android.build.gradle.internal.dsl.SigningConfig                             : loaded 3 times (x 147B)
Class com.android.build.gradle.api.AnnotationProcessorOptions                         : loaded 3 times (x 70B)
Class com.android.build.gradle.internal.dsl.CoreBuildType                             : loaded 3 times (x 70B)
Class com.android.build.gradle.internal.services.FakeDependencyJarBuildService$Params_Decorated: loaded 3 times (x 130B)
Class com.google.gson.ToNumberStrategy                                                : loaded 3 times (x 70B)
Class com.google.gson.TypeAdapter                                                     : loaded 3 times (x 73B)
Class com.android.ide.common.signing.KeytoolException                                 : loaded 3 times (x 84B)
Class com.android.build.api.dsl.TestDefaultConfig                                     : loaded 3 times (x 70B)
Class com.android.build.gradle.api.KotlinMultiplatformAndroidPlugin                   : loaded 3 times (x 76B)
Class com.android.build.gradle.internal.dsl.decorator.SupportedPropertyType$Var$NullableInt: loaded 3 times (x 74B)
Class com.android.build.api.variant.HasDeviceTests                                    : loaded 3 times (x 70B)
Class com.android.build.api.dsl.ApplicationBaseFlavor                                 : loaded 3 times (x 70B)
Class com.android.build.gradle.internal.dsl.BaselineProfileImpl$AgpDecorated_Decorated: loaded 3 times (x 128B)
Class com.android.build.gradle.internal.core.dsl.features.DeviceTestOptionsDslInfo    : loaded 3 times (x 70B)
Class com.android.utils.FileUtils                                                     : loaded 3 times (x 71B)
Class com.android.build.api.dsl.VariantDimension                                      : loaded 3 times (x 70B)
Class org.jetbrains.kotlin.descriptors.Visibilities$InvisibleFake                     : loaded 3 times (x 79B)
Class org.jetbrains.kotlin.protobuf.UninitializedMessageException                     : loaded 3 times (x 84B)
Class org.jetbrains.kotlin.metadata.jvm.deserialization.JvmNameResolverKt             : loaded 3 times (x 71B)
Class org.jetbrains.kotlin.metadata.ProtoBuf$TypeParameter$Variance                   : loaded 3 times (x 82B)
Class org.jetbrains.kotlin.gradle.dsl.KotlinProjectExtension                          : loaded 3 times (x 98B)
Class org.jetbrains.kotlin.gradle.plugin.VariantImplementationFactories$Companion$getProvider$1: loaded 3 times (x 75B)
Class org.jetbrains.kotlin.gradle.internal.properties.PropertiesBuildService$BooleanGradleProperty: loaded 3 times (x 76B)
Class org.jetbrains.kotlin.gradle.plugin.statistics.BuildFinishMetrics$reportGlobalMetrics$1: loaded 3 times (x 79B)
Class com.google.wireless.android.sdk.stats.BuildAttributionUiEvent                   : loaded 3 times (x 215B)
Class com.google.wireless.android.sdk.stats.WhatsNewAssistantEvent                    : loaded 3 times (x 194B)
Class com.google.wireless.android.sdk.stats.GradlePluginDslUsageStats                 : loaded 3 times (x 198B)
Class com.google.wireless.android.sdk.stats.ComposePreviewLiteModeEventOrBuilder      : loaded 3 times (x 70B)
Class com.google.wireless.android.sdk.stats.EditorPickerEventOrBuilder                : loaded 3 times (x 70B)
Class com.google.wireless.android.sdk.stats.DaggerEditorEventOrBuilder                : loaded 3 times (x 70B)
Class com.android.build.gradle.internal.AndroidJarInput$getAndroidJar$1               : loaded 3 times (x 74B)
Class org.jetbrains.kotlin.gradle.plugin.diagnostics.CheckKotlinGradlePluginConfigurationErrors_Decorated: loaded 3 times (x 367B)
Class com.android.build.gradle.tasks.JavaPreCompileTask$CreationAction$configure$2    : loaded 3 times (x 74B)
Class org.jetbrains.kotlin.gradle.plugin.statistics.KotlinBuildStatsBeanService$Companion$initStatsService$1: loaded 3 times (x 79B)
Class com.android.build.gradle.internal.tasks.ProcessJavaResTaskKt$getProjectJavaRes$3$2: loaded 3 times (x 74B)
Class com.android.repository.impl.meta.SchemaModuleUtil$NamespaceFallbackFilter       : loaded 3 times (x 153B)
Class [Lcom.sun.xml.bind.v2.runtime.unmarshaller.Scope;                               : loaded 3 times (x 69B)
Class com.android.repository.impl.generated.generic.v2.GenericDetailsType             : loaded 3 times (x 76B)
Class com.sun.xml.bind.v2.model.impl.RuntimeBuiltinLeafInfoImpl$11                    : loaded 3 times (x 136B)
Class com.sun.xml.bind.v2.model.runtime.RuntimeEnumLeafInfo                           : loaded 3 times (x 70B)
Class com.sun.xml.bind.v2.model.core.ElementInfo                                      : loaded 3 times (x 70B)
Class javax.xml.bind.GetPropertyAction                                                : loaded 3 times (x 75B)
Class com.android.repository.api.Checksum                                             : loaded 3 times (x 80B)
Class com.android.build.gradle.internal.PlatformComponents$Companion                  : loaded 3 times (x 71B)
Class [Lcom.android.build.gradle.internal.dependency.ArtifactCollectionWithExtraArtifact$ExtraArtifactType;: loaded 3 times (x 69B)
Class com.android.build.gradle.internal.scope.InternalArtifactType$SUPPORTED_LOCALE_LIST: loaded 3 times (x 74B)
Class com.android.build.gradle.internal.scope.ArtifactPublishingUtil                  : loaded 3 times (x 71B)
Class org.jetbrains.kotlin.gradle.plugin.AndroidProjectHandler$preprocessVariant$1    : loaded 3 times (x 79B)
Class org.jetbrains.kotlin.gradle.plugin.mpp.compilationImpl.KotlinCompilationSourceSetInclusion$DefaultAddSourcesToCompileTask$addSources$1: loaded 3 times (x 79B)
Class com.android.build.gradle.internal.dependency.BaseDexingTransform                : loaded 3 times (x 80B)
Class com.android.build.gradle.internal.cxx.logging.ThreadLoggingEnvironment$Companion$loggerStack$1: loaded 3 times (x 74B)
Class com.android.build.gradle.internal.PropertiesValueSource                         : loaded 3 times (x 78B)
Class com.android.build.gradle.internal.lint.AndroidLintTask$SingleVariantCreationAction$Companion$registerLintReportArtifacts$4: loaded 3 times (x 127B)
Class com.android.build.gradle.internal.tasks.MergeStartupProfileTask                 : loaded 3 times (x 336B)
Class com.android.build.gradle.internal.tasks.ExtractNativeDebugMetadataTask$FullCreationAction$handleProvider$1: loaded 3 times (x 127B)
Class com.android.build.gradle.internal.AndroidTestTaskManager$createMockableJarTask$2: loaded 3 times (x 75B)
Class com.android.build.api.component.impl.DeviceTestImpl$pseudoLocalesEnabled$2      : loaded 3 times (x 79B)
Class com.android.build.gradle.internal.core.dsl.impl.DslInfoCommonKt                 : loaded 3 times (x 71B)
Class com.android.build.api.variant.impl.ApplicationVariantImpl$signingConfig$2       : loaded 3 times (x 79B)
Class com.android.build.api.variant.impl.VariantOutputList                            : loaded 3 times (x 173B)
Class com.android.build.gradle.internal.services.VariantBuilderServices$Value         : loaded 3 times (x 70B)
Class com.android.build.gradle.internal.variant.VariantPathHelper$renderscriptObjOutputDir$2: loaded 3 times (x 79B)
Class org.jetbrains.kotlin.gradle.plugin.internal.IdeaPropertiesEvaluator             : loaded 3 times (x 72B)
Class org.jetbrains.kotlin.gradle.plugin.diagnostics.KotlinToolingDiagnosticsCollector$Inject_: loaded 3 times (x 96B)
Class org.jetbrains.kotlin.gradle.plugin.diagnostics.checkers.WasmSourceSetsNotFoundChecker$wasmSourceSetRegex$2: loaded 3 times (x 78B)
Class org.jetbrains.kotlin.gradle.plugin.mpp.compilationImpl.KotlinCompilationSideEffect: loaded 3 times (x 70B)
Class org.jetbrains.kotlin.gradle.plugin.KotlinGradlePluginExtensionPoint             : loaded 3 times (x 70B)
Class org.jetbrains.kotlin.tooling.core.ExtrasUtilsKt                                 : loaded 3 times (x 71B)
Class org.jetbrains.kotlin.buildtools.api.ExperimentalBuildToolsApi                   : loaded 3 times (x 70B)
Class org.jetbrains.kotlin.gradle.utils.ResourceUtilsKt                               : loaded 3 times (x 71B)
Class org.jetbrains.kotlin.gradle.plugin.KotlinPluginWrapperKt$kotlinPluginVersionFromResources$1: loaded 3 times (x 78B)
Class com.android.build.gradle.internal.dsl.PrivacySandboxImpl$AgpDecorated           : loaded 3 times (x 81B)
Class com.android.build.gradle.internal.core.Abi                                      : loaded 3 times (x 79B)
Class com.android.build.gradle.internal.dsl.DataBindingOptions$AgpDecorated_Decorated : loaded 3 times (x 163B)
Class com.android.build.gradle.internal.api.artifact.SourceArtifactType$ML_MODELS     : loaded 3 times (x 74B)
Class com.android.builder.model.v2.CustomSourceDirectory                              : loaded 3 times (x 70B)
Class org.jetbrains.kotlin.statistics.metrics.StringOverridePolicy$OVERRIDE_VERSION_IF_NOT_SET: loaded 3 times (x 85B)
Class com.android.build.gradle.internal.dsl.BundleOptionsAbi                          : loaded 3 times (x 77B)
Class com.android.build.gradle.internal.services.VersionedSdkLoaderService$versionedSdkLoader$2: loaded 3 times (x 79B)
Class com.android.build.gradle.internal.services.ClassesHierarchyBuildService$RegistrationAction: loaded 3 times (x 74B)
Class com.android.build.gradle.internal.services.AndroidLocationsBuildService$AndroidLocations: loaded 3 times (x 82B)
Class com.google.protobuf.CodedInputStream$IterableDirectByteBufferDecoder            : loaded 3 times (x 120B)
Class com.google.protobuf.Internal$DoubleList                                         : loaded 3 times (x 70B)
Class com.android.build.gradle.api.PrivacySandboxSdkPlugin                            : loaded 3 times (x 74B)
Class com.android.build.gradle.LibraryPlugin                                          : loaded 3 times (x 76B)
Class com.android.build.gradle.internal.plugins.BasePlugin$globalConfig$2             : loaded 3 times (x 79B)
Class com.android.build.gradle.internal.plugins.BasePlugin$variantApiOperations$2     : loaded 3 times (x 79B)
Class com.android.build.gradle.internal.plugins.AndroidPluginBaseServices$configuratorService$2: loaded 3 times (x 79B)
Class com.android.build.api.variant.GeneratesApk                                      : loaded 3 times (x 70B)
Class com.android.build.gradle.internal.dsl.TestedExtensionImpl                       : loaded 3 times (x 328B)
Class com.android.build.gradle.internal.services.BuildServicesKt                      : loaded 3 times (x 71B)
Class org.jetbrains.kotlin.gradle.plugin.KotlinGradlePluginExtensionPointInternal     : loaded 3 times (x 76B)
Class com.google.gson.internal.ConstructorConstructor                                 : loaded 3 times (x 72B)
Class org.jetbrains.kotlin.descriptors.Named                                          : loaded 3 times (x 70B)
Class com.google.gson.Gson$4                                                          : loaded 3 times (x 76B)
Class org.jetbrains.kotlin.metadata.ProtoBuf$Visibility$1                             : loaded 3 times (x 74B)
Class org.jetbrains.kotlin.metadata.jvm.JvmProtoBuf$StringTableTypes$Record$Operation$1: loaded 3 times (x 74B)
Class kotlin.collections.IndexingIterable                                             : loaded 3 times (x 79B)
Class org.jetbrains.kotlin.metadata.deserialization.NameResolver                      : loaded 3 times (x 70B)
Class org.jetbrains.kotlin.protobuf.GeneratedMessageLite$ExtensionDescriptor          : loaded 3 times (x 84B)
Class org.jetbrains.kotlin.protobuf.InvalidProtocolBufferException                    : loaded 3 times (x 84B)
Class org.jetbrains.org.objectweb.asm.tree.JumpInsnNode                               : loaded 3 times (x 78B)
Class org.jetbrains.kotlin.gradle.plugin.KotlinTargetComponent                        : loaded 3 times (x 70B)
Class kotlin.collections.ArraysKt__ArraysKt                                           : loaded 3 times (x 71B)
Class com.android.buildanalyzer.common.AndroidGradlePluginAttributionData$TaskInfo    : loaded 3 times (x 72B)
Class com.google.wireless.android.sdk.stats.UpgradeAssistantProcessorEvent            : loaded 3 times (x 216B)
Class com.google.wireless.android.sdk.stats.KotlinSupportOrBuilder                    : loaded 3 times (x 70B)
Class com.google.wireless.android.sdk.stats.MemoryUsageReportEventOrBuilder           : loaded 3 times (x 70B)
Class com.android.build.gradle.tasks.AndroidAnalyticsTestListener                     : loaded 3 times (x 82B)
Class org.jetbrains.kotlin.compilerRunner.CompilerExecutionSettings$Companion         : loaded 3 times (x 71B)
Class com.android.build.gradle.tasks.JavaPreCompileTask$CreationAction$configure$2$1  : loaded 3 times (x 74B)
Class org.jetbrains.kotlin.gradle.tasks.UsesKotlinJavaToolchain$DefaultImpls          : loaded 3 times (x 71B)
Class org.jetbrains.kotlin.build.report.metrics.BuildAttributeKind$Companion          : loaded 3 times (x 71B)
Class com.android.build.api.variant.BuiltArtifacts                                    : loaded 3 times (x 70B)
Class com.android.build.gradle.internal.tasks.ProcessJavaResTaskKt$getProjectJavaRes$3$3: loaded 3 times (x 75B)
Class com.sun.xml.bind.v2.runtime.property.ArrayElementProperty                       : loaded 3 times (x 105B)
Class com.sun.xml.bind.api.impl.NameUtil                                              : loaded 3 times (x 80B)
Class com.sun.xml.bind.v2.util.ByteArrayOutputStreamEx                                : loaded 3 times (x 94B)
Class com.sun.xml.bind.v2.model.impl.RuntimeBuiltinLeafInfoImpl$12                    : loaded 3 times (x 136B)
Class com.sun.xml.bind.v2.model.impl.RuntimeBuiltinLeafInfoImpl$PcdataImpl            : loaded 3 times (x 134B)
Class com.sun.xml.bind.v2.model.impl.ElementInfoImpl                                  : loaded 3 times (x 109B)
Class com.sun.xml.bind.v2.model.annotation.AbstractInlineAnnotationReaderImpl         : loaded 3 times (x 104B)
Class com.android.sdklib.repository.meta.RepoFactory                                  : loaded 3 times (x 74B)
Class com.android.build.gradle.internal.errors.SyncIssueReporterImpl$GlobalSyncIssueService$Parameters$Inject_: loaded 3 times (x 108B)
Class org.jetbrains.kotlin.gradle.tasks.configuration.KaptGenerateStubsConfig$Companion$configureLibraries$1: loaded 3 times (x 79B)
Class org.jetbrains.kotlin.gradle.plugin.AndroidProjectHandler$preprocessVariant$2    : loaded 3 times (x 75B)
Class org.jetbrains.kotlin.gradle.plugin.mpp.compilationImpl.KotlinCompilationSourceSetInclusion$DefaultAddSourcesToCompileTask$addSources$2: loaded 3 times (x 79B)
Class org.jetbrains.kotlin.gradle.tasks.AbstractKotlinCompile                         : loaded 3 times (x 458B)
Class org.jetbrains.kotlin.gradle.plugin.KotlinCompilationOutput                      : loaded 3 times (x 70B)
Class com.android.build.gradle.internal.dependency.AsmClassesTransform$Companion      : loaded 3 times (x 71B)
Class com.android.build.gradle.internal.dependency.AarTransform$Inject_1              : loaded 3 times (x 109B)
Class [Lcom.android.build.gradle.internal.cxx.gradle.generator.NativeProjectPath;     : loaded 3 times (x 69B)
Class com.android.build.gradle.internal.transforms.ShrinkResourcesNewShrinkerTask     : loaded 3 times (x 341B)
Class com.android.build.gradle.tasks.PackageApplication$CreationAction$handleProvider$3: loaded 3 times (x 125B)
Class com.android.build.api.artifact.impl.MultiplePropertyAdapter                     : loaded 3 times (x 79B)
Class com.android.tools.build.jetifier.processor.transform.proguard.patterns.GroupsReplacer: loaded 3 times (x 72B)
Class com.android.tools.build.jetifier.core.type.JavaType$Companion                   : loaded 3 times (x 71B)
Class com.android.tools.build.jetifier.core.config.Config$JsonData                    : loaded 3 times (x 72B)
Class com.android.build.gradle.internal.variant.ComponentInfo                         : loaded 3 times (x 72B)
Class com.android.build.gradle.internal.core.ProductFlavor                            : loaded 3 times (x 72B)
Class com.android.build.gradle.internal.variant.VariantPathHelper$directorySegments$2 : loaded 3 times (x 79B)
Class com.android.build.api.attributes.AgpVersionAttr$ImplFactory                     : loaded 3 times (x 75B)
Class com.android.build.gradle.internal.manifest.ManifestValueSource                  : loaded 3 times (x 79B)
Class org.jetbrains.kotlin.gradle.plugin.diagnostics.CheckKotlinGradlePluginConfigurationErrorsKt$addDependsOnFromTasksThatShouldFailWhenErrorsReported$1: loaded 3 times (x 75B)
Class org.jetbrains.kotlin.konan.target.KonanTarget$TVOS_X64                          : loaded 3 times (x 78B)
Class org.jetbrains.kotlin.gradle.plugin.sources.android.configurator.Agp7AddKotlinSourcesToAndroidSourceSetConfigurator: loaded 3 times (x 75B)
Class org.jetbrains.kotlin.gradle.utils.WhenEvaluatedKt$whenEvaluated$2               : loaded 3 times (x 75B)
Class org.jetbrains.kotlin.gradle.targets.native.internal.SetupKotlinNativePlatformDependenciesAndStdlibKt$SetupKotlinNativePlatformDependenciesForLegacyImport$1: loaded 3 times (x 95B)
Class org.jetbrains.kotlin.gradle.plugin.diagnostics.KotlinToolingDiagnosticsSetupActionKt: loaded 3 times (x 71B)
Class org.jetbrains.kotlin.gradle.plugin.statistics.BuildFusService$Companion$registerIfAbsentImpl$2: loaded 3 times (x 75B)
Class org.jetbrains.kotlin.gradle.plugin.KotlinPluginWrapperKt$kotlinPluginVersionFromResources$1$1: loaded 3 times (x 71B)
Class com.android.build.gradle.internal.tasks.factory.TaskCreationAction              : loaded 3 times (x 89B)
Class com.android.build.gradle.internal.core.ExecutionProfileOptions                  : loaded 3 times (x 72B)
Class com.android.build.gradle.internal.dsl.BundleOptionsDeviceTier$AgpDecorated_Decorated: loaded 3 times (x 130B)
Class com.android.build.gradle.internal.dsl.decorator.ApplicationInstallationImpl     : loaded 3 times (x 99B)
Class com.android.build.gradle.internal.dsl.decorator.DslDecorator                    : loaded 3 times (x 72B)
Class com.android.build.api.dsl.PrivacySandbox                                        : loaded 3 times (x 70B)
Class com.android.build.api.dsl.AndroidTest                                           : loaded 3 times (x 70B)
Class com.android.builder.model.DimensionAware                                        : loaded 3 times (x 70B)
Class com.android.build.gradle.internal.res.Aapt2FromMaven$Companion$Aapt2Extractor$Inject_1: loaded 3 times (x 109B)
Class com.google.gson.internal.bind.DateTypeAdapter                                   : loaded 3 times (x 74B)
Class org.jetbrains.kotlin.gradle.dsl.KotlinCommonCompilerToolOptionsHelper           : loaded 3 times (x 71B)
Class com.android.build.gradle.internal.utils.DependencyInfo                          : loaded 3 times (x 72B)
Class org.jetbrains.kotlin.gradle.plugin.KotlinAndroidPlugin$apply$1$1$kotlinOptions$1: loaded 3 times (x 103B)
Class org.jetbrains.kotlin.gradle.plugin.KotlinPluginLifecycleImpl$WhenMappings       : loaded 3 times (x 71B)
Class org.jetbrains.kotlin.gradle.plugin.diagnostics.checkers.DeprecatedKotlinNativeTargetsChecker$runChecks$1: loaded 3 times (x 88B)
Class org.jetbrains.kotlin.gradle.plugin.KotlinPluginLifecycleImplKt                  : loaded 3 times (x 71B)
Class com.google.protobuf.MessageLite                                                 : loaded 3 times (x 70B)
Class org.jetbrains.kotlin.protobuf.ByteString$ByteIterator                           : loaded 3 times (x 70B)
Class kotlin.collections.SetsKt__SetsJVMKt                                            : loaded 3 times (x 71B)
Class kotlin.Function                                                                 : loaded 3 times (x 70B)
Class com.google.wireless.android.sdk.stats.GradleBuildProfileSpan                    : loaded 3 times (x 215B)
Class com.google.protobuf.CodedInputStream                                            : loaded 3 times (x 119B)
Class com.google.wireless.android.sdk.stats.PreviewRefreshEvent                       : loaded 3 times (x 210B)
Class com.google.wireless.android.sdk.stats.LayoutEditorEvent                         : loaded 3 times (x 233B)
Class com.google.wireless.android.sdk.stats.StudioRunEventOrBuilder                   : loaded 3 times (x 70B)
Class com.google.common.collect.RegularImmutableTable$CellSet                         : loaded 3 times (x 150B)
Class org.jetbrains.kotlin.daemon.common.Profiler                                     : loaded 3 times (x 70B)
Class com.android.build.gradle.internal.core.dsl.impl.ComponentDslInfoImpl$computeApplicationIdSuffix$2: loaded 3 times (x 78B)
Class org.jetbrains.kotlin.gradle.internal.kapt.incremental.StructureTransformAction$Inject_1: loaded 3 times (x 109B)
Class com.android.build.gradle.tasks.ExtractDeepLinksTask$BaseCreationAction$configure$1: loaded 3 times (x 79B)
Class com.sun.xml.bind.v2.runtime.unmarshaller.LeafPropertyXsiLoader                  : loaded 3 times (x 78B)
Class com.sun.xml.bind.v2.runtime.property.ArrayReferenceNodeProperty                 : loaded 3 times (x 104B)
Class [Lcom.sun.xml.bind.v2.runtime.property.AttributeProperty;                       : loaded 3 times (x 69B)
Class javax.xml.bind.annotation.XmlElements                                           : loaded 3 times (x 70B)
Class com.sun.xml.bind.v2.model.impl.ClassInfoImpl$ConflictException                  : loaded 3 times (x 82B)
Class com.sun.xml.bind.v2.model.annotation.XmlElementQuick                            : loaded 3 times (x 96B)
Class com.sun.xml.bind.v2.model.impl.RuntimeBuiltinLeafInfoImpl$13                    : loaded 3 times (x 137B)
Class com.sun.xml.bind.v2.model.impl.ModelBuilderI                                    : loaded 3 times (x 70B)
Class com.sun.xml.bind.v2.runtime.LeafBeanInfoImpl                                    : loaded 3 times (x 89B)
Class com.android.build.gradle.internal.SdkLibDataFactory$getSettingsController$1     : loaded 3 times (x 78B)
Class com.android.build.gradle.api.LibraryVariant                                     : loaded 3 times (x 70B)
Class org.jetbrains.kotlin.tooling.core.Extras$Entry                                  : loaded 3 times (x 72B)
Class org.jetbrains.kotlin.gradle.plugin.sources.InternalKotlinSourceSetKt            : loaded 3 times (x 71B)
Class com.android.build.gradle.internal.scope.InternalArtifactType$APP_INTEGRITY_CONFIG: loaded 3 times (x 74B)
Class com.android.build.gradle.internal.scope.InternalArtifactType$SDK_SPLITS_APKS    : loaded 3 times (x 74B)
Class com.android.build.gradle.internal.tasks.InstallVariantTask                      : loaded 3 times (x 344B)
Class com.android.build.api.variant.impl.LayeredSourceDirectoriesImpl                 : loaded 3 times (x 92B)
Class com.android.build.api.component.impl.DefaultSourcesProviderImpl                 : loaded 3 times (x 89B)
Class com.android.build.gradle.internal.component.LibraryCreationConfig               : loaded 3 times (x 70B)
Class com.android.build.api.variant.VariantOutput                                     : loaded 3 times (x 70B)
Class com.android.build.gradle.internal.variant.VariantPathHelper$kaptKotlinSourceOutputDir$2: loaded 3 times (x 79B)
Class com.android.build.gradle.internal.variant.VariantPathHelper                     : loaded 3 times (x 72B)
Class com.android.build.gradle.internal.dependency.VariantDependencies$Companion      : loaded 3 times (x 71B)
Class com.android.build.gradle.internal.core.MergedOptions                            : loaded 3 times (x 70B)
Class org.jetbrains.kotlin.gradle.internal.Kapt3GradleSubplugin$Kapt3SubpluginContext : loaded 3 times (x 72B)
Class org.jetbrains.kotlin.gradle.artifacts.KotlinTargetArtifact                      : loaded 3 times (x 70B)
Class org.jetbrains.kotlin.gradle.dsl.KotlinJvmCompilerOptionsDefault_Decorated       : loaded 3 times (x 161B)
Class org.jetbrains.kotlin.gradle.plugin.HasKotlinDependencies                        : loaded 3 times (x 70B)
Class org.jetbrains.kotlin.gradle.targets.native.toolchain.KotlinNativeBundleBuildService$Companion: loaded 3 times (x 71B)
Class org.jetbrains.kotlin.gradle.plugin.BuildEventsListenerRegistryHolder_Decorated  : loaded 3 times (x 115B)
Class org.jetbrains.kotlin.gradle.plugin.statistics.BuildFusService$Companion$registerIfAbsentImpl$2$1: loaded 3 times (x 75B)
Class org.jetbrains.kotlin.gradle.plugin.statistics.MetricContainer                   : loaded 3 times (x 72B)
Class org.jetbrains.kotlin.gradle.plugin.statistics.old.Pre232IdeaKotlinBuildStatsMXBean: loaded 3 times (x 70B)
Class org.jetbrains.kotlin.gradle.plugin.statistics.KotlinBuildStatsServicesRegistry  : loaded 3 times (x 78B)
Class org.jetbrains.kotlin.gradle.plugin.internal.DefaultJavaSourceSetsAccessorVariantFactory: loaded 3 times (x 76B)
Class org.jetbrains.kotlin.gradle.plugin.VariantImplementationFactoriesConfigurator   : loaded 3 times (x 76B)
Class com.android.build.api.dsl.EmulatorSnapshots                                     : loaded 3 times (x 70B)
Class com.android.build.api.dsl.AaptOptions                                           : loaded 3 times (x 70B)
Class com.android.build.gradle.internal.api.artifact.SourceArtifactType$BASELINE_PROFILES: loaded 3 times (x 74B)
Class com.android.build.api.dsl.PrivacySandboxSdkExtension                            : loaded 3 times (x 70B)
Class com.android.build.api.dsl.LibraryBaseFlavor                                     : loaded 3 times (x 70B)
Class com.android.build.gradle.internal.services.Aapt2ThreadPoolBuildService$Params   : loaded 3 times (x 70B)
Class com.google.protobuf.Internal$ProtobufList                                       : loaded 3 times (x 70B)
Class com.android.buildanalyzer.common.AndroidGradlePluginAttributionData$BuildInfo   : loaded 3 times (x 72B)
Class com.android.build.gradle.internal.lint.LintFromMaven$Companion                  : loaded 3 times (x 71B)
Class com.google.gson.internal.ObjectConstructor                                      : loaded 3 times (x 70B)
Class com.android.ide.common.blame.SourceFile                                         : loaded 3 times (x 72B)
Class org.jetbrains.kotlin.gradle.targets.js.dsl.KotlinJsTargetDsl                    : loaded 3 times (x 70B)
Class com.android.build.gradle.internal.plugins.BasePlugin$newExtension$2             : loaded 3 times (x 79B)
Class com.android.build.api.dsl.ApplicationAndroidResources                           : loaded 3 times (x 70B)
Class com.android.build.gradle.internal.services.VersionedSdkLoaderService            : loaded 3 times (x 72B)
Class org.gradle.toolchains.foojay.FoojayToolchainsConventionPlugin                   : loaded 3 times (x 76B)
Class com.android.prefs.AndroidLocationsException                                     : loaded 3 times (x 82B)
Class org.jetbrains.kotlin.konan.target.KonanTarget$WATCHOS_ARM32                     : loaded 3 times (x 78B)
Class com.android.build.api.dsl.LibraryBuildType                                      : loaded 3 times (x 70B)
Class org.jetbrains.kotlin.metadata.deserialization.Flags$FlagField                   : loaded 3 times (x 73B)
Class kotlin.io.FileAlreadyExistsException                                            : loaded 3 times (x 82B)
Class com.android.build.api.dsl.TestBaseFlavor                                        : loaded 3 times (x 70B)
Class com.android.build.gradle.internal.dsl.decorator.SupportedPropertyType$Var$File  : loaded 3 times (x 74B)
Class com.google.wireless.android.sdk.stats.JvmDetails$Builder                        : loaded 3 times (x 313B)
Class com.google.wireless.android.sdk.stats.IDeviceUsageEvent                         : loaded 3 times (x 198B)
Class com.google.wireless.android.sdk.stats.AdbServerStatus                           : loaded 3 times (x 206B)
Class com.google.wireless.android.sdk.stats.SmlTransformEventOrBuilder                : loaded 3 times (x 70B)
Class org.jetbrains.kotlin.gradle.tasks.configuration.BaseKotlinCompileConfig$1$3$2$1 : loaded 3 times (x 79B)
Class org.jetbrains.kotlin.gradle.logging.GradleLoggingUtilsKt$WhenMappings           : loaded 3 times (x 71B)
Class org.jetbrains.kotlin.gradle.plugin.statistics.CompileKotlinTaskMetrics          : loaded 3 times (x 71B)
Class org.jetbrains.kotlin.gradle.tasks.DefaultKotlinJavaToolchain$getToolsJarFromJvm$1$1: loaded 3 times (x 79B)
Class com.android.tools.utp.plugins.result.listener.gradle.proto.GradleAndroidTestResultListenerProto$TestResultEvent: loaded 3 times (x 208B)
Class com.android.build.gradle.internal.tasks.ValidateResourcesTask$CreateAction$configure$1$resourceMap$1: loaded 3 times (x 78B)
Class com.google.devtools.ksp.gradle.KspSubpluginKt$getClassStructureFiles$1          : loaded 3 times (x 78B)
Class org.jetbrains.kotlin.gradle.tasks.KotlinCompile$ClasspathSnapshotProperties_Decorated: loaded 3 times (x 133B)
Class org.jetbrains.kotlin.gradle.report.BuildReportsService$Companion                : loaded 3 times (x 71B)
Class com.android.build.gradle.tasks.JdkImageInput$jrtFsJar$1                         : loaded 3 times (x 74B)
Class com.android.build.gradle.internal.dependency.JdkImageTransformKt                : loaded 3 times (x 71B)
Class com.android.build.gradle.tasks.ExtractDeepLinksTask$BaseCreationAction$configure$2: loaded 3 times (x 78B)
Class com.android.build.api.component.impl.features.ManifestPlaceholdersCreationConfigImpl$placeholders$2: loaded 3 times (x 79B)
Class com.android.build.gradle.internal.lint.KotlinMultiplatformExtensionWrapper      : loaded 3 times (x 72B)
Class com.sun.xml.bind.v2.runtime.reflect.AdaptedLister                               : loaded 3 times (x 77B)
Class com.sun.xml.bind.v2.model.nav.ReflectionNavigator$10                            : loaded 3 times (x 77B)
Class com.android.repository.impl.generated.v1.TypeDetails                            : loaded 3 times (x 75B)
Class com.sun.xml.bind.v2.model.impl.RuntimeBuiltinLeafInfoImpl$UUIDImpl              : loaded 3 times (x 136B)
Class com.sun.xml.bind.v2.model.impl.RuntimeBuiltinLeafInfoImpl$14                    : loaded 3 times (x 136B)
Class com.sun.xml.bind.v2.model.core.RegistryInfo                                     : loaded 3 times (x 70B)
Class com.android.repository.impl.generated.v2.ChecksumType                           : loaded 3 times (x 82B)
Class com.android.sdklib.repository.generated.addon.v1.ObjectFactory                  : loaded 3 times (x 80B)
Class com.android.build.gradle.internal.SdkComponentsBuildService$VersionedSdkLoader$sdkLoadStrategy$2: loaded 3 times (x 79B)
Class com.google.devtools.ksp.gradle.KotlinFactories$Companion                        : loaded 3 times (x 71B)
Class com.android.build.gradle.internal.scope.InternalArtifactType$LIBRARY_ART_PROFILE: loaded 3 times (x 74B)
Class org.jetbrains.kotlin.gradle.internal.transforms.BuildToolsApiClasspathEntrySnapshotTransform$Parameters_Decorated: loaded 3 times (x 151B)
Class org.jetbrains.kotlin.gradle.plugin.mpp.compilationImpl.KotlinCompilationSourceSetInclusion$Companion$includedSourceSets$2: loaded 3 times (x 78B)
Class com.android.build.gradle.internal.dependency.DexingRegistration$ComponentAgnosticParameters: loaded 3 times (x 72B)
Class com.android.build.gradle.internal.utils.DesugarLibUtils$getDesugarLibConfigFromTransform$1$1: loaded 3 times (x 74B)
Class com.android.build.gradle.internal.services.Aapt2Input_Decorated                 : loaded 3 times (x 155B)
Class com.android.build.gradle.internal.lint.LintTaskManager$createLintTasks$3        : loaded 3 times (x 75B)
Class com.android.build.gradle.internal.scope.InternalArtifactType$APK_FROM_BUNDLE_IDE_MODEL: loaded 3 times (x 74B)
Class com.android.build.gradle.internal.tasks.ValidateSigningTask                     : loaded 3 times (x 336B)
Class com.android.build.gradle.tasks.PackageApplication$CreationAction$handleProvider$5: loaded 3 times (x 127B)
Class com.android.build.gradle.internal.tasks.ExtractNativeDebugMetadataTask$SymbolTableCreationAction$handleProvider$1: loaded 3 times (x 127B)
Class com.android.builder.dexing.R8Version                                            : loaded 3 times (x 71B)
Class com.android.build.gradle.internal.scope.InternalArtifactType$SHADER_ASSETS      : loaded 3 times (x 74B)
Class com.android.build.gradle.internal.dependency.VariantDependencies$Companion$computeLocalFileDependencies$dependencies$1: loaded 3 times (x 75B)
Class com.android.tools.build.jetifier.core.rule.RewriteRule$Companion                : loaded 3 times (x 71B)
Class com.android.tools.build.jetifier.core.rule.RewriteRule                          : loaded 3 times (x 72B)
Class com.android.build.gradle.internal.core.dsl.features.AndroidResourcesDslInfo     : loaded 3 times (x 70B)
Class com.android.build.api.variant.VariantOutputConfiguration$OutputType             : loaded 3 times (x 79B)
Class com.android.build.api.variant.TestComponent                                     : loaded 3 times (x 70B)
Class com.android.build.api.attributes.BuildTypeAttr$Companion                        : loaded 3 times (x 71B)
Class org.jetbrains.kotlin.gradle.plugin.diagnostics.KotlinToolingDiagnosticsSetupActionKt$KotlinToolingDiagnosticsSetupAction$1$1: loaded 3 times (x 75B)
Class org.jetbrains.kotlin.gradle.targets.js.npm.NpmDirectoryDependencyWithExternalsExtension: loaded 3 times (x 70B)
Class org.jetbrains.kotlin.gradle.plugin.sources.android.configurator.MultiplatformLayoutV2SourceDirConfigurator: loaded 3 times (x 75B)
Class org.jetbrains.kotlin.gradle.plugin.KotlinProjectSetupAction                     : loaded 3 times (x 70B)
Class org.jetbrains.kotlin.gradle.plugin.KotlinGradleFinishBuildHandler$Companion     : loaded 3 times (x 71B)
Class com.android.build.gradle.internal.crash.CrashReporting$afterEvaluate$1          : loaded 3 times (x 75B)
Class com.android.build.api.dsl.Packaging                                             : loaded 3 times (x 70B)
Class com.android.build.gradle.internal.dsl.ProductFlavor                             : loaded 3 times (x 457B)
Class com.android.build.gradle.internal.SdkComponentsBuildService$RegistrationAction  : loaded 3 times (x 74B)
Class com.android.build.gradle.internal.ide.dependencies.LibraryDependencyCacheBuildService: loaded 3 times (x 80B)
Class com.google.wireless.android.sdk.stats.GarbageCollectionStats                    : loaded 3 times (x 200B)
Class org.jetbrains.kotlin.gradle.plugin.KotlinProjectSetupActionKt$KotlinProjectSetupCoroutine$1$1: loaded 3 times (x 95B)
Class com.google.protobuf.ExtensionRegistry$ExtensionInfo                             : loaded 3 times (x 72B)
Class com.android.build.gradle.options.Option$Status$Removed                          : loaded 3 times (x 72B)
Class com.android.build.gradle.internal.plugins.AndroidPluginBaseServices$syncIssueReporter$2: loaded 3 times (x 79B)
Class com.android.build.api.variant.CanMinifyCode                                     : loaded 3 times (x 70B)
Class com.android.build.gradle.options.ProjectOptionService                           : loaded 3 times (x 77B)
Class com.android.build.api.dsl.BundleAiModelVersion                                  : loaded 3 times (x 70B)
Class com.android.build.api.dsl.NdkBuild                                              : loaded 3 times (x 70B)
Class com.android.build.gradle.internal.TaskManager$Companion                         : loaded 3 times (x 71B)
Class [Lorg.jetbrains.kotlin.metadata.ProtoBuf$Class$Kind;                            : loaded 3 times (x 69B)
Class org.jetbrains.kotlin.incremental.classpathDiff.AccessibleClassSnapshot          : loaded 3 times (x 73B)
Class org.jetbrains.kotlin.gradle.plugin.internal.CompatibilityConventionRegistrar    : loaded 3 times (x 70B)
Class org.jetbrains.kotlin.statistics.metrics.BooleanMetrics$Companion                : loaded 3 times (x 71B)
Class com.google.wireless.android.sdk.stats.ApkAnalyzerStats                          : loaded 3 times (x 196B)
Class com.android.tools.analytics.TestSupportLibraries                                : loaded 3 times (x 71B)
Class org.jetbrains.kotlin.gradle.logging.GradleBufferingMessageCollector$MessageData : loaded 3 times (x 72B)
Class org.jetbrains.kotlin.config.Services$Companion                                  : loaded 3 times (x 71B)
Class org.jetbrains.kotlin.gradle.plugin.FilesSubpluginOption$2$1                     : loaded 3 times (x 78B)
Class org.jetbrains.kotlin.gradle.tasks.KotlinCompile$createCompilerArguments$1$1     : loaded 3 times (x 79B)
Class org.jetbrains.kotlin.cli.common.arguments.K2JVMCompilerArguments$Companion      : loaded 3 times (x 71B)
Class com.android.build.gradle.internal.tasks.featuresplit.PackagedDependenciesWriterTask$CreationAction$configure$1$1$1: loaded 3 times (x 79B)
Class com.sun.xml.bind.v2.model.impl.ClassInfoImpl$SecondaryAnnotation                : loaded 3 times (x 80B)
Class com.sun.xml.bind.v2.model.impl.RuntimeBuiltinLeafInfoImpl$15                    : loaded 3 times (x 136B)
Class com.sun.xml.bind.v2.runtime.AnyTypeBeanInfo                                     : loaded 3 times (x 92B)
Class com.sun.xml.bind.v2.model.core.MaybeElement                                     : loaded 3 times (x 70B)
Class javax.xml.bind.ContextFinder                                                    : loaded 3 times (x 71B)
Class com.android.sdklib.repository.meta.DetailsTypes                                 : loaded 3 times (x 71B)
Class [Lcom.android.build.api.component.impl.LifecycleTasksImpl$LifecycleEvent;       : loaded 3 times (x 69B)
Class com.android.build.gradle.tasks.GenerateTestConfig$TestConfigProperties          : loaded 3 times (x 72B)
Class org.jetbrains.kotlin.gradle.internal.Kapt3KotlinGradleSubpluginKt$checkAndroidAnnotationProcessorDependencyUsage$1: loaded 3 times (x 79B)
Class com.android.build.gradle.internal.manifest.LazyManifestParser$manifestData$2    : loaded 3 times (x 75B)
Class org.jetbrains.kotlin.gradle.plugin.KotlinPluginLifecycleImpl$executeCurrentStageAndScheduleNext$3: loaded 3 times (x 75B)
Class org.jetbrains.kotlin.gradle.plugin.mpp.compilationImpl.KotlinCompilationRegisterInSourceSetsConfigurator$configure$1: loaded 3 times (x 79B)
Class com.android.build.gradle.internal.api.ReadOnlyBaseConfig                        : loaded 3 times (x 116B)
Class com.android.build.gradle.internal.services.UsesAapt2DaemonBuildService          : loaded 3 times (x 70B)
Class com.android.build.gradle.internal.SdkComponentsBuildService$Inject_             : loaded 3 times (x 100B)
Class com.android.build.gradle.internal.lint.LintTaskManager$createLintTasks$4        : loaded 3 times (x 75B)
Class com.android.build.gradle.internal.tasks.ExtractApksTask                         : loaded 3 times (x 340B)
Class com.android.build.gradle.internal.scope.InternalArtifactType$SIGNING_CONFIG_VERSIONS: loaded 3 times (x 74B)
Class com.android.build.gradle.internal.scope.InternalArtifactType$PACKAGED_DEPENDENCIES: loaded 3 times (x 74B)
Class com.android.build.gradle.internal.TaskManager$createPackagingTask$1             : loaded 3 times (x 75B)
Class com.android.build.gradle.tasks.PackageAndroidArtifact$CreationAction$Companion  : loaded 3 times (x 71B)
Class com.android.build.gradle.internal.tasks.DexFileDependenciesTask                 : loaded 3 times (x 342B)
Class com.android.build.gradle.internal.tasks.DexArchiveBuilderTask                   : loaded 3 times (x 349B)
Class com.android.build.api.artifact.impl.InAndOutDirectoryOperationRequestImpl       : loaded 3 times (x 82B)
Class com.android.tools.build.jetifier.core.type.TypesMap$Companion                   : loaded 3 times (x 71B)
Class com.google.gson.internal.LinkedTreeMap                                          : loaded 3 times (x 123B)
Class com.android.build.gradle.internal.core.dsl.impl.features.OptimizationDslInfoImpl$postProcessingOptions$2$1: loaded 3 times (x 82B)
Class org.jetbrains.kotlin.gradle.plugin.mpp.InternalKotlinTarget$DefaultImpls        : loaded 3 times (x 71B)
Class org.jetbrains.kotlin.gradle.plugin.diagnostics.KotlinToolingDiagnosticsSetupActionKt$KotlinToolingDiagnosticsSetupAction$1$2: loaded 3 times (x 95B)
Class org.jetbrains.kotlin.gradle.targets.js.npm.NpmDependencyWithExternalsExtension  : loaded 3 times (x 70B)
Class org.jetbrains.kotlin.gradle.plugin.sources.android.configurator.KotlinAndroidSourceSetConfigurator: loaded 3 times (x 70B)
Class org.jetbrains.kotlin.gradle.plugin.mpp.KotlinUsageContext                       : loaded 3 times (x 70B)
Class org.jetbrains.kotlin.gradle.plugin.KotlinTargetsContainer                       : loaded 3 times (x 70B)
Class org.jetbrains.kotlin.compilerRunner.GradleCliCommonizerKt                       : loaded 3 times (x 71B)
Class org.jetbrains.kotlin.gradle.utils.ConfigurationsKt                              : loaded 3 times (x 71B)
Class org.jetbrains.kotlin.gradle.plugin.StatisticsBuildFlowManager                   : loaded 3 times (x 72B)
Class org.jetbrains.kotlin.gradle.plugin.statistics.BuildFusService$Parameters        : loaded 3 times (x 70B)
Class org.jetbrains.kotlin.gradle.plugin.PluginWrappersKt                             : loaded 3 times (x 71B)
Class com.android.build.gradle.internal.dsl.LintImpl$SeverityOverrideSet              : loaded 3 times (x 143B)
Class com.android.builder.model.AdbOptions                                            : loaded 3 times (x 70B)
Class com.android.build.api.variant.HostTestBuilder                                   : loaded 3 times (x 70B)
Class com.android.builder.model.DataBindingOptions                                    : loaded 3 times (x 70B)
Class com.android.prefs.VariableValue                                                 : loaded 3 times (x 84B)
Class com.android.prefs.AbstractAndroidLocations$Companion                            : loaded 3 times (x 71B)
Class com.android.build.gradle.internal.variant.VariantPathHelper$coverageReportDir$2 : loaded 3 times (x 79B)
Class com.android.build.gradle.internal.component.features.OptimizationCreationConfig : loaded 3 times (x 70B)
Class com.google.gson.stream.JsonReader$1                                             : loaded 3 times (x 72B)
Class com.android.ide.common.blame.SourcePositionJsonTypeAdapter                      : loaded 3 times (x 75B)
Class com.android.build.gradle.options.FeatureStage$Removed                           : loaded 3 times (x 72B)
Class com.android.build.gradle.options.Stage                                          : loaded 3 times (x 72B)
Class com.android.build.gradle.tasks.MergeResources$Flag                              : loaded 3 times (x 79B)
Class kotlin.collections.IndexingIterator                                             : loaded 3 times (x 79B)
Class org.jetbrains.kotlin.protobuf.LiteralByteString                                 : loaded 3 times (x 112B)
Class org.jetbrains.kotlin.protobuf.LazyFieldLite                                     : loaded 3 times (x 82B)
Class com.android.tools.build.jetifier.processor.TimestampsPolicy$Companion$EPOCH$1   : loaded 3 times (x 78B)
Class com.google.wireless.android.sdk.stats.TestRecorderDetails                       : loaded 3 times (x 196B)
Class com.google.wireless.android.sdk.stats.ApkDebugProject                           : loaded 3 times (x 196B)
Class com.google.wireless.android.sdk.stats.SdkIndexProjectStatsOrBuilder             : loaded 3 times (x 70B)
Class com.google.wireless.android.sdk.stats.SigningWizardEventOrBuilder               : loaded 3 times (x 70B)
Class [Lorg.jetbrains.kotlin.build.report.statistics.StatTag;                         : loaded 3 times (x 69B)
Class org.jetbrains.kotlin.gradle.tasks.KotlinCompile$createCompilerArguments$1$2     : loaded 3 times (x 79B)
Class com.android.build.gradle.internal.services.Aapt2Input$Inject_                   : loaded 3 times (x 126B)
Class com.android.tools.lint.model.LintModelAndroidArtifact                           : loaded 3 times (x 70B)
Class com.android.sdklib.repository.generated.addon.v1.MavenType                      : loaded 3 times (x 80B)
Class com.sun.xml.bind.v2.model.impl.ReferencePropertyInfoImpl                        : loaded 3 times (x 127B)
Class javax.xml.bind.annotation.XmlTransient                                          : loaded 3 times (x 70B)
Class com.sun.xml.bind.v2.model.impl.AnyTypeImpl                                      : loaded 3 times (x 89B)
Class com.sun.xml.bind.v2.model.impl.RuntimeBuiltinLeafInfoImpl$16                    : loaded 3 times (x 136B)
Class com.sun.xml.bind.v2.runtime.IllegalAnnotationsException                         : loaded 3 times (x 86B)
Class com.android.build.gradle.internal.SdkLocator$PropertyLocation                   : loaded 3 times (x 79B)
Class org.jetbrains.kotlin.gradle.plugin.mpp.InternalKotlinTargetKt                   : loaded 3 times (x 71B)
Class com.android.build.gradle.internal.scope.InternalArtifactType$METADATA_FEATURE_DECLARATION: loaded 3 times (x 74B)
Class org.jetbrains.kotlin.gradle.plugin.mpp.compilationImpl.factory.AndroidCompilationSourceSetsContainerFactory: loaded 3 times (x 75B)
Class com.android.build.gradle.internal.VariantTaskManager$createReportTasks$1        : loaded 3 times (x 75B)
Class com.android.build.gradle.internal.lint.LintTaskManager$createLintTasks$5        : loaded 3 times (x 75B)
Class com.android.build.gradle.internal.lint.AndroidLintTextOutputTask                : loaded 3 times (x 340B)
Class com.android.build.gradle.internal.tasks.SigningConfigWriterTask$CreationAction  : loaded 3 times (x 90B)
Class com.android.build.gradle.internal.TaskManager$createPackagingTask$2             : loaded 3 times (x 75B)
Class com.android.build.gradle.internal.scope.InternalArtifactType$AAR_METADATA_CHECK : loaded 3 times (x 74B)
Class com.android.build.api.artifact.impl.OutOperationRequestImpl                     : loaded 3 times (x 91B)
Class com.android.build.api.artifact.impl.ArtifactOperationRequest                    : loaded 3 times (x 70B)
Class com.android.build.gradle.internal.tasks.ValidateResourcesTask$CreateAction      : loaded 3 times (x 90B)
Class com.google.gson.internal.LinkedTreeMap$1                                        : loaded 3 times (x 91B)
Class com.android.build.gradle.internal.tasks.factory.TaskManagerConfigImpl           : loaded 3 times (x 76B)
Class com.android.build.api.component.impl.DeviceTestImpl$buildConfigCreationConfig$2 : loaded 3 times (x 79B)
Class com.android.build.gradle.internal.dependency.ConstraintHandler                  : loaded 3 times (x 71B)
Class com.android.build.api.variant.impl.GlobalVariantBuilderConfig                   : loaded 3 times (x 70B)
Class org.jetbrains.kotlin.gradle.plugin.diagnostics.KotlinToolingDiagnosticsSetupActionKt$KotlinToolingDiagnosticsSetupAction$1$3: loaded 3 times (x 75B)
Class org.jetbrains.kotlin.gradle.targets.js.dsl.KotlinTargetWithNodeJsDsl            : loaded 3 times (x 70B)
Class org.jetbrains.kotlin.gradle.plugin.internal.IdeaPropertiesValueSource$Parameters$Inject_: loaded 3 times (x 106B)
Class org.jetbrains.kotlin.gradle.plugin.sources.DefaultKotlinSourceSetKt$defaultSourceSetLanguageSettingsChecker$1: loaded 3 times (x 78B)
Class org.jetbrains.kotlin.gradle.plugin.sources.InternalKotlinSourceSet              : loaded 3 times (x 70B)
Class org.jetbrains.kotlin.gradle.utils.ObjectCollectionExtKt                         : loaded 3 times (x 71B)
Class org.jetbrains.kotlin.gradle.plugin.sources.android.KotlinAndroidSourceSetLayoutKt: loaded 3 times (x 71B)
Class org.jetbrains.kotlin.gradle.plugin.KotlinJvmPlugin                              : loaded 3 times (x 80B)
Class org.jetbrains.kotlin.gradle.plugin.mpp.SyncLanguageSettingsWithKotlinExtensionSetupActionKt$SyncLanguageSettingsWithKotlinExtensionSetupAction$1: loaded 3 times (x 95B)
Class org.jetbrains.kotlin.gradle.dsl.KotlinGradlePluginPublicDsl                     : loaded 3 times (x 70B)
Class org.jetbrains.kotlin.gradle.internal.properties.NativeProperties                : loaded 3 times (x 70B)
Class org.jetbrains.kotlin.statistics.BuildSessionLogger                              : loaded 3 times (x 77B)
Class org.jetbrains.kotlin.gradle.plugin.internal.ConfigurationCacheStartParameterAccessor: loaded 3 times (x 70B)
Class com.android.build.gradle.internal.lint.LintTaskManager                          : loaded 3 times (x 72B)
Class com.android.build.gradle.internal.tasks.ExtractProguardFiles                    : loaded 3 times (x 329B)
Class com.android.build.gradle.internal.tasks.factory.GlobalTaskCreationConfigImpl$platformAttrs$2: loaded 3 times (x 79B)
Class com.android.build.api.variant.ScopedArtifacts                                   : loaded 3 times (x 70B)
Class com.android.build.gradle.internal.services.FakeDependencyJarBuildService$Params$Inject_: loaded 3 times (x 106B)
Class com.android.tools.build.jetifier.processor.TimestampsPolicy$Companion$KEEP_PREVIOUS$1: loaded 3 times (x 78B)
Class com.android.build.gradle.internal.dsl.decorator.SupportedPropertyType$Block     : loaded 3 times (x 74B)
Class com.google.common.base.Converter$ConverterComposition                           : loaded 3 times (x 90B)
Class com.android.build.gradle.internal.profile.ProjectData                           : loaded 3 times (x 72B)
Class com.android.build.gradle.internal.dependency.AdditionalArtifactType             : loaded 3 times (x 79B)
Class com.android.build.gradle.internal.core.dsl.MultiVariantComponentDslInfo         : loaded 3 times (x 70B)
Class com.android.build.api.dsl.ApplicationDefaultConfig                              : loaded 3 times (x 70B)
Class com.android.build.gradle.internal.tasks.AppMetadataTaskKt$configureTaskOutputs$1: loaded 3 times (x 127B)
Class org.jetbrains.kotlin.gradle.plugin.BuildFinishFlowAction                        : loaded 3 times (x 74B)
Class org.jetbrains.kotlin.gradle.plugin.AndroidGradlePluginVersion                   : loaded 3 times (x 75B)
Class org.jetbrains.kotlin.gradle.tasks.KotlinJavaToolchain                           : loaded 3 times (x 70B)
Class [Lkotlin.reflect.KAnnotatedElement;                                             : loaded 3 times (x 69B)
Class org.jetbrains.org.objectweb.asm.tree.VarInsnNode                                : loaded 3 times (x 78B)
Class com.android.build.gradle.internal.tasks.AsarsToCompatSplitsTask$CreationAction  : loaded 3 times (x 90B)
Class com.android.build.gradle.internal.variant.DefaultBuildTypeComparator            : loaded 3 times (x 90B)
Class kotlin.io.ByteStreamsKt                                                         : loaded 3 times (x 71B)
Class org.jetbrains.kotlin.gradle.plugin.sources.android.SingleTargetKotlinAndroidSourceSetNaming: loaded 3 times (x 75B)
Class com.android.build.gradle.internal.core.dsl.impl.ComponentDslInfoImpl$mergedFlavor$2: loaded 3 times (x 79B)
Class com.android.build.api.attributes.AgpVersionAttr$Impl                            : loaded 3 times (x 88B)
Class com.android.build.api.variant.impl.ApplicationVariantImpl                       : loaded 3 times (x 611B)
Class com.android.builder.utils.SynchronizedFile$LockingScope                         : loaded 3 times (x 79B)
Class com.google.wireless.android.sdk.stats.UpgradeAssistantComponentEvent            : loaded 3 times (x 214B)
Class com.google.wireless.android.sdk.stats.GradlePluginDslUsageStatsOrBuilder        : loaded 3 times (x 70B)
Class com.google.wireless.android.sdk.stats.MotionLayoutEditorEventOrBuilder          : loaded 3 times (x 70B)
Class [Lcom.google.wireless.android.sdk.stats.TestRun$TestInvocationType;             : loaded 3 times (x 69B)
Class org.jetbrains.kotlin.daemon.common.DaemonJVMOptions                             : loaded 3 times (x 75B)
Class org.jetbrains.kotlin.incremental.IncrementalModuleInfo                          : loaded 3 times (x 72B)
Class org.jetbrains.kotlin.gradle.tasks.KotlinCompile$createCompilerArguments$1$3     : loaded 3 times (x 79B)
Class org.jetbrains.kotlin.cli.common.arguments.CommonToolArguments$Companion         : loaded 3 times (x 71B)
Class com.android.build.gradle.tasks.CommandLineArgumentProviderAdapter               : loaded 3 times (x 75B)
Class com.android.build.gradle.tasks.PackageApplication_Decorated                     : loaded 3 times (x 456B)
Class com.android.build.gradle.internal.tasks.featuresplit.PackagedDependenciesWriterTaskKt$aarOrJarType$1: loaded 3 times (x 74B)
Class com.android.build.gradle.internal.ide.dependencies.ArtifactCollectionsInputsImpl: loaded 3 times (x 83B)
Class com.android.build.gradle.internal.res.LinkApplicationAndroidResourcesTask$Companion: loaded 3 times (x 71B)
Class com.sun.xml.bind.v2.runtime.reflect.Lister$ArrayLister                          : loaded 3 times (x 77B)
Class com.sun.xml.bind.v2.runtime.property.PropertyImpl                               : loaded 3 times (x 102B)
Class com.sun.xml.bind.v2.model.impl.RuntimeBuiltinLeafInfoImpl$17                    : loaded 3 times (x 136B)
Class com.sun.xml.bind.v2.runtime.BridgeContextImpl                                   : loaded 3 times (x 77B)
Class com.sun.xml.bind.v2.runtime.ElementBeanInfoImpl                                 : loaded 3 times (x 89B)
Class com.sun.xml.bind.v2.runtime.BridgeAdapter                                       : loaded 3 times (x 87B)
Class com.android.repository.impl.meta.Archive$ArchiveFile                            : loaded 3 times (x 79B)
Class [Lorg.jetbrains.kotlin.gradle.plugin.statistics.plugins.ObservablePlugins;      : loaded 3 times (x 69B)
Class com.google.devtools.ksp.gradle.KspSubpluginKt                                   : loaded 3 times (x 71B)
Class org.jetbrains.kotlin.gradle.plugin.internal.BuildIdService$Companion$registerIfAbsent$1$1: loaded 3 times (x 75B)
Class org.jetbrains.kotlin.gradle.plugin.mpp.compilationImpl.factory.KotlinCompilationDependencyConfigurationsFactoriesKt$WhenMappings: loaded 3 times (x 71B)
Class com.android.build.gradle.internal.PropertiesValueSource$Params$Inject_          : loaded 3 times (x 106B)
Class com.android.build.gradle.internal.VariantTaskManager$createReportTasks$2        : loaded 3 times (x 75B)
Class com.android.build.gradle.internal.lint.LintTaskManager$createLintTasks$6        : loaded 3 times (x 75B)
Class com.android.build.gradle.internal.transforms.ShrinkAppBundleResourcesTask       : loaded 3 times (x 339B)
Class com.android.build.gradle.internal.TaskManager$createPackagingTask$3             : loaded 3 times (x 75B)
Class com.android.build.gradle.internal.res.LinkApplicationAndroidResourcesTask$BaseCreationAction: loaded 3 times (x 96B)
Class com.android.build.api.variant.impl.VariantImpl$externalExtensions$2             : loaded 3 times (x 79B)
Class com.android.build.gradle.internal.publishing.AndroidArtifacts$ConsumedConfigType: loaded 3 times (x 80B)
Class com.android.build.api.variant.impl.ApplicationAndroidResourcesImpl              : loaded 3 times (x 87B)
Class org.jetbrains.kotlin.gradle.plugin.SubpluginOption                              : loaded 3 times (x 72B)
Class org.jetbrains.kotlin.konan.target.KonanTarget$IOS_ARM64                         : loaded 3 times (x 78B)
Class org.jetbrains.kotlin.gradle.targets.js.dsl.KotlinWasmTargetDsl                  : loaded 3 times (x 70B)
Class org.jetbrains.kotlin.gradle.plugin.diagnostics.checkers.DisabledCinteropCommonizationInHmppProjectChecker$runChecks$1: loaded 3 times (x 88B)
Class org.jetbrains.kotlin.gradle.plugin.sources.ConsistencyCheck                     : loaded 3 times (x 72B)
Class org.jetbrains.kotlin.gradle.plugin.sources.DefaultKotlinSourceSetKt$defaultSourceSetLanguageSettingsChecker$2: loaded 3 times (x 78B)
Class org.jetbrains.kotlin.gradle.dsl.KotlinCommonToolOptions                         : loaded 3 times (x 70B)
Class org.jetbrains.kotlin.gradle.plugin.AbstractKotlinPlugin                         : loaded 3 times (x 79B)
Class org.jetbrains.kotlin.gradle.tasks.DefaultKotlinJavaToolchain$Companion$wireJvmTargetToJvm$1: loaded 3 times (x 75B)
Class org.jetbrains.kotlin.gradle.plugin.diagnostics.checkers.ComposePluginSuggestApplyChecker: loaded 3 times (x 74B)
Class org.jetbrains.kotlin.gradle.dsl.KotlinMultiplatformExtension                    : loaded 3 times (x 677B)
Class com.android.build.gradle.internal.tasks.factory.PreConfigAction                 : loaded 3 times (x 70B)
Class com.android.build.gradle.internal.plugins.BasePlugin$createVariantModel$1       : loaded 3 times (x 79B)
Class com.android.build.gradle.api.VersionedVariant                                   : loaded 3 times (x 70B)
Class com.android.build.gradle.internal.dsl.ManagedDevices$allDevices$1$1             : loaded 3 times (x 75B)
Class com.android.build.OutputFile                                                    : loaded 3 times (x 70B)
Class com.android.build.gradle.internal.dsl.OptimizationImpl$AgpDecorated             : loaded 3 times (x 83B)
Class org.objectweb.asm.commons.Method                                                : loaded 3 times (x 76B)
Class org.bouncycastle.operator.OperatorException                                     : loaded 3 times (x 82B)
Class com.android.build.gradle.internal.services.BuildServicesKt$getBuildService$1    : loaded 3 times (x 75B)
Class com.google.wireless.android.sdk.stats.GarbageCollectionStats$Builder            : loaded 3 times (x 299B)
Class com.android.build.gradle.internal.api.ApkVariantOutputImpl                      : loaded 3 times (x 130B)
Class [Lcom.google.gson.ToNumberPolicy;                                               : loaded 3 times (x 69B)
Class com.google.gson.ToNumberPolicy                                                  : loaded 3 times (x 83B)
Class [Lcom.android.build.gradle.options.Version;                                     : loaded 3 times (x 69B)
Class com.google.wireless.android.sdk.stats.GradleBuildProject$PluginType             : loaded 3 times (x 87B)
Class com.android.build.gradle.internal.services.BaseServices                         : loaded 3 times (x 70B)
Class com.android.build.api.dsl.TestedExtension                                       : loaded 3 times (x 70B)
Class com.android.build.gradle.internal.BadPluginException                            : loaded 3 times (x 82B)
Class org.gradle.toolchains.foojay.FoojayToolchainsConventionPlugin$apply$1$1         : loaded 3 times (x 78B)
Class com.android.build.api.variant.impl.SigningConfigImpl                            : loaded 3 times (x 79B)
Class org.jetbrains.kotlin.metadata.ProtoBuf$Type$Argument$Projection$1               : loaded 3 times (x 74B)
Class org.jetbrains.kotlin.protobuf.SmallSortedMap$EmptySet$1                         : loaded 3 times (x 78B)
Class org.jetbrains.kotlin.protobuf.AbstractMessageLite$Builder$LimitedInputStream    : loaded 3 times (x 92B)
Class com.android.build.api.variant.ResValue                                          : loaded 3 times (x 72B)
Class org.jetbrains.kotlin.gradle.plugin.mpp.compilationImpl.factory.KotlinCompilationImplFactory$PreConfigure: loaded 3 times (x 70B)
Class com.google.wireless.android.sdk.stats.ApplyChangesAgentError                    : loaded 3 times (x 204B)
Class com.google.wireless.android.sdk.stats.SmlTransformEvent                         : loaded 3 times (x 213B)
Class org.jetbrains.kotlin.gradle.plugin.mpp.KotlinJvmAndroidCompilation_Decorated    : loaded 3 times (x 247B)
Class org.jetbrains.kotlin.gradle.tasks.KotlinCompile$createCompilerArguments$1$4     : loaded 3 times (x 79B)
Class org.jetbrains.kotlin.gradle.tasks.configuration.AbstractKotlinCompileConfig$2   : loaded 3 times (x 79B)
Class org.jetbrains.kotlin.gradle.internal.transforms.BuildToolsApiClasspathEntrySnapshotTransform: loaded 3 times (x 82B)
Class com.android.build.gradle.internal.tasks.ValidateResourcesTask$Companion         : loaded 3 times (x 71B)
Class com.android.tools.lint.model.LintModelLintOptions                               : loaded 3 times (x 70B)
Class com.android.build.gradle.internal.scope.ArtifactTypeUtil                        : loaded 3 times (x 71B)
Class com.sun.xml.bind.v2.model.impl.AttributePropertyInfoImpl$1                      : loaded 3 times (x 71B)
Class com.sun.xml.bind.v2.model.core.PropertyInfo                                     : loaded 3 times (x 70B)
Class com.sun.xml.bind.v2.model.impl.RuntimeBuiltinLeafInfoImpl$18                    : loaded 3 times (x 136B)
Class javax.activation.MimeTypeParseException                                         : loaded 3 times (x 82B)
Class com.sun.xml.bind.WhiteSpaceProcessor                                            : loaded 3 times (x 71B)
Class com.sun.xml.bind.v2.runtime.AttributeAccessor                                   : loaded 3 times (x 70B)
Class com.sun.xml.bind.v2.model.annotation.Locatable                                  : loaded 3 times (x 70B)
Class com.android.sdklib.repository.generated.repository.v3.ObjectFactory             : loaded 3 times (x 79B)
Class com.android.build.gradle.internal.SdkLocator                                    : loaded 3 times (x 71B)
Class com.android.build.gradle.internal.publishing.ProcessedArtifactUtils             : loaded 3 times (x 71B)
Class com.android.build.gradle.internal.cxx.gradle.generator.CxxConfigurationModelKt  : loaded 3 times (x 71B)
Class com.android.build.gradle.internal.lint.AndroidLintTextOutputTask$VariantCreationAction: loaded 3 times (x 92B)
Class com.android.build.gradle.internal.publishing.AndroidArtifactsUtilKt             : loaded 3 times (x 71B)
Class com.android.build.gradle.internal.core.dsl.impl.InstrumentedTestDslInfoImpl$testLabel$1: loaded 3 times (x 74B)
Class com.android.build.gradle.internal.core.dsl.TestComponentDslInfo                 : loaded 3 times (x 70B)
Class com.android.build.gradle.internal.core.dsl.impl.ApplicationVariantDslInfoImpl$versionName$2$versionNameFromFlavors$1: loaded 3 times (x 78B)
Class com.android.build.api.variant.CodeTransparency                                  : loaded 3 times (x 70B)
Class com.android.build.gradle.internal.variant.VariantPathHelper$buildConfigSourceOutputDir$2: loaded 3 times (x 79B)
Class com.android.build.api.variant.impl.VariantBuilderImpl$registeredExtensionDelegate$1: loaded 3 times (x 78B)
Class org.jetbrains.kotlin.gradle.targets.js.npm.DefaultPeerNpmDependencyExtension$delegate$1: loaded 3 times (x 167B)
Class org.jetbrains.kotlin.gradle.targets.js.npm.NpmDependency                        : loaded 3 times (x 86B)
Class org.jetbrains.kotlin.gradle.targets.js.npm.DefaultNpmDependencyExtension        : loaded 3 times (x 152B)
Class org.jetbrains.kotlin.gradle.targets.js.npm.NpmDependency$Scope                  : loaded 3 times (x 79B)
Class org.jetbrains.kotlin.gradle.plugin.sources.FragmentConsistencyChecks$unstableFeaturesCheck$1: loaded 3 times (x 79B)
Class org.jetbrains.kotlin.gradle.plugin.sources.DefaultKotlinSourceSet               : loaded 3 times (x 141B)
Class org.jetbrains.kotlin.gradle.plugin.diagnostics.checkers.AndroidSourceSetLayoutV1SourceSetsNotFoundChecker: loaded 3 times (x 74B)
Class org.jetbrains.kotlin.gradle.utils.ConfigurationsKt$sam$org_gradle_api_Action$0  : loaded 3 times (x 75B)
Class org.jetbrains.kotlin.gradle.plugin.VariantImplementationFactories$Parameters    : loaded 3 times (x 70B)
Class com.android.build.gradle.internal.plugins.BasePlugin$createVariantModel$2       : loaded 3 times (x 79B)
Class com.android.build.gradle.internal.dsl.DexPackagingImpl$AgpDecorated_Decorated   : loaded 3 times (x 127B)
Class com.android.build.gradle.internal.dsl.ApplicationAndroidResourcesImpl$AgpDecorated_Decorated: loaded 3 times (x 182B)
Class com.android.build.gradle.internal.dsl.ManagedDevices$allDevices$1$2             : loaded 3 times (x 75B)
Class com.android.build.gradle.internal.dependency.SourceSetManager$createConfigurationsForSourceSet$2: loaded 3 times (x 75B)
Class com.android.build.gradle.internal.publishing.PublishingSpecs                    : loaded 3 times (x 71B)
Class com.android.build.gradle.internal.dsl.LibraryKeepRulesImpl                      : loaded 3 times (x 88B)
Class com.android.build.gradle.internal.dsl.BundleOptionsCodeTransparency             : loaded 3 times (x 77B)
Class com.android.prefs.PathLocator$singlePathOf$values$1                             : loaded 3 times (x 79B)
Class com.android.tools.analytics.AnalyticsSettings$optedIn$1                         : loaded 3 times (x 78B)
Class com.android.build.gradle.options.Option$Status$EXPERIMENTAL                     : loaded 3 times (x 71B)
Class com.android.build.gradle.internal.services.ServiceRegistrationAction            : loaded 3 times (x 74B)
Class com.android.build.gradle.internal.scope.InternalArtifactType$RES_STATIC_LIBRARY : loaded 3 times (x 74B)
Class com.android.tools.build.jetifier.core.utils.StdOutLogConsumer                   : loaded 3 times (x 77B)
Class com.google.gson.internal.UnsafeAllocator$3                                      : loaded 3 times (x 73B)
Class com.android.build.gradle.tasks.CompatibleScreensManifest$CreationAction         : loaded 3 times (x 90B)
Class org.jetbrains.kotlin.descriptors.Visibilities$Protected                         : loaded 3 times (x 79B)
Class org.jetbrains.kotlin.metadata.ProtoBuf$PackageOrBuilder                         : loaded 3 times (x 70B)
Class org.jetbrains.kotlin.metadata.jvm.JvmProtoBuf$JvmPropertySignature              : loaded 3 times (x 114B)
Class org.jetbrains.kotlin.metadata.ProtoBuf$ValueParameterOrBuilder                  : loaded 3 times (x 70B)
Class org.jetbrains.kotlin.protobuf.SmallSortedMap$EmptySet$2                         : loaded 3 times (x 78B)
Class com.android.build.gradle.internal.scope.InternalArtifactType$RUNTIME_LIBRARY_CLASSES_JAR: loaded 3 times (x 74B)
Class kotlin.text.StringsKt__StringsJVMKt                                             : loaded 3 times (x 71B)
Class com.android.build.gradle.internal.tasks.ListingFileRedirectTask$CreationAction  : loaded 3 times (x 92B)
Class com.android.build.gradle.internal.scope.InternalArtifactType$COMBINED_ART_PROFILE: loaded 3 times (x 74B)
Class com.android.build.gradle.internal.scope.InternalArtifactType$BUNDLE_IDE_MODEL   : loaded 3 times (x 74B)
Class com.android.build.gradle.internal.tasks.ExtractApksTask$CreationAction          : loaded 3 times (x 90B)
Class com.android.utils.concurrency.ReadWriteProcessLock$WriteLock                    : loaded 3 times (x 77B)
Class com.android.repository.impl.manager.RepoManagerImpl                             : loaded 3 times (x 96B)
Class com.google.wireless.android.sdk.stats.DeviceExplorerEvent                       : loaded 3 times (x 200B)
Class com.google.wireless.android.sdk.stats.NavSafeArgsEvent                          : loaded 3 times (x 198B)
Class com.google.common.collect.Table$Cell                                            : loaded 3 times (x 70B)
Class org.jetbrains.kotlin.daemon.client.DaemonReportMessage                          : loaded 3 times (x 72B)
Class org.jetbrains.kotlin.daemon.common.LoopbackNetworkInterface$ClientLoopbackSocketFactory: loaded 3 times (x 75B)
Class org.jetbrains.kotlin.daemon.common.FileSystemUtilsKt                            : loaded 3 times (x 71B)
Class org.jetbrains.kotlin.gradle.plugin.internal.state.TaskLoggers                   : loaded 3 times (x 71B)
Class com.google.devtools.ksp.gradle.KspSubpluginKt$findClasspathChanges$previousAndCurrentDataFiles$1: loaded 3 times (x 79B)
Class com.android.build.gradle.tasks.ProcessApplicationManifest$Companion             : loaded 3 times (x 71B)
Class com.android.build.api.variant.BuiltArtifact                                     : loaded 3 times (x 70B)
Class com.android.build.gradle.internal.core.dsl.impl.features.ManifestPlaceholdersDslInfoImpl$placeholders$2: loaded 3 times (x 79B)
Class com.android.build.gradle.internal.lint.LintModelWriterTask$partialResultsDirPath$1: loaded 3 times (x 74B)
Class com.google.gson.internal.ConstructorConstructor$9                               : loaded 3 times (x 76B)
Class com.sun.xml.bind.v2.runtime.unmarshaller.XmlVisitor$TextPredictor               : loaded 3 times (x 70B)
Class com.sun.xml.bind.v2.runtime.SchemaTypeTransducer                                : loaded 3 times (x 88B)
Class com.android.repository.impl.meta.Archive$HostConfig                             : loaded 3 times (x 72B)
Class javax.xml.bind.annotation.XmlRegistry                                           : loaded 3 times (x 70B)
Class com.sun.xml.bind.v2.model.impl.RuntimeBuiltinLeafInfoImpl$19                    : loaded 3 times (x 136B)
Class com.android.sdklib.repository.generated.common.v3.IdDisplayType                 : loaded 3 times (x 83B)
Class com.android.build.gradle.internal.SdkLocator$SdkLocationSource$getSdkLocation$1$1: loaded 3 times (x 79B)
Class org.jetbrains.kotlin.gradle.plugin.statistics.KotlinBuildStatisticsUtilsKt$collectGeneralConfigurationTimeMetrics$statisticOverhead$1$2: loaded 3 times (x 75B)
Class javax.xml.bind.ContextFinder$1                                                  : loaded 3 times (x 73B)
Class com.android.build.gradle.internal.utils.KgpUtils$configureKotlinCompileTasks$1  : loaded 3 times (x 75B)
Class org.jetbrains.kotlin.gradle.plugin.KotlinCompilation$DefaultImpls               : loaded 3 times (x 71B)
Class com.android.build.gradle.internal.dependency.DexingOutputSplitTransformKt$registerTransformWithOutputType$1: loaded 3 times (x 75B)
Class com.android.build.gradle.internal.dependency.AarTransform$Parameters_Decorated  : loaded 3 times (x 138B)
Class com.android.build.gradle.internal.dependency.PlatformAttrTransform              : loaded 3 times (x 78B)
Class com.android.build.gradle.internal.scope.InternalArtifactType$LINT_PARTIAL_RESULTS: loaded 3 times (x 74B)
Class com.android.build.gradle.internal.tasks.DeviceProviderInstrumentTestTask        : loaded 3 times (x 360B)
Class com.android.build.gradle.internal.tasks.PackageBundleTask                       : loaded 3 times (x 353B)
Class com.android.build.gradle.tasks.PackageAndroidArtifact$CreationAction            : loaded 3 times (x 92B)
Class com.android.build.api.variant.impl.SigningConfigImpl$storePassword$1            : loaded 3 times (x 75B)
Class com.android.build.gradle.internal.tasks.MergeGeneratedProguardFilesCreationAction: loaded 3 times (x 90B)
Class com.android.build.api.variant.impl.LayeredSourceDirectoriesImpl$all$1           : loaded 3 times (x 74B)
Class com.android.build.gradle.tasks.MergeSourceSetFolders$MergeAppAssetCreationAction: loaded 3 times (x 91B)
Class com.android.build.gradle.internal.tasks.AppPreBuildTask                         : loaded 3 times (x 336B)
Class com.android.build.gradle.internal.component.DynamicFeatureCreationConfig        : loaded 3 times (x 70B)
Class com.android.build.api.component.impl.ComponentImpl$useBuiltInKaptSupport$2      : loaded 3 times (x 79B)
Class com.android.build.api.variant.Sources                                           : loaded 3 times (x 70B)
Class com.android.build.gradle.internal.variant.TestedVariantData                     : loaded 3 times (x 70B)
Class com.google.devtools.ksp.gradle.AndroidPluginIntegration$decorateAndroidExtension$1: loaded 3 times (x 79B)
Class com.google.devtools.ksp.gradle.AndroidPluginIntegration                         : loaded 3 times (x 71B)
Class org.jetbrains.kotlin.gradle.utils.ProviderApiUtilsKt$providerWithLazyConvention$1: loaded 3 times (x 74B)
Class org.jetbrains.kotlin.konan.target.KonanTarget$Companion$predefinedTargets$2     : loaded 3 times (x 78B)
Class org.jetbrains.kotlin.gradle.plugin.sources.FragmentConsistencyChecks$unstableFeaturesCheck$2: loaded 3 times (x 78B)
Class org.jetbrains.kotlin.gradle.plugin.sources.android.KotlinAndroidSourceSetLayoutKt$multiplatformAndroidSourceSetLayoutV2$1: loaded 3 times (x 78B)
Class org.jetbrains.kotlin.gradle.plugin.KotlinPluginLifecycleImpl                    : loaded 3 times (x 80B)
Class org.jetbrains.kotlin.gradle.plugin.diagnostics.KotlinToolingDiagnostics$WasmWasiEnvironmentNotChosenExplicitly: loaded 3 times (x 73B)
Class org.jetbrains.kotlin.gradle.artifacts.KotlinNativeKlibArtifactKt$KotlinNativeKlibArtifact$1: loaded 3 times (x 74B)
Class org.jetbrains.kotlin.gradle.dsl.KotlinCommonCompilerOptionsDefault              : loaded 3 times (x 94B)
Class org.jetbrains.kotlin.gradle.dsl.KotlinCommonCompilerToolOptionsDefault          : loaded 3 times (x 82B)
Class org.jetbrains.kotlin.gradle.internal.properties.NativePropertiesLoader$isUseXcodeMessageStyleEnabled$1: loaded 3 times (x 75B)
Class org.jetbrains.kotlin.gradle.plugin.StatisticsBuildFlowManager_Decorated         : loaded 3 times (x 115B)
Class org.jetbrains.kotlin.gradle.report.BuildReportMode$Companion                    : loaded 3 times (x 71B)
Class org.jetbrains.kotlin.gradle.plugin.internal.JavaSourceSetsAccessor              : loaded 3 times (x 70B)
Class org.jetbrains.kotlin.gradle.plugin.internal.ConfigurationTimePropertiesAccessor : loaded 3 times (x 70B)
Class org.jetbrains.kotlin.gradle.plugin.VariantImplementationFactories$VariantImplementationFactory: loaded 3 times (x 70B)
Class com.android.build.gradle.internal.plugins.BasePlugin$createVariantModel$3       : loaded 3 times (x 79B)
Class com.android.build.gradle.internal.attribution.BuildAnalyzerIssueReporter        : loaded 3 times (x 72B)
Class com.android.build.api.variant.impl.DeferredActionManager                        : loaded 3 times (x 72B)
Class com.android.build.gradle.internal.dsl.EmulatorSnapshots                         : loaded 3 times (x 97B)
Class com.android.build.gradle.internal.dsl.DataBindingOptions$AgpDecorated           : loaded 3 times (x 112B)
Class com.android.build.gradle.internal.DefaultConfigData                             : loaded 3 times (x 72B)
Class com.android.build.gradle.internal.dsl.VectorDrawablesOptions_Decorated          : loaded 3 times (x 132B)
Class com.android.build.gradle.internal.dsl.decorator.annotation.WithLazyInitialization: loaded 3 times (x 70B)
Class com.android.build.api.dsl.ResourcesPackaging                                    : loaded 3 times (x 70B)
Class com.android.build.gradle.internal.model.CoreNdkBuildOptions                     : loaded 3 times (x 70B)
Class com.android.prefs.PathLocator$singlePathOf$values$2                             : loaded 3 times (x 78B)
Class com.android.build.gradle.internal.services.StringCachingBuildService            : loaded 3 times (x 84B)
Class com.android.build.gradle.internal.component.ComponentCreationConfig             : loaded 3 times (x 70B)
Class com.android.build.gradle.internal.variant.VariantModel                          : loaded 3 times (x 70B)
Class com.sun.xml.bind.api.Bridge                                                     : loaded 3 times (x 85B)
Class org.jetbrains.kotlin.descriptors.DeclarationDescriptor                          : loaded 3 times (x 70B)
Class org.jetbrains.kotlin.descriptors.DescriptorVisibilities                         : loaded 3 times (x 71B)
Class com.sun.xml.bind.v2.model.impl.RuntimeTypeInfoSetImpl                           : loaded 3 times (x 123B)
Class com.android.build.gradle.internal.lint.AndroidLintAnalysisTask$Companion        : loaded 3 times (x 71B)
Class org.jetbrains.kotlin.load.kotlin.KotlinJvmBinaryClass$AnnotationArrayArgumentVisitor: loaded 3 times (x 70B)
Class org.jetbrains.org.objectweb.asm.tree.LookupSwitchInsnNode                       : loaded 3 times (x 78B)
Class org.jetbrains.org.objectweb.asm.tree.FieldNode                                  : loaded 3 times (x 79B)
Class kotlin.collections.SetsKt                                                       : loaded 3 times (x 71B)
Class kotlin.text.StringsKt__IndentKt                                                 : loaded 3 times (x 71B)
Class com.google.wireless.android.sdk.stats.SdkIndexLoadingDetails                    : loaded 3 times (x 196B)
Class com.google.wireless.android.sdk.stats.BuildAttributionStatsOrBuilder            : loaded 3 times (x 70B)
Class [Lorg.jetbrains.kotlin.daemon.common.CompilationResultCategory;                 : loaded 3 times (x 69B)
Class org.jetbrains.kotlin.daemon.client.DaemonReportingTargets                       : loaded 3 times (x 72B)
Class com.sun.xml.bind.v2.model.impl.Utils$1                                          : loaded 3 times (x 77B)
Class com.android.build.gradle.internal.tasks.SigningConfigVersionsWriterTask_Decorated: loaded 3 times (x 393B)
Class com.android.build.gradle.tasks.MapSourceSetPathsTask$CreateAction$configure$6$2$1: loaded 3 times (x 78B)
Class com.sun.xml.bind.v2.runtime.reflect.Lister$CollectionLister                     : loaded 3 times (x 77B)
Class javax.xml.bind.annotation.XmlAccessOrder                                        : loaded 3 times (x 79B)
Class com.sun.xml.bind.v2.model.impl.RuntimeAnyTypeImpl                               : loaded 3 times (x 94B)
Class com.sun.xml.bind.v2.model.nav.Navigator                                         : loaded 3 times (x 70B)
Class com.android.build.gradle.internal.SdkLocator$ValidationResult                   : loaded 3 times (x 72B)
Class org.jetbrains.kotlin.gradle.plugin.mpp.ApplyUserDefinedAttributesKt$UserDefinedAttributesSetupAction$1$1: loaded 3 times (x 79B)
Class com.android.build.gradle.internal.scope.InternalArtifactType$TEST_FIXTURES_LINT_MODEL: loaded 3 times (x 74B)
Class org.jetbrains.kotlin.compilerRunner.CompilerSystemPropertiesService             : loaded 3 times (x 80B)
Class org.jetbrains.kotlin.gradle.plugin.mpp.compilationImpl.KotlinCompilationImpl$1  : loaded 3 times (x 79B)
Class org.jetbrains.kotlin.gradle.plugin.mpp.compilationImpl.factory.KotlinJvmCompilerOptionsFactory: loaded 3 times (x 74B)
Class com.android.build.gradle.internal.scope.BootClasspathBuilder                    : loaded 3 times (x 71B)
Class com.android.build.gradle.internal.publishing.AarOrJarTypeToConsume              : loaded 3 times (x 72B)
Class com.android.build.gradle.internal.lint.AndroidLintTask$SingleVariantCreationAction: loaded 3 times (x 95B)
Class com.android.build.api.artifact.SingleArtifact$METADATA_LIBRARY_DEPENDENCIES_REPORT: loaded 3 times (x 74B)
Class com.android.build.gradle.internal.tasks.FinalizeBundleTask$CreationAction$handleProvider$1: loaded 3 times (x 127B)
Class com.android.build.gradle.internal.tasks.SigningConfigVersionsWriterTask         : loaded 3 times (x 340B)
Class com.android.build.gradle.internal.tasks.featuresplit.PackagedDependenciesWriterTask$CreationAction$handleProvider$1: loaded 3 times (x 127B)
Class com.android.build.gradle.internal.scope.InternalArtifactType$MIXED_SCOPE_DEX_ARCHIVE: loaded 3 times (x 74B)
Class com.android.build.gradle.internal.tasks.MergeJavaResourceTask$CreationAction$handleProvider$1: loaded 3 times (x 127B)
Class com.android.build.api.variant.impl.SourcesImpl$manifestOverlayFiles$1           : loaded 3 times (x 74B)
Class com.android.build.gradle.internal.scope.InternalArtifactType$MANIFEST_MERGE_REPORT: loaded 3 times (x 74B)
Class com.android.build.gradle.internal.tasks.PrepareLintJarForPublish$CreationAction : loaded 3 times (x 90B)
Class [Lcom.android.tools.build.jetifier.processor.transform.proguard.patterns.GroupsReplacer;: loaded 3 times (x 69B)
Class com.android.tools.build.jetifier.processor.transform.bytecode.ByteCodeTransformer: loaded 3 times (x 77B)
Class com.google.gson.internal.ConstructorConstructor$13                              : loaded 3 times (x 75B)
Class com.android.build.gradle.internal.tasks.CheckMultiApkLibrariesTask$CreationAction: loaded 3 times (x 90B)
Class android.databinding.tool.DataBindingBuilder                                     : loaded 3 times (x 79B)
Class com.android.build.gradle.internal.component.InstrumentedTestCreationConfig      : loaded 3 times (x 70B)
Class org.jetbrains.kotlin.gradle.targets.js.npm.SemVer$Companion                     : loaded 3 times (x 71B)
Class org.jetbrains.kotlin.konan.target.KonanTarget$LINUX_ARM64                       : loaded 3 times (x 78B)
Class org.jetbrains.kotlin.konan.target.KonanTarget$LINUX_X64                         : loaded 3 times (x 78B)
Class [Lorg.jetbrains.kotlin.konan.target.Architecture;                               : loaded 3 times (x 69B)
Class org.jetbrains.kotlin.gradle.plugin.sources.android.AndroidBaseSourceSetName$Test: loaded 3 times (x 72B)
Class org.jetbrains.kotlin.gradle.targets.native.SetupEmbedAndSignAppleFrameworkTaskSideEffectKt$special$$inlined$KotlinTargetSideEffect$1: loaded 3 times (x 74B)
Class org.jetbrains.kotlin.gradle.plugin.mpp.KotlinUsages$KotlinCinteropCompatibility : loaded 3 times (x 77B)
Class org.jetbrains.kotlin.gradle.dsl.ExplicitApiMode                                 : loaded 3 times (x 79B)
Class org.jetbrains.kotlin.gradle.utils.GradleAttributesContainerUtilsKt              : loaded 3 times (x 71B)
Class org.jetbrains.kotlin.gradle.plugin.VariantImplementationFactories$Parameters$Inject_: loaded 3 times (x 106B)
Class org.jetbrains.kotlin.gradle.plugin.VariantImplementationFactories$Companion     : loaded 3 times (x 71B)
Class org.jetbrains.kotlin.gradle.plugin.internal.CustomPropertiesFileValueSource$Parameters_Decorated: loaded 3 times (x 130B)
Class org.jetbrains.kotlin.gradle.dsl.KotlinTopLevelExtensionConfig                   : loaded 3 times (x 70B)
Class com.android.build.gradle.internal.plugins.BasePlugin$createVariantModel$4       : loaded 3 times (x 79B)
Class com.android.build.api.variant.VariantFilter                                     : loaded 3 times (x 70B)
Class com.android.build.gradle.internal.tasks.factory.BootClasspathConfigImpl$bootClasspath$2: loaded 3 times (x 79B)
Class com.android.build.gradle.internal.dsl.ResourcesPackagingImpl$AgpDecorated       : loaded 3 times (x 86B)
Class com.android.build.gradle.internal.dsl.ExternalNativeBuild$AgpDecorated          : loaded 3 times (x 96B)
Class [Lcom.android.builder.model.TestOptions$Execution;                              : loaded 3 times (x 69B)
Class com.android.build.gradle.internal.dsl.LintOptions                               : loaded 3 times (x 201B)
Class com.android.build.gradle.internal.api.DefaultAndroidSourceDirectorySet$directories$1: loaded 3 times (x 143B)
Class com.android.build.api.dsl.Cmake                                                 : loaded 3 times (x 70B)
Class com.android.build.api.dsl.AarMetadata                                           : loaded 3 times (x 70B)
Class javax.xml.bind.annotation.XmlMimeType                                           : loaded 3 times (x 70B)
Class com.google.protobuf.UnknownFieldSet$Parser                                      : loaded 3 times (x 150B)
Class com.android.build.gradle.internal.dependency.GenericTransformParameters_Decorated: loaded 3 times (x 130B)
Class com.google.gson.internal.bind.ArrayTypeAdapter$1                                : loaded 3 times (x 75B)
Class com.google.common.collect.AbstractBiMap                                         : loaded 3 times (x 159B)
Class com.google.gson.internal.bind.JsonTreeWriter                                    : loaded 3 times (x 98B)
Class [Lcom.android.build.gradle.options.SyncOptions$ErrorFormatMode;                 : loaded 3 times (x 69B)
Class com.android.build.gradle.internal.utils.GradlePluginUtils                       : loaded 3 times (x 71B)
Class javax.xml.bind.annotation.adapters.CollapsedStringAdapter                       : loaded 3 times (x 75B)
Class com.android.build.gradle.internal.SdkHandler                                    : loaded 3 times (x 81B)
Class com.android.build.gradle.internal.api.InstallableVariantImpl                    : loaded 3 times (x 241B)
Class kotlin.reflect.KFunction                                                        : loaded 3 times (x 70B)
Class org.jetbrains.kotlin.metadata.deserialization.TypeTable                         : loaded 3 times (x 72B)
Class org.jetbrains.kotlin.load.kotlin.FileBasedKotlinClass$1                         : loaded 3 times (x 87B)
Class kotlin.sequences.SequencesKt__SequencesKt$asSequence$$inlined$Sequence$1        : loaded 3 times (x 75B)
Class org.jetbrains.kotlin.gradle.plugin.mpp.compilationImpl.factory.KotlinCompilationImplFactory$create$1: loaded 3 times (x 75B)
Class com.android.build.gradle.internal.scope.InternalArtifactType$JAVA_DOC_JAR       : loaded 3 times (x 74B)
Class javax.xml.bind.UnmarshalException                                               : loaded 3 times (x 85B)
Class com.google.wireless.android.sdk.stats.SmlCompletionRequestErrorEvent            : loaded 3 times (x 198B)
Class com.google.wireless.android.sdk.stats.DaggerEditorEvent                         : loaded 3 times (x 204B)
Class com.google.wireless.android.sdk.stats.GradlePluginUpgradeDialogStatsOrBuilder   : loaded 3 times (x 70B)
Class com.google.wireless.android.sdk.stats.UiToolsPreferencesEventOrBuilder          : loaded 3 times (x 70B)
Class org.jetbrains.kotlin.daemon.common.ReportSeverity                               : loaded 3 times (x 79B)
Class org.jetbrains.kotlin.compilerRunner.GradleCompilerRunnerWithWorkers$GradleKotlinCompilerWorkParameters_Decorated: loaded 3 times (x 142B)
Class org.jetbrains.kotlin.compilerRunner.CompilerSystemPropertiesService$properties$2: loaded 3 times (x 79B)
Class org.jetbrains.kotlin.gradle.incremental.IncrementalModuleInfoProvider           : loaded 3 times (x 70B)
Class com.android.build.gradle.internal.lint.VariantInputs_Decorated                  : loaded 3 times (x 183B)
Class com.android.build.gradle.internal.UsesSdkComponentsBuildService                 : loaded 3 times (x 70B)
Class javax.xml.bind.annotation.XmlElementWrapper                                     : loaded 3 times (x 70B)
Class javax.xml.bind.annotation.adapters.XmlJavaTypeAdapter                           : loaded 3 times (x 70B)
Class com.sun.xml.bind.v2.model.annotation.AnnotationSource                           : loaded 3 times (x 70B)
Class com.android.repository.impl.generated.v1.LocalPackage                           : loaded 3 times (x 140B)
Class com.android.sdklib.repository.legacy.io.FileOpImpl                              : loaded 3 times (x 78B)
Class org.jetbrains.kotlin.gradle.plugin.AndroidProjectHandler$wireKotlinTasks$preJavaKotlinOutput$1: loaded 3 times (x 75B)
Class org.jetbrains.kotlin.gradle.plugin.mpp.compilationImpl.KotlinCompilationImpl$2  : loaded 3 times (x 79B)
Class org.jetbrains.kotlin.gradle.internal.UsesClassLoadersCachingBuildService        : loaded 3 times (x 70B)
Class com.android.build.gradle.internal.TaskManager$configureTestData$1               : loaded 3 times (x 127B)
Class com.android.build.gradle.internal.transforms.ShrinkResourcesNewShrinkerTask$CreationAction: loaded 3 times (x 90B)
Class com.android.build.gradle.internal.scope.InternalArtifactType$STRIPPED_NATIVE_LIBS: loaded 3 times (x 74B)
Class com.android.build.api.variant.impl.FlatSourceDirectoriesImpl$addStaticSource$1  : loaded 3 times (x 75B)
Class com.android.build.api.artifact.SingleArtifact$MERGED_NATIVE_LIBS                : loaded 3 times (x 74B)
Class com.android.build.gradle.tasks.MapSourceSetPathsTask$CreateAction$handleProvider$1: loaded 3 times (x 127B)
Class com.android.build.gradle.internal.tasks.CheckManifest                           : loaded 3 times (x 334B)
Class com.android.build.gradle.internal.core.dsl.impl.features.NativeBuildDslInfoImpl : loaded 3 times (x 80B)
Class com.android.build.api.variant.TestedApkPackaging                                : loaded 3 times (x 70B)
Class com.android.build.api.variant.impl.ApplicationVariantBuilderImpl_Decorated      : loaded 3 times (x 262B)
Class org.jetbrains.kotlin.gradle.dsl.PlatformSourceSetConventionsChecker$runChecks$1 : loaded 3 times (x 88B)
Class org.jetbrains.kotlin.gradle.tooling.IncludeKotlinToolingMetadataInApkKt$includeKotlinToolingMetadataInApk$1$1: loaded 3 times (x 75B)
Class org.jetbrains.kotlin.gradle.plugin.sources.android.AndroidVariantTypeKt         : loaded 3 times (x 71B)
Class org.jetbrains.kotlin.gradle.plugin.mpp.compilationImpl.KotlinCompilationProcessorSideEffectKt$KotlinCompilationProcessorSideEffect$1: loaded 3 times (x 74B)
Class org.jetbrains.kotlin.gradle.dsl.KotlinJvmCompilerOptionsDefault                 : loaded 3 times (x 104B)
Class com.android.build.gradle.internal.dsl.decorator.LockableList                    : loaded 3 times (x 208B)
Class com.android.build.gradle.internal.dsl.decorator.SupportedPropertyType$Var$Int   : loaded 3 times (x 74B)
Class com.android.build.gradle.internal.dsl.decorator.SupportedPropertyType$Var$NullableBoolean: loaded 3 times (x 74B)
Class com.android.builder.model.ProductFlavor                                         : loaded 3 times (x 70B)
Class com.android.build.gradle.internal.services.ConfigPhaseFileCreator$Params        : loaded 3 times (x 70B)
Class com.android.tools.analytics.HostData$classLoadingBean$2                         : loaded 3 times (x 78B)
Class com.android.build.gradle.internal.attribution.BuildAnalyzerConfiguratorService  : loaded 3 times (x 76B)
Class com.android.build.gradle.options.TestRunnerArguments                            : loaded 3 times (x 79B)
Class com.android.build.gradle.internal.core.dsl.PublishableComponentDslInfo          : loaded 3 times (x 70B)
Class com.android.build.gradle.TestedAndroidConfig                                    : loaded 3 times (x 70B)
Class com.sun.xml.bind.v2.runtime.unmarshaller.XmlVisitor                             : loaded 3 times (x 70B)
Class org.jetbrains.kotlin.gradle.internal.StdlibDependencyManagementKt$addStdlibDependency$1$1$1$1: loaded 3 times (x 75B)
Class org.jetbrains.kotlin.metadata.ProtoBuf$Type$ArgumentOrBuilder                   : loaded 3 times (x 70B)
Class kotlin.jvm.internal.Lambda                                                      : loaded 3 times (x 75B)
Class org.jetbrains.kotlin.protobuf.GeneratedMessageLite$GeneratedExtension           : loaded 3 times (x 79B)
Class org.jetbrains.kotlin.load.kotlin.FileBasedKotlinClass$2                         : loaded 3 times (x 87B)
Class kotlin.collections.MapsKt__MapsKt                                               : loaded 3 times (x 71B)
Class com.google.wireless.android.sdk.stats.ParallelAndroidTestReportUiEvent          : loaded 3 times (x 201B)
Class com.google.wireless.android.sdk.stats.InteractivePreviewEvent                   : loaded 3 times (x 204B)
Class com.google.wireless.android.sdk.stats.EditorNotification                        : loaded 3 times (x 194B)
Class org.jetbrains.kotlin.daemon.common.CompilationResultCategory                    : loaded 3 times (x 79B)
Class org.jetbrains.kotlin.gradle.logging.GradleBufferingMessageCollector             : loaded 3 times (x 77B)
Class com.android.build.gradle.internal.testing.StaticTestData                        : loaded 3 times (x 88B)
Class org.jetbrains.kotlin.compilerRunner.KotlinCompilerArgumentsLogLevel$Companion   : loaded 3 times (x 71B)
Class org.jetbrains.kotlin.gradle.plugin.DefaultKotlinBasePlugin$addKotlinCompilerConfiguration$3$1: loaded 3 times (x 79B)
Class org.jetbrains.kotlin.gradle.tasks.AbstractKotlinCompile$defaultKotlinJavaToolchain$1: loaded 3 times (x 78B)
Class org.jetbrains.kotlin.gradle.report.BuildReportsService                          : loaded 3 times (x 72B)
Class org.jetbrains.kotlin.daemon.common.MultiModuleICSettings                        : loaded 3 times (x 72B)
Class com.android.build.gradle.internal.scope.ArtifactTypeUtil$getRegularFiles$1      : loaded 3 times (x 75B)
Class org.jetbrains.kotlin.gradle.plugin.statistics.KotlinStdlibConfigurationMetrics$collectMetrics$1: loaded 3 times (x 79B)
Class com.sun.xml.bind.annotation.OverrideAnnotationOf                                : loaded 3 times (x 70B)
Class com.sun.xml.bind.v2.model.impl.RuntimeValuePropertyInfoImpl                     : loaded 3 times (x 135B)
Class com.android.repository.impl.meta.LocalPackageImpl                               : loaded 3 times (x 131B)
Class com.android.repository.impl.generated.v1.RemotePackage                          : loaded 3 times (x 157B)
Class com.android.build.gradle.internal.SdkType                                       : loaded 3 times (x 79B)
Class com.android.build.gradle.internal.SdkDirectLoadingStrategy                      : loaded 3 times (x 72B)
Class org.jetbrains.kotlin.gradle.internal.transforms.BuildToolsApiClasspathEntrySnapshotTransform$Parameters: loaded 3 times (x 87B)
Class org.jetbrains.kotlin.gradle.plugin.KotlinCompilationInfoKt                      : loaded 3 times (x 71B)
Class org.jetbrains.kotlin.gradle.tasks.KotlinCompile                                 : loaded 3 times (x 503B)
Class com.android.builder.dexing.DependencyGraphUpdater                               : loaded 3 times (x 70B)
Class com.android.build.gradle.tasks.AnalyzeDependenciesTask$CreationAction           : loaded 3 times (x 90B)
Class com.android.build.gradle.internal.lint.AndroidLintTask                          : loaded 3 times (x 369B)
Class com.android.build.gradle.internal.tasks.DeviceProviderInstrumentTestTask$CreationAction: loaded 3 times (x 91B)
Class com.android.build.gradle.internal.services.R8ParallelBuildService               : loaded 3 times (x 75B)
Class com.android.build.gradle.internal.scope.InternalArtifactType$APKS_FROM_BUNDLE   : loaded 3 times (x 74B)
Class com.android.build.gradle.internal.tasks.AsarsToCompatSplitsTask$CreationAction$handleProvider$1: loaded 3 times (x 127B)
Class com.android.build.gradle.internal.tasks.MergeStartupProfileTask$CreationAction  : loaded 3 times (x 90B)
Class com.android.build.gradle.internal.tasks.ApkZipPackagingTask$CreationAction$handleProvider$1: loaded 3 times (x 127B)
Class com.android.build.gradle.tasks.PackageAndroidArtifact                           : loaded 3 times (x 368B)
Class com.android.build.gradle.internal.scope.InternalArtifactType$PACKAGED_RES       : loaded 3 times (x 74B)
Class com.android.tools.build.jetifier.core.pom.DependencyVersions                    : loaded 3 times (x 72B)
Class com.android.tools.build.jetifier.core.PackageMap$PackageRule$JsonData           : loaded 3 times (x 72B)
Class com.android.build.gradle.internal.component.HostTestCreationConfig              : loaded 3 times (x 70B)
Class com.android.build.gradle.internal.component.TestCreationConfig                  : loaded 3 times (x 70B)
Class com.android.build.api.attributes.BuildTypeAttr                                  : loaded 3 times (x 70B)
Class com.android.build.gradle.internal.core.dsl.impl.features.OptimizationDslInfoImpl$postProcessingOptions$2: loaded 3 times (x 79B)
Class com.android.build.api.variant.impl.DeviceTestBuilderImpl                        : loaded 3 times (x 96B)
Class com.android.build.api.variant.impl.MutableAndroidVersion                        : loaded 3 times (x 76B)
Class com.android.build.gradle.internal.scope.BuildFeatureValuesImpl                  : loaded 3 times (x 100B)
Class com.google.devtools.ksp.gradle.KspConfigurations$createAndroidSourceSetConfigurations$1: loaded 3 times (x 79B)
Class org.jetbrains.kotlin.gradle.internal.StdlibDependencyManagementKt               : loaded 3 times (x 71B)
Class org.jetbrains.kotlin.konan.target.KonanTarget$MINGW_X64                         : loaded 3 times (x 78B)
Class org.jetbrains.kotlin.gradle.dsl.PlatformSourceSetConventionsChecker$runChecks$2 : loaded 3 times (x 78B)
Class org.jetbrains.kotlin.gradle.utils.ObservableSet                                 : loaded 3 times (x 70B)
Class org.jetbrains.kotlin.gradle.plugin.diagnostics.KotlinToolingDiagnosticsCollectorKt: loaded 3 times (x 71B)
Class org.jetbrains.kotlin.gradle.plugin.mpp.HierarchyAttributeContainer              : loaded 3 times (x 87B)
Class org.jetbrains.kotlin.gradle.tasks.UsesKotlinJavaToolchain                       : loaded 3 times (x 70B)
Class org.jetbrains.kotlin.gradle.plugin.DefaultKotlinBasePlugin$apply$1              : loaded 3 times (x 75B)
Class org.jetbrains.kotlin.statistics.metrics.StringOverridePolicy$OVERRIDE           : loaded 3 times (x 85B)
Class org.jetbrains.kotlin.gradle.internal.properties.PropertiesBuildService$Params_Decorated: loaded 3 times (x 133B)
Class com.android.build.gradle.internal.tasks.SourceSetsTask$CreationAction           : loaded 3 times (x 91B)
Class com.android.build.gradle.internal.tasks.factory.GlobalTaskNames                 : loaded 3 times (x 70B)
Class com.android.build.api.artifact.impl.ArtifactsImpl$2$1                           : loaded 3 times (x 80B)
Class com.android.build.api.dsl.PublishingOptions                                     : loaded 3 times (x 70B)
Class com.android.build.gradle.internal.dsl.ExternalNativeCmakeOptions                : loaded 3 times (x 108B)
Class org.jetbrains.kotlin.gradle.tasks.CacheableTasksKt$cacheOnlyIfEnabledForKotlin$1: loaded 3 times (x 75B)
Class com.google.common.util.concurrent.AbstractFuture$AtomicHelper                   : loaded 3 times (x 78B)
Class com.android.build.gradle.internal.dsl.NdkBuildOptions                           : loaded 3 times (x 92B)
Class com.android.build.gradle.internal.dsl.DataBindingOptions                        : loaded 3 times (x 108B)
Class com.android.build.gradle.internal.services.AndroidLocationsBuildService$AndroidDirectoryCreator: loaded 3 times (x 80B)
Class com.google.gson.internal.JsonReaderInternalAccess                               : loaded 3 times (x 72B)
Class com.android.build.gradle.internal.res.Aapt2FromMaven$Companion$create$1         : loaded 3 times (x 75B)
Class com.android.build.gradle.options.Option$Status                                  : loaded 3 times (x 71B)
Class com.android.prefs.AndroidLocationsProvider                                      : loaded 3 times (x 70B)
Class com.android.build.api.variant.ApplicationVariant                                : loaded 3 times (x 70B)
Class com.android.build.api.variant.impl.ConfigurableFileTreeBasedDirectoryEntryImpl$asFiles$1: loaded 3 times (x 77B)
Class com.android.build.gradle.internal.SdkComponentsBuildService$VersionedSdkLoader$sdkSetupCorrectly$1: loaded 3 times (x 75B)
Class com.android.repository.impl.meta.GenericFactory                                 : loaded 3 times (x 72B)
Class org.jetbrains.kotlin.gradle.tasks.AbstractKotlinCompile$compilerRunner$1        : loaded 3 times (x 75B)
Class com.sun.xml.bind.v2.runtime.JaxBeanInfo                                         : loaded 3 times (x 89B)
Class org.jetbrains.kotlin.metadata.ProtoBuf$Class                                    : loaded 3 times (x 180B)
Class org.jetbrains.kotlin.metadata.ProtoBuf$Property$1                               : loaded 3 times (x 144B)
Class org.jetbrains.kotlin.metadata.ProtoBuf$Type                                     : loaded 3 times (x 145B)
Class com.android.ide.common.resources.DataMerger                                     : loaded 3 times (x 97B)
Class org.jetbrains.kotlin.load.kotlin.FileBasedKotlinClass$3                         : loaded 3 times (x 77B)
Class com.sun.xml.bind.v2.model.annotation.XmlElementRefQuick                         : loaded 3 times (x 94B)
Class com.sun.xml.bind.v2.runtime.property.ArrayElementNodeProperty                   : loaded 3 times (x 105B)
Class com.sun.xml.bind.v2.ClassFactory$1                                              : loaded 3 times (x 83B)
Class com.google.wireless.android.sdk.stats.LldbPerformanceStats                      : loaded 3 times (x 198B)
Class com.google.wireless.android.sdk.stats.GradleSyncStats                           : loaded 3 times (x 233B)
Class com.google.wireless.android.sdk.stats.JvmDetails                                : loaded 3 times (x 214B)
Class com.google.wireless.android.sdk.stats.SoongRunEventOrBuilder                    : loaded 3 times (x 70B)
Class org.jetbrains.kotlin.gradle.internal.kapt.incremental.UnknownSnapshot           : loaded 3 times (x 72B)
Class org.jetbrains.kotlin.statistics.metrics.IMetricContainer                        : loaded 3 times (x 70B)
Class org.jetbrains.kotlin.gradle.plugin.KotlinPlatformPluginBase                     : loaded 3 times (x 76B)
Class com.android.build.gradle.internal.dependency.AarResourcesCompilerTransform$Parameters$Inject_: loaded 3 times (x 110B)
Class com.android.build.gradle.internal.tasks.DeviceProviderInstrumentTestTask$TestRunnerFactory: loaded 3 times (x 89B)
Class com.android.build.gradle.internal.scope.InternalArtifactType$AIDL_SOURCE_OUTPUT_DIR: loaded 3 times (x 74B)
Class com.sun.xml.bind.v2.runtime.property.SingleElementLeafProperty                  : loaded 3 times (x 102B)
Class com.android.sdklib.repository.generated.addon.v3.AddonDetailsType               : loaded 3 times (x 133B)
Class com.sun.xml.bind.api.impl.NameConverter$Standard                                : loaded 3 times (x 93B)
Class com.sun.xml.bind.v2.model.annotation.Init                                       : loaded 3 times (x 71B)
Class com.android.repository.impl.generated.v1.RevisionType                           : loaded 3 times (x 82B)
Class com.android.sdklib.repository.generated.common.v1.ObjectFactory                 : loaded 3 times (x 75B)
Class com.android.build.gradle.internal.SdkComponentsBuildService$VersionedSdkLoader$adbHelper$1: loaded 3 times (x 75B)
Class com.android.build.gradle.internal.scope.BuildArtifactSpec$Companion             : loaded 3 times (x 71B)
Class org.jetbrains.kotlin.gradle.incremental.UsesIncrementalModuleInfoBuildService   : loaded 3 times (x 70B)
Class com.android.build.gradle.internal.dependency.ExtractJniTransform                : loaded 3 times (x 78B)
Class com.android.build.gradle.internal.lint.LintTaskManager$createLintTasks$lintVitalTask$1$1: loaded 3 times (x 75B)
Class com.android.build.gradle.internal.scope.InternalArtifactType$LINT_SARIF_REPORT  : loaded 3 times (x 74B)
Class com.android.build.gradle.internal.scope.InternalArtifactType$SHRUNK_RESOURCES_PROTO_FORMAT: loaded 3 times (x 74B)
Class com.android.build.gradle.tasks.JavaCompileCreationAction$handleProvider$1       : loaded 3 times (x 78B)
Class com.android.build.api.component.impl.features.ResValuesCreationConfigImpl       : loaded 3 times (x 75B)
Class com.google.gson.internal.ConstructorConstructor$16                              : loaded 3 times (x 75B)
Class com.android.build.api.component.impl.DeviceTestImpl$androidResources$2          : loaded 3 times (x 79B)
Class com.android.build.api.variant.impl.ApplicationVariantImpl$dependenciesInfo$2    : loaded 3 times (x 79B)
Class org.jetbrains.kotlin.konan.target.KonanTarget$ANDROID_X86                       : loaded 3 times (x 78B)
Class org.jetbrains.kotlin.gradle.dsl.PlatformSourceSetConventionsChecker$runChecks$3 : loaded 3 times (x 78B)
Class org.jetbrains.kotlin.gradle.plugin.sources.android.configurator.Agp7AddKotlinSourcesToAndroidSourceSetConfigurator$configure$1: loaded 3 times (x 75B)
Class org.jetbrains.kotlin.gradle.plugin.sources.android.AndroidBaseSourceSetName$Main: loaded 3 times (x 72B)
Class org.jetbrains.kotlin.gradle.plugin.RegisterKotlinPluginExtensionsKt             : loaded 3 times (x 71B)
Class org.jetbrains.kotlin.gradle.plugin.mpp.resources.resolve.KotlinTargetResourcesResolutionStrategy: loaded 3 times (x 79B)
Class org.jetbrains.kotlin.gradle.utils.CompilerOptionsKt$configureExperimentalTryNext$1$1: loaded 3 times (x 78B)
Class org.jetbrains.kotlin.gradle.utils.CompilerOptionsKt                             : loaded 3 times (x 71B)
Class org.jetbrains.kotlin.gradle.utils.SingleAction                                  : loaded 3 times (x 73B)
Class org.jetbrains.kotlin.gradle.plugin.PropertiesProvider$Companion                 : loaded 3 times (x 71B)
Class org.jetbrains.kotlin.gradle.plugin.internal.DefaultConfigurationTimePropertiesAccessorVariantFactory: loaded 3 times (x 76B)
Class com.android.build.api.dsl.Device                                                : loaded 3 times (x 70B)
Class com.android.build.gradle.internal.attribution.BuildAnalyzerConfiguratorService$initBuildAnalyzerService$1$1$1$1: loaded 3 times (x 78B)
Class com.android.build.gradle.internal.dsl.VectorDrawablesOptions                    : loaded 3 times (x 87B)
Class com.google.wireless.android.sdk.stats.JavaProcessStats$Builder                  : loaded 3 times (x 305B)
Class com.android.build.gradle.internal.attribution.BuildAnalyzerService$Inject_      : loaded 3 times (x 104B)
Class com.google.wireless.android.sdk.stats.GradleBuildVariant$Builder                : loaded 3 times (x 380B)
Class [Lcom.google.common.base.CaseFormat;                                            : loaded 3 times (x 69B)
Class com.android.build.gradle.internal.profile.NoOpAnalyticsService$RegistrationAction: loaded 3 times (x 74B)
Class com.google.gson.internal.bind.ReflectiveTypeAdapterFactory                      : loaded 3 times (x 75B)
Class com.google.gson.internal.sql.SqlTimestampTypeAdapter                            : loaded 3 times (x 76B)
Class com.android.build.gradle.internal.tasks.factory.BootClasspathConfigImpl         : loaded 3 times (x 79B)
Class com.android.build.gradle.internal.tasks.factory.GlobalTaskCreationConfig        : loaded 3 times (x 70B)
Class com.android.build.gradle.internal.tasks.factory.BootClasspathConfig             : loaded 3 times (x 70B)
Class com.android.build.gradle.internal.dependency.ArtifactCollectionWithExtraArtifact$TestedComponentIdentifierImpl: loaded 3 times (x 80B)
Class com.android.sdklib.repository.targets.PlatformTarget$1                          : loaded 3 times (x 75B)
Class org.jetbrains.kotlin.load.kotlin.FileBasedKotlinClass$4                         : loaded 3 times (x 87B)
Class org.jetbrains.kotlin.compilerRunner.GradleKotlinCompilerRunnerKt                : loaded 3 times (x 71B)
Class com.google.wireless.android.sdk.stats.SmlConfigurationEvent                     : loaded 3 times (x 204B)
Class com.google.wireless.android.sdk.stats.MetaMetrics                               : loaded 3 times (x 198B)
Class com.google.wireless.android.sdk.stats.TestRun$TestKind$1                        : loaded 3 times (x 76B)
Class org.jetbrains.kotlin.incremental.ClasspathChanges$ClasspathSnapshotEnabled$IncrementalRun$NoChanges: loaded 3 times (x 73B)
Class org.jetbrains.kotlin.daemon.common.DaemonJVMOptionsMemoryComparator             : loaded 3 times (x 89B)
Class org.jetbrains.kotlin.buildtools.api.SourcesChanges$Known                        : loaded 3 times (x 74B)
Class org.jetbrains.kotlin.gradle.tasks.KotlinCompile$defaultKotlinJavaToolchain$1    : loaded 3 times (x 79B)
Class org.jetbrains.kotlin.gradle.tasks.KotlinJavaToolchain$JavaToolchainSetter       : loaded 3 times (x 70B)
Class com.android.build.gradle.tasks.JavaCompileUtils$checkDeprecatedSourceAndTargetAtExecutionTime$1: loaded 3 times (x 75B)
Class com.android.build.gradle.internal.lint.BuildFeaturesInput_Decorated             : loaded 3 times (x 131B)
Class com.sun.xml.bind.v2.runtime.Utils                                               : loaded 3 times (x 71B)
Class com.sun.xml.bind.v2.runtime.property.ArrayReferenceNodeProperty$MixedTextLoader : loaded 3 times (x 78B)
Class com.sun.xml.bind.v2.runtime.unmarshaller.XsiNilLoader$Array                     : loaded 3 times (x 80B)
Class com.android.sdklib.repository.generated.repository.v3.SourceDetailsType         : loaded 3 times (x 112B)
Class com.sun.xml.bind.v2.model.annotation.ClassLocatable                             : loaded 3 times (x 78B)
Class com.sun.xml.bind.AccessorFactory                                                : loaded 3 times (x 70B)
Class org.jetbrains.kotlin.gradle.plugin.SubpluginEnvironment$addSubpluginOptions$configureKotlinTask$1: loaded 3 times (x 79B)
Class com.android.build.gradle.internal.variant.BaseVariantData$getGeneratedBytecode$1: loaded 3 times (x 74B)
Class com.android.build.gradle.internal.publishing.TestFixturesVariantSpecBuilder     : loaded 3 times (x 90B)
Class com.android.build.gradle.internal.dependency.DexingOutputSplitTransformKt$registerTransformWithOutputType$1$WhenMappings: loaded 3 times (x 71B)
Class com.android.build.gradle.internal.dependency.ExtractJniTransform$Inject_1       : loaded 3 times (x 109B)
Class com.android.build.gradle.internal.tasks.AndroidTestTask                         : loaded 3 times (x 70B)
Class com.android.build.gradle.internal.res.ConvertLinkedResourcesToProtoTask$CreationAction: loaded 3 times (x 91B)
Class [Lcom.android.build.gradle.internal.tasks.DexMergingAction;                     : loaded 3 times (x 69B)
Class com.android.build.gradle.internal.tasks.ClassesClasspathUtils                   : loaded 3 times (x 72B)
Class com.android.build.gradle.tasks.JavaCompileCreationAction$handleProvider$2       : loaded 3 times (x 78B)
Class com.android.build.gradle.internal.scope.InternalArtifactType$LINKED_RESOURCES_FOR_BUNDLE_PROTO_FORMAT: loaded 3 times (x 74B)
Class com.android.build.gradle.internal.scope.InternalArtifactType$LINKED_RESOURCES_BINARY_FORMAT: loaded 3 times (x 74B)
Class com.android.build.gradle.internal.tasks.ExtractNativeDebugMetadataTask$SymbolTableCreationAction: loaded 3 times (x 91B)
Class [Lcom.android.build.gradle.internal.variant.BaseVariantData$DiscoverableFilterType;: loaded 3 times (x 69B)
Class org.jetbrains.kotlin.gradle.dsl.PlatformSourceSetConventionsChecker$runChecks$4 : loaded 3 times (x 78B)
Class org.jetbrains.kotlin.gradle.plugin.diagnostics.checkers.JsLikeEnvironmentChecker$runChecks$1: loaded 3 times (x 88B)
Class org.jetbrains.kotlin.gradle.tooling.IncludeKotlinToolingMetadataInApkKt$includeKotlinToolingMetadataInApk$1: loaded 3 times (x 75B)
Class org.jetbrains.kotlin.gradle.utils.ForEachAndroidVariantKt                       : loaded 3 times (x 71B)
Class org.jetbrains.kotlin.gradle.plugin.diagnostics.UsesKotlinToolingDiagnostics     : loaded 3 times (x 70B)
Class org.jetbrains.kotlin.gradle.plugin.diagnostics.KotlinToolingDiagnostics$WasmJsEnvironmentNotChosenExplicitly: loaded 3 times (x 73B)
Class org.jetbrains.kotlin.tooling.core.ExtrasPropertyKt$extrasLazyProperty$1         : loaded 3 times (x 94B)
Class org.jetbrains.kotlin.statistics.metrics.BooleanAnonymizationPolicy$SAFE         : loaded 3 times (x 85B)
Class com.android.build.gradle.internal.tasks.SigningConfigUtils$Companion            : loaded 3 times (x 71B)
Class com.android.build.gradle.api.AndroidSourceDirectorySet                          : loaded 3 times (x 70B)
Class com.android.build.gradle.internal.dsl.NdkOptions                                : loaded 3 times (x 116B)
Class com.android.build.api.dsl.CompileOptions                                        : loaded 3 times (x 70B)
Class com.google.common.collect.Tables$ImmutableCell                                  : loaded 3 times (x 82B)
Class com.google.protobuf.GeneratedMessageV3                                          : loaded 3 times (x 177B)
Class com.android.build.gradle.internal.attribution.BuildAnalyzerService$Parameters   : loaded 3 times (x 70B)
Class com.google.gson.internal.sql.SqlDateTypeAdapter$1                               : loaded 3 times (x 75B)
Class com.android.build.gradle.options.OptionParsers                                  : loaded 3 times (x 71B)
Class com.google.wireless.android.sdk.stats.SmlConfigurationEventOrBuilder            : loaded 3 times (x 70B)
Class com.android.build.gradle.internal.services.AndroidLocationsBuildService         : loaded 3 times (x 90B)
Class com.google.wireless.android.sdk.stats.EssentialsModeEvent                       : loaded 3 times (x 194B)
Class com.android.build.api.variant.Variant                                           : loaded 3 times (x 70B)
Class com.android.build.api.dsl.ApplicationExtension                                  : loaded 3 times (x 70B)
Class com.android.build.gradle.internal.scope.BootClasspathBuilder$computeAdditionalAndRequestedOptionalLibraries$6: loaded 3 times (x 77B)
Class com.google.wireless.android.sdk.stats.DirectAccessUsageEvent                    : loaded 3 times (x 218B)
Class org.jetbrains.kotlin.metadata.ProtoBuf$Class$Kind                               : loaded 3 times (x 82B)
Class org.jetbrains.kotlin.protobuf.GeneratedMessageLite$Builder                      : loaded 3 times (x 128B)
Class org.jetbrains.kotlin.protobuf.WireFormat$FieldType$1                            : loaded 3 times (x 83B)
Class org.jetbrains.kotlin.metadata.jvm.JvmProtoBuf$JvmMethodSignatureOrBuilder       : loaded 3 times (x 70B)
Class org.jetbrains.kotlin.protobuf.ByteString                                        : loaded 3 times (x 108B)
Class [Lorg.jetbrains.kotlin.buildtools.api.jvm.ClassSnapshotGranularity;             : loaded 3 times (x 69B)
Class org.jetbrains.kotlin.gradle.dsl.KotlinJvmCompile$DefaultImpls                   : loaded 3 times (x 71B)
Class com.google.wireless.android.sdk.stats.AndroidStudioEvent$EventCategory$1        : loaded 3 times (x 76B)
Class [Lcom.google.wireless.android.sdk.stats.AndroidStudioEvent$EventKind;           : loaded 3 times (x 69B)
Class com.google.wireless.android.sdk.stats.LldbSessionEndDetails                     : loaded 3 times (x 203B)
Class com.google.wireless.android.sdk.stats.SplittingTabsUsageEvent                   : loaded 3 times (x 200B)
Class com.google.wireless.android.sdk.stats.DebuggerEventOrBuilder                    : loaded 3 times (x 70B)
Class com.google.wireless.android.sdk.stats.PSDEventOrBuilder                         : loaded 3 times (x 70B)
Class com.google.wireless.android.sdk.stats.UiDeviceSettingsEventOrBuilder            : loaded 3 times (x 70B)
Class com.google.wireless.android.sdk.stats.CoroutineDebuggerEventOrBuilder           : loaded 3 times (x 70B)
Class com.google.wireless.android.sdk.stats.GfxTracingDetailsOrBuilder                : loaded 3 times (x 70B)
Class org.jetbrains.kotlin.gradle.tasks.TaskOutputsBackup$deleteSnapshot$1            : loaded 3 times (x 75B)
Class org.jetbrains.kotlin.daemon.client.KotlinCompilerClient$tryFindSuitableDaemonOrNewOpts$$inlined$thenBy$1: loaded 3 times (x 90B)
Class org.jetbrains.kotlin.daemon.common.CompileService$CallResult                    : loaded 3 times (x 72B)
Class org.jetbrains.kotlin.gradle.tasks.AbstractKotlinCompile$compilerRunner$1$1      : loaded 3 times (x 76B)
Class com.google.wireless.android.sdk.stats.ProductDetails$Builder                    : loaded 3 times (x 316B)
Class com.google.devtools.ksp.gradle.KspTaskJvm_Decorated                             : loaded 3 times (x 613B)
Class com.android.build.gradle.internal.lint.AndroidArtifactInput$getGeneratedResourceFolders$1: loaded 3 times (x 79B)
Class com.android.build.gradle.internal.lint.ProjectInputs_Decorated                  : loaded 3 times (x 160B)
Class com.android.sdklib.repository.generated.common.v2.ApiDetailsType                : loaded 3 times (x 105B)
Class com.sun.xml.bind.v2.model.nav.ReflectionNavigator$BinderArg                     : loaded 3 times (x 73B)
Class com.sun.xml.bind.v2.model.impl.PropertyInfoImpl                                 : loaded 3 times (x 108B)
Class com.sun.xml.bind.v2.model.annotation.SecureLoader                               : loaded 3 times (x 71B)
Class com.sun.xml.bind.v2.runtime.output.Pcdata                                       : loaded 3 times (x 88B)
Class com.sun.xml.bind.v2.util.QNameMap                                               : loaded 3 times (x 72B)
Class com.sun.xml.bind.v2.runtime.JAXBContextImpl                                     : loaded 3 times (x 90B)
Class com.android.repository.impl.meta.RemotePackageImpl                              : loaded 3 times (x 144B)
Class com.android.repository.api.ProgressRunner                                       : loaded 3 times (x 70B)
Class com.android.sdklib.repository.generated.common.v1.package-info                  : loaded 3 times (x 70B)
Class com.android.sdklib.repository.meta.SdkCommonFactory                             : loaded 3 times (x 73B)
Class org.jetbrains.kotlin.gradle.internal.KotlinDependenciesManagementKt$configureDefaultVersionsResolutionStrategy$1$1$1: loaded 3 times (x 75B)
Class com.android.build.gradle.internal.scope.InternalArtifactType$LOCAL_AAR_FOR_LINT : loaded 3 times (x 74B)
Class org.jetbrains.kotlin.gradle.plugin.mpp.compilationImpl.DefaultKotlinCompilationSourceSetsContainer$allKotlinSourceSetsImpl$1$1: loaded 3 times (x 125B)
Class org.jetbrains.kotlin.gradle.plugin.mpp.compilationImpl.DefaultKotlinCompilationSourceSetsContainer: loaded 3 times (x 78B)
Class com.android.build.gradle.internal.dependency.ExtractProGuardRulesTransform      : loaded 3 times (x 78B)
Class com.android.build.gradle.internal.PropertiesValueSource$Inject_                 : loaded 3 times (x 109B)
Class com.android.build.gradle.internal.scope.InternalArtifactType$CONNECTED_ANDROID_TEST_ADDITIONAL_OUTPUT: loaded 3 times (x 74B)
Class com.android.build.api.variant.impl.ResourcesPackagingImpl$merges$1              : loaded 3 times (x 75B)
Class com.android.build.gradle.internal.scope.InternalArtifactType$DATA_BINDING_LAYOUT_INFO_TYPE_PACKAGE: loaded 3 times (x 74B)
Class com.android.build.gradle.internal.tasks.NewIncrementalTask                      : loaded 3 times (x 333B)
Class com.android.build.gradle.internal.tasks.factory.features.ResValuesTaskCreationAction: loaded 3 times (x 70B)
Class com.android.build.api.artifact.TaskBasedOperation                               : loaded 3 times (x 70B)
Class com.android.build.gradle.internal.scope.InternalArtifactType$BUNDLE_MANIFEST    : loaded 3 times (x 74B)
Class com.android.build.gradle.tasks.ProcessManifestForBundleTask                     : loaded 3 times (x 336B)
Class com.android.build.gradle.internal.dependency.ProvidedClasspath                  : loaded 3 times (x 71B)
Class com.android.tools.build.jetifier.processor.transform.proguard.ProGuardClassSpecParser$Companion: loaded 3 times (x 71B)
Class com.google.gson.internal.ConstructorConstructor$18                              : loaded 3 times (x 75B)
Class com.android.build.gradle.internal.core.dsl.impl.ApplicationVariantDslInfoImpl$versionName$2$2: loaded 3 times (x 75B)
Class org.jetbrains.kotlin.konan.target.KonanTarget$TVOS_SIMULATOR_ARM64              : loaded 3 times (x 78B)
Class org.jetbrains.kotlin.konan.target.KonanTarget$Companion                         : loaded 3 times (x 71B)
Class org.jetbrains.kotlin.gradle.plugin.KotlinPluginLifecycle$Stage$Companion        : loaded 3 times (x 71B)
Class org.jetbrains.kotlin.gradle.plugin.diagnostics.checkers.DeprecatedKotlinNativeTargetsChecker: loaded 3 times (x 74B)
Class org.jetbrains.kotlin.gradle.targets.native.ConfigureFrameworkExportSideEffectKt$special$$inlined$KotlinTargetSideEffect$1: loaded 3 times (x 74B)
Class org.jetbrains.kotlin.tooling.core.AbstractExtras                                : loaded 3 times (x 141B)
Class org.jetbrains.kotlin.gradle.targets.native.toolchain.KotlinNativeBundleArtifactFormat$addKotlinNativeBundleConfiguration$1: loaded 3 times (x 79B)
Class org.jetbrains.kotlin.gradle.plugin.internal.KotlinTestReportCompatibilityHelper : loaded 3 times (x 70B)
Class com.android.build.gradle.internal.lint.AndroidLintGlobalTask                    : loaded 3 times (x 326B)
Class com.android.build.gradle.internal.dsl.BuildType$Companion                       : loaded 3 times (x 71B)
Class com.android.build.api.artifact.Artifacts                                        : loaded 3 times (x 70B)
Class com.android.build.gradle.internal.services.FakeDependencyJarBuildService$lazyCachedFakeJar$1: loaded 3 times (x 75B)
Class com.android.build.gradle.internal.dsl.JavaCompileOptions$AgpDecorated_Decorated : loaded 3 times (x 130B)
Class com.android.build.gradle.internal.dsl.BundleOptionsLanguage                     : loaded 3 times (x 77B)
Class com.android.build.gradle.internal.dsl.BundleOptionsCountrySet                   : loaded 3 times (x 81B)
Class com.android.build.api.dsl.DynamicFeatureProductFlavor                           : loaded 3 times (x 70B)
Class com.android.builder.model.Named                                                 : loaded 3 times (x 70B)
Class org.jetbrains.kotlin.statistics.AnonymizerUtilsKt$salt$2                        : loaded 3 times (x 78B)
Class com.google.protobuf.MessageLite$Builder                                         : loaded 3 times (x 70B)
Class com.android.build.gradle.options.ApiStage$Experimental                          : loaded 3 times (x 72B)
Class com.android.build.gradle.internal.core.dsl.ApkProducingComponentDslInfo         : loaded 3 times (x 70B)
Class com.android.build.api.extension.impl.AndroidComponentsExtensionImpl             : loaded 3 times (x 105B)
Class org.jetbrains.kotlin.gradle.internal.kapt.incremental.StructureTransformAction  : loaded 3 times (x 78B)
Class com.android.build.gradle.internal.dsl.DependenciesInfoImpl$AgpDecorated         : loaded 3 times (x 84B)
Class com.android.build.gradle.internal.dsl.PrivacySandboxImpl$AgpDecorated_Decorated : loaded 3 times (x 126B)
Class com.android.build.gradle.internal.DependencyResourcesComputer$ResourceSourceSetInput_Decorated: loaded 3 times (x 127B)
Class org.jetbrains.kotlin.metadata.ProtoBuf$TypeParameter                            : loaded 3 times (x 130B)
Class org.jetbrains.kotlin.metadata.ProtoBuf$ValueParameter$1                         : loaded 3 times (x 144B)
Class [Lorg.jetbrains.kotlin.protobuf.WireFormat$FieldType;                           : loaded 3 times (x 69B)
Class org.jetbrains.kotlin.protobuf.WireFormat$FieldType$2                            : loaded 3 times (x 83B)
Class com.android.build.gradle.internal.AndroidJarInput$sdkLoader$1                   : loaded 3 times (x 75B)
Class [Lorg.jetbrains.kotlin.gradle.plugin.KotlinCompilerArgumentsProducer$ArgumentType;: loaded 3 times (x 69B)
Class org.jetbrains.kotlin.gradle.tasks.KotlinCompile$createCompilerArguments$1       : loaded 3 times (x 79B)
Class com.google.wireless.android.sdk.stats.TestScenarioEvent                         : loaded 3 times (x 200B)
Class com.google.wireless.android.sdk.stats.DeviceInfo                                : loaded 3 times (x 232B)
Class com.google.wireless.android.sdk.stats.EditorHighlightingStatsOrBuilder          : loaded 3 times (x 70B)
Class com.android.tools.analytics.TestSupportLibraries$setters$1$20                   : loaded 3 times (x 125B)
Class org.jetbrains.kotlin.incremental.ClasspathChanges$ClasspathSnapshotEnabled$IncrementalRun: loaded 3 times (x 72B)
Class org.jetbrains.kotlin.daemon.common.CompilerId                                   : loaded 3 times (x 75B)
Class org.jetbrains.kotlin.build.report.FileReportSettings                            : loaded 3 times (x 72B)
Class org.jetbrains.kotlin.gradle.tasks.AbstractKotlinCompile$compilerRunner$1$2      : loaded 3 times (x 75B)
Class org.jetbrains.kotlin.gradle.plugin.KotlinCompilerArgumentsProducer$ArgumentType$Companion: loaded 3 times (x 71B)
Class com.android.build.gradle.internal.attribution.BuildAnalyzerService$Parameters$Inject_: loaded 3 times (x 118B)
Class org.jetbrains.kotlin.gradle.plugin.statistics.KotlinBuildStatsLoggerService$initSessionLogger$1: loaded 3 times (x 79B)
Class com.android.build.gradle.tasks.ResourceException                                : loaded 3 times (x 82B)
Class org.jetbrains.kotlin.build.report.metrics.BuildTimes                            : loaded 3 times (x 72B)
Class org.jetbrains.kotlin.gradle.tasks.KotlinCompile$ClasspathSnapshotProperties     : loaded 3 times (x 75B)
Class javax.xml.bind.annotation.XmlAnyAttribute                                       : loaded 3 times (x 70B)
Class com.sun.xml.bind.v2.model.impl.ValuePropertyInfoImpl                            : loaded 3 times (x 120B)
Class com.android.repository.impl.generated.v2.package-info                           : loaded 3 times (x 70B)
Class com.android.sdklib.repository.generated.addon.v1.package-info                   : loaded 3 times (x 70B)
Class com.android.sdklib.repository.legacy.LegacyDownloader                           : loaded 3 times (x 84B)
Class org.jetbrains.kotlin.gradle.plugin.mpp.KotlinSharedNativeCompilation            : loaded 3 times (x 195B)
Class org.jetbrains.kotlin.gradle.plugin.mpp.KotlinWithJavaCompilation                : loaded 3 times (x 199B)
Class org.jetbrains.org.objectweb.asm.tree.FieldInsnNode                              : loaded 3 times (x 79B)
Class com.android.build.gradle.internal.scope.InternalArtifactType$MODULE_AND_RUNTIME_DEPS_CLASSES: loaded 3 times (x 74B)
Class org.jetbrains.kotlin.gradle.internal.StdlibDependencyManagementKt$addStdlibDependency$1$1: loaded 3 times (x 79B)
Class org.jetbrains.kotlin.gradle.tasks.configuration.BaseKotlinCompileConfig$2$1     : loaded 3 times (x 75B)
Class org.jetbrains.kotlin.gradle.plugin.diagnostics.TransformActionUsingKotlinToolingDiagnostics: loaded 3 times (x 70B)
Class org.jetbrains.kotlin.gradle.plugin.mpp.compilationImpl.factory.DefaultProcessResourcesTaskNameFactory: loaded 3 times (x 74B)
Class com.android.build.gradle.internal.dependency.ModelArtifactCompatibilityRule$Companion: loaded 3 times (x 71B)
Class com.android.builder.files.SerializableFileChanges                               : loaded 3 times (x 72B)
Class com.android.build.gradle.internal.dependency.AarToClassTransform$Params         : loaded 3 times (x 70B)
Class com.android.build.gradle.internal.DependencyConfigurator                        : loaded 3 times (x 72B)
Class com.android.build.gradle.internal.scope.InternalArtifactType$SDK_DEPENDENCY_DATA: loaded 3 times (x 74B)
Class com.android.build.gradle.internal.scope.InternalArtifactType$BUNDLE_DEPENDENCY_REPORT: loaded 3 times (x 74B)
Class com.android.build.gradle.internal.scope.InternalArtifactType$MERGED_NOT_COMPILED_RES: loaded 3 times (x 74B)
Class com.google.gson.internal.LinkedTreeMap$LinkedTreeMapIterator                    : loaded 3 times (x 80B)
Class com.google.gson.internal.ConstructorConstructor$19                              : loaded 3 times (x 76B)
Class com.android.build.gradle.internal.component.features.NativeBuildCreationConfig  : loaded 3 times (x 70B)
Class com.android.build.api.variant.Packaging                                         : loaded 3 times (x 70B)
Class com.android.build.gradle.internal.core.dsl.impl.ConsumableComponentDslInfoImpl$shadersDslInfo$2: loaded 3 times (x 79B)
Class org.jetbrains.kotlin.protobuf.ByteString$Output                                 : loaded 3 times (x 86B)
Class org.jetbrains.kotlin.gradle.dsl.PlatformSourceSetConventionsChecker$runChecks$6 : loaded 3 times (x 88B)
Class org.jetbrains.kotlin.gradle.plugin.sources.DefaultKotlinSourceSet_Decorated     : loaded 3 times (x 188B)
Class org.jetbrains.kotlin.gradle.utils.GradleUtilsKt$registerClassLoaderScopedBuildService$1: loaded 3 times (x 74B)
Class org.jetbrains.kotlin.gradle.plugin.mpp.KotlinCompilationsKt                     : loaded 3 times (x 71B)
Class org.jetbrains.kotlin.statistics.metrics.StringOverridePolicy                    : loaded 3 times (x 85B)
Class org.jetbrains.kotlin.gradle.plugin.statistics.DefaultKotlinBuildStatsBeanService: loaded 3 times (x 92B)
Class com.android.build.gradle.internal.tasks.factory.BootClasspathConfigImpl$fullBootClasspathProvider$2: loaded 3 times (x 79B)
Class com.android.tools.lint.model.LintModelSeverity$Companion                        : loaded 3 times (x 71B)
Class com.android.build.api.artifact.Artifact                                         : loaded 3 times (x 74B)
Class com.android.build.gradle.internal.api.LazyAndroidSourceSet$sourceSet$1          : loaded 3 times (x 79B)
Class com.android.build.gradle.internal.dsl.ExternalNativeCmakeOptions_Decorated      : loaded 3 times (x 152B)
Class com.android.build.gradle.internal.coverage.JacocoOptions_Decorated              : loaded 3 times (x 130B)
Class com.android.builder.core.AbstractBuildType                                      : loaded 3 times (x 153B)
Class com.android.builder.profile.Recorder                                            : loaded 3 times (x 70B)
Class com.android.build.gradle.internal.api.artifact.SourceArtifactType$SHADERS       : loaded 3 times (x 74B)
Class com.google.wireless.android.sdk.stats.GradleBuildProfileSpanOrBuilder           : loaded 3 times (x 70B)
Class com.google.protobuf.Parser                                                      : loaded 3 times (x 70B)
Class com.android.build.gradle.internal.attribution.BuildAnalyzerConfiguratorService$State: loaded 3 times (x 79B)
Class com.google.gson.internal.bind.ReflectiveTypeAdapterFactory$Adapter              : loaded 3 times (x 77B)
Class com.google.gson.internal.bind.TypeAdapters$10                                   : loaded 3 times (x 75B)
Class com.android.build.gradle.internal.services.GlobalServiceRegistrationAction$execute$globalService$1: loaded 3 times (x 75B)
Class com.android.build.gradle.options.FeatureStage$Enforced                          : loaded 3 times (x 72B)
Class com.google.common.util.concurrent.DirectExecutor                                : loaded 3 times (x 82B)
Class org.jetbrains.kotlin.compose.compiler.gradle.ComposeCompilerGradleSubplugin     : loaded 3 times (x 83B)
Class com.google.gson.stream.MalformedJsonException                                   : loaded 3 times (x 82B)
Class org.jetbrains.kotlin.daemon.common.DaemonJVMOptions$mappers$3                   : loaded 3 times (x 137B)
Class org.jetbrains.kotlin.daemon.common.CompileService                               : loaded 3 times (x 70B)
Class com.android.build.gradle.internal.res.Aapt2FromMaven                            : loaded 3 times (x 72B)
Class org.jetbrains.kotlin.daemon.client.KotlinCompilerClient$DaemonSearchResult      : loaded 3 times (x 70B)
Class org.jetbrains.kotlin.protobuf.WireFormat$FieldType$3                            : loaded 3 times (x 83B)
Class com.android.build.gradle.internal.res.Aapt2FromMaven$Companion                  : loaded 3 times (x 71B)
Class org.jetbrains.kotlin.daemon.common.CompileService$CallResult$Dying              : loaded 3 times (x 72B)
Class com.android.build.gradle.internal.attribution.BuildAnalyzerService$Companion$saveAttributionData$1: loaded 3 times (x 75B)
Class com.google.wireless.android.sdk.stats.JniInspectionEvent                        : loaded 3 times (x 200B)
Class com.google.wireless.android.sdk.stats.StudioRunEvent                            : loaded 3 times (x 233B)
Class com.google.wireless.android.sdk.stats.GradleSyncIssueOrBuilder                  : loaded 3 times (x 70B)
Class com.google.wireless.android.sdk.stats.OSMetricsOrBuilder                        : loaded 3 times (x 70B)
Class com.google.wireless.android.sdk.stats.RunEventOrBuilder                         : loaded 3 times (x 70B)
Class com.android.tools.analytics.TestSupportLibraries$setters$1$21                   : loaded 3 times (x 125B)
Class org.jetbrains.kotlin.gradle.plugin.KotlinCompilerArgumentsProducer$CreateCompilerArgumentsContext$Companion: loaded 3 times (x 71B)
Class com.android.build.gradle.internal.dependency.JdkImageTransform$Parameters$Inject_: loaded 3 times (x 112B)
Class com.android.build.gradle.tasks.MapSourceSetPathsTask$CreateAction$configure$6$2 : loaded 3 times (x 79B)
Class org.jetbrains.kotlin.gradle.logging.GradleKotlinLogger                          : loaded 3 times (x 80B)
Class com.android.build.gradle.internal.tasks.MergeJavaResourceTask$Companion$predicate$1: loaded 3 times (x 80B)
Class com.android.build.gradle.internal.lint.SdkVersionInput_Decorated                : loaded 3 times (x 129B)
Class [Lcom.sun.xml.bind.v2.model.impl.ClassInfoImpl$SecondaryAnnotation;             : loaded 3 times (x 69B)
Class com.sun.xml.bind.api.BridgeContext                                              : loaded 3 times (x 76B)
Class com.sun.xml.bind.v2.model.core.TypeInfoSet                                      : loaded 3 times (x 70B)
Class com.android.sdklib.repository.generated.addon.v2.ObjectFactory                  : loaded 3 times (x 80B)
Class com.android.build.gradle.internal.SdkLoadingStrategy                            : loaded 3 times (x 72B)
Class org.jetbrains.kotlin.gradle.plugin.KotlinPluginLifecycle$ProjectConfigurationResult: loaded 3 times (x 71B)
Class com.google.devtools.ksp.gradle.KSPVersionsKt                                    : loaded 3 times (x 71B)
Class com.android.build.gradle.internal.scope.InternalArtifactType$COMPILE_LIBRARY_CLASSES_JAR: loaded 3 times (x 74B)
Class com.android.build.gradle.internal.dependency.DexingRegistration$registerTransform$1: loaded 3 times (x 75B)
Class com.android.build.gradle.internal.dependency.CollectClassesTransform            : loaded 3 times (x 78B)
Class com.android.build.gradle.internal.HostTestTaskManager$createRunHostTestTask$1   : loaded 3 times (x 75B)
Class com.android.build.gradle.internal.testing.utp.UtpDependency                     : loaded 3 times (x 79B)
Class com.android.build.gradle.internal.scope.InternalArtifactType$APK_ZIP            : loaded 3 times (x 74B)
Class com.android.build.gradle.internal.tasks.ListingFileRedirectTask                 : loaded 3 times (x 335B)
Class [Lcom.android.build.gradle.internal.publishing.ArtifactCategory;                : loaded 3 times (x 69B)
Class [Lcom.android.build.gradle.internal.publishing.AndroidArtifacts$ArtifactScope;  : loaded 3 times (x 69B)
Class com.android.build.gradle.internal.dsl.InstrumentationImpl                       : loaded 3 times (x 77B)
Class com.android.tools.build.jetifier.core.type.TypesMap                             : loaded 3 times (x 72B)
Class com.android.build.api.component.impl.DeviceTestImpl$optimizationCreationConfig$2: loaded 3 times (x 79B)
Class com.android.build.gradle.internal.core.MergedFlavor$Companion                   : loaded 3 times (x 71B)
Class org.jetbrains.kotlin.gradle.internal.KotlinDependenciesManagementKt$configureDefaultVersionsResolutionStrategy$1: loaded 3 times (x 75B)
Class org.jetbrains.kotlin.gradle.internal.StdlibDependencyManagementKt$configureStdlibDefaultDependency$1: loaded 3 times (x 79B)
Class org.jetbrains.kotlin.gradle.model.builder.KotlinModelBuilder$Companion          : loaded 3 times (x 71B)
Class org.jetbrains.kotlin.gradle.utils.AndroidExtensionUitlsKt                       : loaded 3 times (x 71B)
Class org.jetbrains.kotlin.gradle.plugin.mpp.compilationImpl.KotlinCreateResourcesTaskSideEffectKt: loaded 3 times (x 71B)
Class org.jetbrains.kotlin.gradle.targets.native.internal.SetupKotlinNativePlatformDependenciesAndStdlibKt: loaded 3 times (x 71B)
Class [Lorg.jetbrains.kotlin.gradle.plugin.mpp.resources.resolve.KotlinTargetResourcesResolutionStrategy;: loaded 3 times (x 69B)
Class org.jetbrains.kotlin.gradle.plugin.mpp.KotlinUsages                             : loaded 3 times (x 71B)
Class org.jetbrains.kotlin.gradle.dsl.KotlinAndroidProjectExtension_Decorated         : loaded 3 times (x 153B)
Class org.jetbrains.kotlin.gradle.internal.properties.NativePropertiesLoader$Companion: loaded 3 times (x 71B)
Class [Lorg.jetbrains.kotlin.build.report.metrics.GradleBuildPerformanceMetric;       : loaded 3 times (x 69B)
Class org.jetbrains.kotlin.gradle.plugin.statistics.KotlinBuildStatsBeanService$Companion: loaded 3 times (x 71B)
Class org.jetbrains.kotlin.gradle.plugin.statistics.BuildFusService$Companion         : loaded 3 times (x 71B)
Class [Lcom.android.build.api.artifact.impl.InternalScopedArtifacts$InternalScope;    : loaded 3 times (x 69B)
Class com.android.build.gradle.internal.services.FakeDependencyJarBuildService$FakeDependencyJarCreator$Inject_: loaded 3 times (x 111B)
Class com.android.build.gradle.internal.dsl.ComposeOptionsImpl_Decorated              : loaded 3 times (x 132B)
Class com.google.wireless.android.sdk.stats.GradleBuildMemorySample$Builder           : loaded 3 times (x 301B)
Class com.android.build.gradle.internal.dsl.decorator.DslDecorator$cache$1            : loaded 3 times (x 75B)
Class com.android.build.api.dsl.DensitySplit                                          : loaded 3 times (x 70B)
Class com.google.wireless.android.sdk.stats.GradleBuildVariant$VariantType            : loaded 3 times (x 87B)
Class com.android.ProgressManagerAdapter                                              : loaded 3 times (x 73B)
Class com.google.protobuf.Descriptors$GenericDescriptor                               : loaded 3 times (x 75B)
Class com.google.gson.internal.bind.TypeAdapters$11                                   : loaded 3 times (x 75B)
Class com.android.ide.common.blame.MessageJsonSerializer                              : loaded 3 times (x 76B)
Class [Lcom.google.gson.FieldNamingPolicy;                                            : loaded 3 times (x 69B)
Class com.android.tools.analytics.HostData$threadBean$2                               : loaded 3 times (x 78B)
Class com.android.build.gradle.internal.plugins.FusedLibraryPlugin                    : loaded 3 times (x 81B)
Class com.android.build.api.dsl.AndroidResources                                      : loaded 3 times (x 70B)
Class com.android.build.gradle.internal.services.RunOnceBuildServiceImpl$Inject_      : loaded 3 times (x 102B)
Class [Lcom.android.build.gradle.internal.core.Abi;                                   : loaded 3 times (x 69B)
Class org.jetbrains.kotlin.descriptors.Visibilities$Internal                          : loaded 3 times (x 79B)
Class org.jetbrains.kotlin.gradle.plugin.internal.DefaultMppTestReportHelperVariantFactory: loaded 3 times (x 76B)
Class org.jetbrains.kotlin.metadata.ProtoBuf$Contract$1                               : loaded 3 times (x 144B)
Class org.jetbrains.kotlin.metadata.ProtoBuf$Type$1                                   : loaded 3 times (x 144B)
Class org.jetbrains.kotlin.protobuf.WireFormat$FieldType$4                            : loaded 3 times (x 83B)
Class org.jetbrains.kotlin.metadata.jvm.JvmProtoBuf$JvmMethodSignature$1              : loaded 3 times (x 144B)
Class org.jetbrains.kotlin.load.kotlin.FileBasedKotlinClass$3$1                       : loaded 3 times (x 77B)
Class org.jetbrains.kotlin.gradle.plugin.internal.AttributesConfigurationHelper       : loaded 3 times (x 70B)
Class com.google.wireless.android.sdk.stats.FileTypeOrBuilder                         : loaded 3 times (x 70B)
Class com.google.wireless.android.sdk.stats.ManifestMergerStatsOrBuilder              : loaded 3 times (x 70B)
Class com.google.wireless.android.sdk.stats.LiveLiteralsEventOrBuilder                : loaded 3 times (x 70B)
Class com.google.wireless.android.sdk.stats.CppHeadersViewEventOrBuilder              : loaded 3 times (x 70B)
Class com.google.wireless.android.sdk.stats.FirebaseContextDetailsOrBuilder           : loaded 3 times (x 70B)
Class com.google.wireless.android.sdk.stats.AndroidProfilerEventOrBuilder             : loaded 3 times (x 70B)
Class com.android.tools.analytics.TestSupportLibraries$setters$1$22                   : loaded 3 times (x 125B)
Class org.jetbrains.kotlin.compilerRunner.ArgumentUtils                               : loaded 3 times (x 71B)
Class org.jetbrains.kotlin.compilerRunner.CompilerExecutionSettings                   : loaded 3 times (x 72B)
Class org.jetbrains.kotlin.gradle.internal.transforms.BuildToolsApiClasspathEntrySnapshotTransform$Parameters$Inject_: loaded 3 times (x 118B)
Class com.android.buildanalyzer.common.AndroidGradlePluginAttributionData$TaskCategoryInfo: loaded 3 times (x 72B)
Class com.android.build.gradle.internal.tasks.MergeJavaResourceTaskKt                 : loaded 3 times (x 71B)
Class com.android.build.gradle.internal.tasks.CheckAarMetadataTask_Decorated          : loaded 3 times (x 403B)
Class com.android.manifmerger.MergingReport                                           : loaded 3 times (x 81B)
Class com.android.build.gradle.internal.tasks.featuresplit.PackagedDependenciesWriterTask$CreationAction$configure$1$1$1$1: loaded 3 times (x 78B)
Class com.android.build.gradle.internal.scope.InternalArtifactType$BUILT_IN_KOTLINC   : loaded 3 times (x 74B)
Class com.sun.xml.bind.v2.runtime.unmarshaller.ValuePropertyLoader                    : loaded 3 times (x 78B)
Class com.sun.xml.bind.v2.model.runtime.RuntimeReferencePropertyInfo                  : loaded 3 times (x 70B)
Class javax.xml.bind.annotation.XmlRootElement                                        : loaded 3 times (x 70B)
Class com.sun.xml.bind.v2.model.core.Ref                                              : loaded 3 times (x 72B)
Class com.sun.xml.bind.v2.model.runtime.RuntimeElementInfo                            : loaded 3 times (x 70B)
Class com.sun.xml.bind.v2.model.impl.RuntimeModelBuilder                              : loaded 3 times (x 100B)
Class javax.xml.bind.ServiceLoaderUtil                                                : loaded 3 times (x 71B)
Class com.android.repository.impl.meta.Archive$CompleteType                           : loaded 3 times (x 79B)
Class com.android.repository.impl.meta.CommonFactory                                  : loaded 3 times (x 91B)
Class com.android.build.gradle.internal.SupportToolsComponents$Companion              : loaded 3 times (x 71B)
Class com.android.build.gradle.internal.SdkComponentsBuildService$VersionedSdkLoader$sdkDirectoryProvider$1: loaded 3 times (x 75B)
Class com.android.build.gradle.internal.VariantTaskManager$addBindingDependenciesIfNecessary$viewBindingEnabled$1: loaded 3 times (x 80B)
Class org.jetbrains.kotlin.gradle.plugin.HasCompilerOptions                           : loaded 3 times (x 70B)
Class org.jetbrains.kotlin.gradle.plugin.mpp.compilationImpl.DefaultKotlinCompilationFriendPathsResolver$FriendArtifactResolver: loaded 3 times (x 70B)
Class com.android.build.gradle.internal.dependency.LibrarySymbolTableTransform        : loaded 3 times (x 78B)
Class com.android.build.gradle.internal.attribution.CheckJetifierBuildService$Parameters_Decorated: loaded 3 times (x 130B)
Class com.android.build.gradle.internal.test.AbstractTestDataImpl$animationsDisabled$1: loaded 3 times (x 78B)
Class com.android.build.api.artifact.impl.OperationRequestsImplKt$toTransform$1       : loaded 3 times (x 75B)
Class com.android.build.api.artifact.InAndOutFileOperationRequest                     : loaded 3 times (x 70B)
Class com.android.build.gradle.internal.tasks.AppMetadataTaskKt                       : loaded 3 times (x 71B)
Class com.android.build.gradle.internal.tasks.DexMergingTask$CreationAction           : loaded 3 times (x 93B)
Class com.android.build.gradle.internal.scope.InternalArtifactType$DUPLICATE_CLASSES_CHECK: loaded 3 times (x 74B)
Class com.android.build.api.variant.impl.FileBasedFileEntry                           : loaded 3 times (x 79B)
Class com.android.build.gradle.internal.scope.InternalArtifactType$MERGED_TEST_ONLY_NATIVE_LIBS: loaded 3 times (x 74B)
Class com.android.build.gradle.internal.scope.InternalArtifactType$MERGED_JNI_LIBS    : loaded 3 times (x 74B)
Class com.android.build.gradle.internal.tasks.CompressAssetsTask                      : loaded 3 times (x 337B)
Class com.android.build.api.artifact.ArtifactTransformationRequest                    : loaded 3 times (x 70B)
Class com.android.build.api.artifact.ScopedArtifact$CLASSES                           : loaded 3 times (x 74B)
Class [Lcom.android.build.api.instrumentation.FramesComputationMode;                  : loaded 3 times (x 69B)
Class com.android.tools.build.jetifier.core.TypeRewriter                              : loaded 3 times (x 72B)
Class com.android.build.api.component.impl.ComponentImpl                              : loaded 3 times (x 195B)
Class com.android.build.gradle.internal.dsl.ModulePropertyKey$BooleanWithDefault      : loaded 3 times (x 84B)
Class com.android.build.api.variant.impl.HostTestBuilderImpl                          : loaded 3 times (x 86B)
Class com.android.build.gradle.internal.core.dsl.impl.VariantDslInfoImpl$nativeBuildDslInfo$2: loaded 3 times (x 79B)
Class com.android.build.gradle.internal.core.MergedAnnotationProcessorOptions         : loaded 3 times (x 107B)
Class com.google.devtools.ksp.gradle.KspExtension_Decorated                           : loaded 3 times (x 137B)
Class org.jetbrains.kotlin.konan.target.KonanTarget$WATCHOS_SIMULATOR_ARM64           : loaded 3 times (x 78B)
Class org.jetbrains.kotlin.gradle.targets.js.ir.KotlinJsIrTarget                      : loaded 3 times (x 258B)
Class org.jetbrains.kotlin.gradle.plugin.mpp.DefaultKotlinUsageContext                : loaded 3 times (x 93B)
Class org.jetbrains.kotlin.gradle.plugin.KotlinPluginLifecycleImpl$start$3            : loaded 3 times (x 79B)
Class org.jetbrains.kotlin.gradle.plugin.KotlinMultiplatformPluginWrapper             : loaded 3 times (x 87B)
Class [Lorg.jetbrains.kotlin.statistics.metrics.BooleanMetrics;                       : loaded 3 times (x 69B)
Class org.jetbrains.kotlin.gradle.internal.properties.PropertiesBuildService$Companion: loaded 3 times (x 71B)
Class com.android.build.gradle.internal.services.TaskCreationServices                 : loaded 3 times (x 70B)
Class com.android.build.api.artifact.Artifact$Replaceable                             : loaded 3 times (x 70B)
Class com.android.builder.model.SourceProvider                                        : loaded 3 times (x 70B)
Class com.google.common.util.concurrent.AbstractFuture$UnsafeAtomicHelper             : loaded 3 times (x 78B)
Class com.android.build.gradle.internal.services.AndroidLocationsBuildService$AndroidDirectoryCreator$Params: loaded 3 times (x 70B)
Class com.android.build.gradle.internal.services.Aapt2DaemonBuildService$RegistrationAction: loaded 3 times (x 74B)
Class com.android.build.gradle.internal.ide.dependencies.LibraryDependencyCacheBuildService$Parameters_Decorated: loaded 3 times (x 130B)
Class org.jetbrains.kotlin.gradle.internal.properties.PropertiesBuildService$IntGradleProperty: loaded 3 times (x 76B)
Class com.google.protobuf.AbstractMessageLite                                         : loaded 3 times (x 101B)
Class com.android.utils.HelpfulEnumConverter                                          : loaded 3 times (x 92B)
Class com.google.gson.internal.bind.TypeAdapters$12                                   : loaded 3 times (x 75B)
Class [Lcom.google.gson.ToNumberStrategy;                                             : loaded 3 times (x 69B)
Class com.android.build.gradle.options.ReplacedOption                                 : loaded 3 times (x 86B)
Class [Lcom.android.build.gradle.options.OptionalBooleanOption;                       : loaded 3 times (x 69B)
Class com.android.build.gradle.options.ProjectOptionService$Params_Decorated          : loaded 3 times (x 130B)
Class com.android.build.api.variant.CanMinifyAndroidResourcesBuilder                  : loaded 3 times (x 70B)
Class com.android.build.api.dsl.ProductFlavor                                         : loaded 3 times (x 70B)
Class com.android.build.api.dsl.BaseFlavor                                            : loaded 3 times (x 70B)
Class com.android.build.gradle.internal.dsl.Lockable                                  : loaded 3 times (x 70B)
Class org.jetbrains.kotlin.gradle.plugin.mpp.KotlinUsages$KotlinMetadataDisambiguation: loaded 3 times (x 76B)
Class org.jetbrains.kotlin.gradle.logging.GradlePrintingMessageCollector$WhenMappings : loaded 3 times (x 71B)
Class org.jetbrains.kotlin.gradle.plugin.mpp.compilationImpl.KotlinCompilationSideEffect$Companion: loaded 3 times (x 71B)
Class org.jetbrains.kotlin.daemon.common.CompileService$TargetPlatform                : loaded 3 times (x 79B)
Class kotlin.collections.CollectionsKt__IteratorsJVMKt$iterator$1                     : loaded 3 times (x 79B)
Class kotlin.io.FilesKt__UtilsKt                                                      : loaded 3 times (x 71B)
Class kotlin.collections.CollectionsKt__CollectionsJVMKt                              : loaded 3 times (x 71B)
Class com.google.wireless.android.sdk.stats.StartupPerformanceFrameBecameVisibleEvent : loaded 3 times (x 198B)
Class com.google.wireless.android.sdk.stats.GoogleLoginPluginEvent                    : loaded 3 times (x 200B)
Class com.google.wireless.android.sdk.stats.FileUsageOrBuilder                        : loaded 3 times (x 70B)
Class com.google.wireless.android.sdk.stats.GradleJdkInvalidEventOrBuilder            : loaded 3 times (x 70B)
Class com.google.wireless.android.sdk.stats.StudioPerformanceStatsOrBuilder           : loaded 3 times (x 70B)
Class com.google.wireless.android.sdk.stats.TestRun$AutomaticSnapshotOnFailure        : loaded 3 times (x 194B)
Class com.android.tools.analytics.TestSupportLibraries$setters$1$23                   : loaded 3 times (x 125B)
Class com.google.common.collect.RegularImmutableTable                                 : loaded 3 times (x 138B)
Class org.jetbrains.kotlin.gradle.artifacts.KotlinLegacyMetadataArtifactKt$KotlinLegacyMetadataArtifact$1: loaded 3 times (x 74B)
Class org.jetbrains.kotlin.compilerRunner.GradleCompilerRunnerWithWorkers             : loaded 3 times (x 73B)
Class com.android.build.gradle.internal.tasks.CheckAarMetadataTask$CreationAction$configure$1$1: loaded 3 times (x 74B)
Class com.android.build.api.variant.impl.FilterConfigurationImpl                      : loaded 3 times (x 76B)
Class com.android.build.api.variant.MultiOutputHandler$Companion                      : loaded 3 times (x 71B)
Class com.sun.xml.bind.v2.runtime.unmarshaller.UnmarshallingContext                   : loaded 3 times (x 103B)
Class com.sun.xml.bind.v2.runtime.LifecycleMethods                                    : loaded 3 times (x 72B)
Class com.android.sdklib.repository.generated.addon.v1.AddonDetailsType               : loaded 3 times (x 133B)
Class com.sun.xml.bind.v2.model.annotation.MethodLocatable                            : loaded 3 times (x 78B)
Class com.sun.xml.bind.v2.model.runtime.RuntimeMapPropertyInfo                        : loaded 3 times (x 70B)
Class com.sun.xml.bind.v2.model.nav.TypeVisitor                                       : loaded 3 times (x 76B)
Class com.android.repository.impl.meta.RepoPackageImpl                                : loaded 3 times (x 114B)
Class com.android.build.gradle.internal.utils.ViolatingPluginDetector                 : loaded 3 times (x 72B)
Class org.jetbrains.kotlin.gradle.plugin.mpp.compilationImpl.KotlinCompilationConfigurationsContainer: loaded 3 times (x 70B)
Class com.android.build.api.variant.FilterConfiguration                               : loaded 3 times (x 70B)
Class com.android.build.gradle.internal.dependency.SubtractingArtifactCollection      : loaded 3 times (x 84B)
Class com.android.build.gradle.internal.tasks.CompileArtProfileTask$CreationAction    : loaded 3 times (x 90B)
Class com.android.build.gradle.internal.scope.InternalArtifactType$USES_SDK_LIBRARY_SPLIT_FOR_LOCAL_DEPLOYMENT: loaded 3 times (x 74B)
Class com.android.tools.build.jetifier.processor.TimestampsPolicy$Companion$NOW$1     : loaded 3 times (x 78B)
Class com.android.tools.build.jetifier.core.pom.PomDependency                         : loaded 3 times (x 72B)
Class com.android.build.gradle.internal.utils.VariantPostCreationChecksKt             : loaded 3 times (x 71B)
Class org.jetbrains.kotlin.gradle.internal.StdlibDependencyManagementKt$addStdlibDependency$1: loaded 3 times (x 75B)
Class [Lorg.jetbrains.kotlin.gradle.plugin.KotlinPluginLifecycle$CoroutineStart;      : loaded 3 times (x 69B)
Class org.jetbrains.kotlin.gradle.dsl.IosSourceSetConventionChecker                   : loaded 3 times (x 74B)
Class org.jetbrains.kotlin.gradle.plugin.diagnostics.KotlinGradleProjectChecker       : loaded 3 times (x 70B)
Class org.jetbrains.kotlin.gradle.dsl.KotlinMultiplatformSourceSetConventions         : loaded 3 times (x 70B)
Class org.jetbrains.kotlin.gradle.plugin.sources.KotlinSourceSetFactory$Companion     : loaded 3 times (x 71B)
Class org.jetbrains.kotlin.statistics.metrics.NumberOverridePolicy$SUM                : loaded 3 times (x 85B)
Class org.jetbrains.kotlin.gradle.plugin.internal.SourceSetCompatibilityHelper        : loaded 3 times (x 70B)
Class org.jetbrains.kotlin.gradle.plugin.internal.DefaultArtifactTypeAttributeAccessorVariantFactory: loaded 3 times (x 76B)
Class org.jetbrains.kotlin.gradle.plugin.internal.MppTestReportHelper$MppTestReportHelperVariantFactory: loaded 3 times (x 70B)
Class com.android.build.gradle.internal.dsl.TestOptions                               : loaded 3 times (x 124B)
Class com.android.build.gradle.internal.dsl.decorator.DslDecorator$Companion$privateLookupInMethod$2: loaded 3 times (x 78B)
Class com.android.build.gradle.internal.CompileOptions                                : loaded 3 times (x 112B)
Class com.android.build.gradle.internal.dsl.BundleOptionsDeviceTier                   : loaded 3 times (x 81B)
Class [Lcom.android.prefs.Global;                                                     : loaded 3 times (x 69B)
Class com.android.build.gradle.internal.services.ConfigPhaseFileCreator               : loaded 3 times (x 70B)
Class com.android.build.gradle.internal.services.Aapt2ThreadPoolBuildService$Params_Decorated: loaded 3 times (x 130B)
Class com.google.wireless.android.sdk.stats.GradleBuildProfile$1                      : loaded 3 times (x 151B)
Class com.google.gson.internal.bind.DateTypeAdapter$1                                 : loaded 3 times (x 75B)
Class com.google.gson.internal.bind.TypeAdapters$13                                   : loaded 3 times (x 75B)
Class com.android.build.api.variant.HasTestFixtures                                   : loaded 3 times (x 70B)
Class org.jetbrains.kotlin.gradle.artifacts.KotlinNativeHostSpecificMetadataArtifactKt$KotlinNativeHostSpecificMetadataArtifact$1: loaded 3 times (x 74B)
Class [Lorg.jetbrains.kotlin.descriptors.DescriptorVisibility;                        : loaded 3 times (x 69B)
Class org.jetbrains.kotlin.gradle.plugin.mpp.KotlinAndroidTargetVariantDsl            : loaded 3 times (x 70B)
Class org.jetbrains.kotlin.gradle.plugin.sources.android.AndroidBaseSourceSetName$AndroidTest: loaded 3 times (x 72B)
Class org.jetbrains.kotlin.gradle.plugin.KotlinAndroidPlugin$Companion$dynamicallyApplyWhenAndroidPluginIsApplied$3: loaded 3 times (x 75B)
Class org.jetbrains.kotlin.konan.target.KonanTarget$ANDROID_ARM64                     : loaded 3 times (x 78B)
Class org.jetbrains.kotlin.metadata.deserialization.Flags$BooleanFlagField            : loaded 3 times (x 76B)
Class kotlin.collections.IndexedValue                                                 : loaded 3 times (x 72B)
Class org.jetbrains.kotlin.metadata.ProtoBuf$Function$1                               : loaded 3 times (x 144B)
Class org.jetbrains.kotlin.metadata.jvm.deserialization.JvmProtoBufUtil               : loaded 3 times (x 71B)
Class org.jetbrains.kotlin.compose.compiler.gradle.ComposeFeatureFlag                 : loaded 3 times (x 70B)
Class org.jetbrains.kotlin.load.kotlin.KotlinJvmBinaryClass$AnnotationVisitor         : loaded 3 times (x 70B)
Class kotlin.sequences.SequencesKt                                                    : loaded 3 times (x 71B)
Class kotlin.collections.CollectionsKt__IteratorsKt                                   : loaded 3 times (x 71B)
Class com.android.build.gradle.internal.manifest.LazyManifestParser$manifestData$1    : loaded 3 times (x 75B)
Class com.android.build.gradle.internal.VariantTaskManager                            : loaded 3 times (x 83B)
Class com.google.wireless.android.sdk.stats.ScreenshotTestComposePreviewEvent         : loaded 3 times (x 201B)
Class com.google.wireless.android.sdk.stats.SmlCompletionEvent                        : loaded 3 times (x 209B)
Class com.google.wireless.android.sdk.stats.AdbAssistantStats                         : loaded 3 times (x 194B)
Class com.google.wireless.android.sdk.stats.ScreenshotTestComposePreviewEventOrBuilder: loaded 3 times (x 70B)
Class com.android.tools.analytics.TestSupportLibraries$setters$1$24                   : loaded 3 times (x 125B)
Class org.jetbrains.kotlin.compilerRunner.KotlinCompilerRunnerUtils$WhenMappings      : loaded 3 times (x 71B)
Class org.jetbrains.kotlin.gradle.dsl.KotlinProjectExtensionKt$WhenMappings           : loaded 3 times (x 71B)
Class org.jetbrains.kotlin.gradle.plugin.internal.state.TaskExecutionResults          : loaded 3 times (x 71B)
Class com.android.build.gradle.internal.tasks.MergeNativeLibsTaskKt$getSubProjectNativeLibs$1: loaded 3 times (x 74B)
Class org.jetbrains.kotlin.compilerRunner.KotlinCompilerArgumentsLogLevel             : loaded 3 times (x 79B)
Class com.android.build.gradle.internal.signing.SigningConfigDataProvider$Companion$create$1: loaded 3 times (x 79B)
Class com.android.build.gradle.internal.core.dsl.impl.features.OptimizationDslInfoImpl$WhenMappings: loaded 3 times (x 71B)
Class javax.xml.bind.Unmarshaller                                                     : loaded 3 times (x 70B)
Class com.android.build.gradle.internal.FileExistsValueSource                         : loaded 3 times (x 78B)
Class com.android.build.gradle.internal.SdkComponentsBuildService$VersionedSdkLoader$renderScriptSupportJarProvider$1: loaded 3 times (x 75B)
Class com.android.builder.sdk.InstallFailedException                                  : loaded 3 times (x 82B)
Class org.jetbrains.kotlin.gradle.plugin.mpp.compilationImpl.factory.CompositePostConfigure: loaded 3 times (x 75B)
Class com.android.build.gradle.internal.cxx.gradle.generator.NativeProjectPath        : loaded 3 times (x 72B)
Class com.android.build.gradle.internal.cxx.logging.IssueReporterLoggingEnvironment   : loaded 3 times (x 83B)
Class com.android.build.gradle.internal.cxx.configure.CxxCreateGradleTasksKt          : loaded 3 times (x 71B)
Class com.android.build.gradle.internal.scope.InternalArtifactType$SDK_DEPENDENCY_DATA_PUBLIC: loaded 3 times (x 74B)
Class com.android.build.gradle.internal.scope.InternalArtifactType$COMPRESSED_ASSETS  : loaded 3 times (x 74B)
Class com.android.build.gradle.internal.scope.InternalArtifactType$GENERATED_PNGS_RES : loaded 3 times (x 74B)
Class com.android.build.api.artifact.SingleArtifact$APK                               : loaded 3 times (x 74B)
Class com.android.build.api.artifact.SingleArtifact                                   : loaded 3 times (x 74B)
Class com.android.build.gradle.tasks.ProcessManifestForInstantAppTask$CreationAction  : loaded 3 times (x 90B)
Class com.android.build.gradle.internal.dependency.VariantDependencies$Companion$computeLocalFileDependencies$2: loaded 3 times (x 75B)
Class com.android.build.gradle.internal.dependency.VariantDependencies$computeArtifactCollection$attributesAction$1: loaded 3 times (x 75B)
Class com.android.build.gradle.internal.TaskManager$createAssembleTask$1              : loaded 3 times (x 75B)
Class android.databinding.tool.DataBindingBuilder$GradleFileWriter                    : loaded 3 times (x 75B)
Class com.android.build.api.component.impl.DeviceTestImpl$packaging$2                 : loaded 3 times (x 79B)
Class com.android.build.api.component.impl.TestComponentImpl                          : loaded 3 times (x 353B)
Class com.android.build.gradle.internal.core.MergedExternalNativeNdkBuildOptions      : loaded 3 times (x 86B)
Class com.android.build.gradle.internal.core.MergedNdkConfig                          : loaded 3 times (x 95B)
Class com.android.build.gradle.internal.variant.VariantPathHelper$aarLocation$2       : loaded 3 times (x 79B)
Class com.android.build.gradle.internal.publishing.PublishedConfigSpec                : loaded 3 times (x 72B)
Class org.jetbrains.kotlin.gradle.targets.native.internal.CInteropConfigurationsKt    : loaded 3 times (x 71B)
Class org.jetbrains.kotlin.gradle.plugin.AndroidGradlePluginVersion$Companion         : loaded 3 times (x 71B)
Class org.jetbrains.kotlin.gradle.plugin.KotlinAndroidPlugin                          : loaded 3 times (x 77B)
Class org.jetbrains.kotlin.statistics.metrics.StatisticsValuesConsumer                : loaded 3 times (x 70B)
Class com.android.build.gradle.internal.ProguardFilesProvider                         : loaded 3 times (x 70B)
Class com.android.build.gradle.internal.dsl.ApplicationBuildFeaturesImpl              : loaded 3 times (x 120B)
Class [Lcom.android.build.api.artifact.Artifact$Category;                             : loaded 3 times (x 69B)
Class com.android.build.gradle.internal.dsl.KeepRulesImpl$AgpDecorated                : loaded 3 times (x 89B)
Class com.android.build.api.component.impl.ComponentBuilderImpl                       : loaded 3 times (x 92B)
Class com.android.build.api.dsl.ApplicationPublishing                                 : loaded 3 times (x 70B)
Class com.android.build.gradle.internal.variant.BaseVariantData                       : loaded 3 times (x 72B)
Class com.google.gson.internal.bind.NumberTypeAdapter$1                               : loaded 3 times (x 76B)
Class com.google.gson.internal.bind.TypeAdapters$1                                    : loaded 3 times (x 75B)
Class com.google.gson.internal.bind.TypeAdapters$14                                   : loaded 3 times (x 75B)
Class com.android.build.api.variant.ExternalNativeBuild                               : loaded 3 times (x 70B)
Class com.android.build.gradle.internal.plugins.PrivacySandboxSdkPlugin               : loaded 3 times (x 81B)
Class com.android.build.gradle.internal.core.dsl.impl.InstrumentedTestDslInfoImpl     : loaded 3 times (x 80B)
Class com.android.builder.errors.IssueReporter                                        : loaded 3 times (x 73B)
Class com.google.common.base.CharMatcher$Any                                          : loaded 3 times (x 112B)
Class com.android.build.api.component.impl.DeviceTestImpl$renderscriptCreationConfig$2: loaded 3 times (x 79B)
Class com.android.build.gradle.internal.tasks.AppPreBuildTask$Companion               : loaded 3 times (x 71B)
Class com.android.build.gradle.internal.plugins.BasePlugin$ExtensionData              : loaded 3 times (x 72B)
Class kotlin.text.StringsKt                                                           : loaded 3 times (x 71B)
Class com.google.protobuf.ProtocolMessageEnum                                         : loaded 3 times (x 70B)
Class com.google.wireless.android.sdk.stats.OptOutOfMetrics                           : loaded 3 times (x 192B)
Class com.google.wireless.android.sdk.stats.EmulatorDetails                           : loaded 3 times (x 299B)
Class com.google.wireless.android.sdk.stats.HypervisorOrBuilder                       : loaded 3 times (x 70B)
Class com.google.wireless.android.sdk.stats.TestRun                                   : loaded 3 times (x 222B)
Class com.android.tools.analytics.TestSupportLibraries$setters$1$25                   : loaded 3 times (x 125B)
Class org.jetbrains.kotlin.gradle.plugin.DefaultKotlinBasePlugin$addKotlinCompilerConfiguration$2$1$1$1: loaded 3 times (x 75B)
Class com.android.build.gradle.tasks.MergeResources$getFlags$2                        : loaded 3 times (x 78B)
Class org.jetbrains.kotlin.gradle.plugin.statistics.NonSynchronizedMetricsContainer   : loaded 3 times (x 77B)
Class com.android.build.gradle.internal.tasks.SigningConfigWriterTask$CreationAction$configure$1: loaded 3 times (x 79B)
Class org.jetbrains.kotlin.gradle.plugin.AndroidProjectHandler$wireKotlinTasks$1$1    : loaded 3 times (x 79B)
Class org.jetbrains.kotlin.gradle.tasks.KotlinCompilerExecutionStrategy$Companion     : loaded 3 times (x 71B)
Class [Lcom.android.build.gradle.internal.ide.dependencies.ArtifactCollectionsInputs$RuntimeType;: loaded 3 times (x 69B)
Class com.sun.xml.bind.v2.runtime.Coordinator                                         : loaded 3 times (x 83B)
Class javax.xml.bind.ValidationEventHandler                                           : loaded 3 times (x 70B)
Class com.android.repository.impl.meta.Archive$PatchesType                            : loaded 3 times (x 72B)
Class com.sun.xml.bind.v2.model.annotation.XmlRootElementQuick                        : loaded 3 times (x 92B)
Class com.sun.xml.bind.v2.runtime.NameBuilder                                         : loaded 3 times (x 72B)
Class com.android.repository.impl.generated.v2.ArchiveType                            : loaded 3 times (x 97B)
Class com.android.sdklib.repository.generated.sysimg.v2.package-info                  : loaded 3 times (x 70B)
Class com.android.builder.errors.IssueReporter$Severity                               : loaded 3 times (x 79B)
Class com.android.build.gradle.internal.api.ApplicationVariantImpl_Decorated          : loaded 3 times (x 309B)
Class com.android.build.gradle.internal.dependency.AarTransform                       : loaded 3 times (x 78B)
Class com.android.build.gradle.internal.PropertiesValueSource$Params_Decorated        : loaded 3 times (x 130B)
Class com.android.build.gradle.internal.VariantTaskManager$createReportTasks$signingReportComponents$1: loaded 3 times (x 80B)
Class com.android.build.gradle.internal.tasks.ExtractVersionControlInfoTask           : loaded 3 times (x 337B)
Class com.android.build.gradle.internal.scope.InternalArtifactType$LINKED_RESOURCES_PROTO_FORMAT: loaded 3 times (x 74B)
Class com.android.build.gradle.internal.tasks.MergeNativeDebugMetadataTask$CreationAction: loaded 3 times (x 90B)
Class com.android.build.gradle.internal.tasks.ValidateSigningTask$CreationAction$handleProvider$1: loaded 3 times (x 127B)
Class com.android.build.gradle.internal.tasks.ProcessJavaResTask$CreationAction       : loaded 3 times (x 90B)
Class com.android.build.gradle.tasks.CompatibleScreensManifest                        : loaded 3 times (x 338B)
Class com.android.build.api.component.impl.features.InstrumentationCreationConfigImpl : loaded 3 times (x 83B)
Class com.android.build.gradle.internal.TaskManager$createAssembleTask$2              : loaded 3 times (x 75B)
Class com.android.build.api.component.impl.HostTestImpl$manifestPlaceholdersCreationConfig$2: loaded 3 times (x 79B)
Class com.android.build.api.component.UnitTest                                        : loaded 3 times (x 70B)
Class com.android.build.api.variant.impl.DependenciesInfoBuilderImpl_Decorated        : loaded 3 times (x 138B)
Class com.android.build.gradle.internal.VariantManager$createVariant$mappingScopePolicy$2: loaded 3 times (x 78B)
Class com.android.build.gradle.internal.core.MergedFlavor                             : loaded 3 times (x 203B)
Class com.android.build.gradle.tasks.MergeSourceSetFolders$MergeJniLibFoldersCreationAction$handleProvider$1: loaded 3 times (x 127B)
Class org.jetbrains.kotlin.gradle.model.builder.KotlinModelBuilder                    : loaded 3 times (x 76B)
Class org.jetbrains.kotlin.gradle.plugin.sources.android.configurator.KotlinAndroidSourceSetConfigurator$DefaultImpls: loaded 3 times (x 71B)
Class [Lorg.jetbrains.kotlin.tooling.core.HasMutableExtras;                           : loaded 3 times (x 69B)
Class org.jetbrains.kotlin.gradle.plugin.diagnostics.checkers.GradleDeprecatedPropertyChecker: loaded 3 times (x 74B)
Class org.jetbrains.kotlin.gradle.artifacts.KotlinJsKlibArtifactKt$KotlinJsKlibArtifact$1: loaded 3 times (x 74B)
Class org.jetbrains.kotlin.gradle.targets.CreateTargetConfigurationsSideEffectKt      : loaded 3 times (x 71B)
Class org.jetbrains.kotlin.gradle.plugin.mpp.ApplyUserDefinedAttributesKt$UserDefinedAttributesSetupAction$1: loaded 3 times (x 95B)
Class org.jetbrains.kotlin.gradle.plugin.mpp.KotlinAndroidTarget                      : loaded 3 times (x 163B)
Class org.jetbrains.kotlin.gradle.plugin.DefaultKotlinBasePlugin$addKotlinCompilerConfiguration$1: loaded 3 times (x 75B)
Class org.jetbrains.kotlin.gradle.plugin.internal.DefaultCompatibilityConventionRegistrar: loaded 3 times (x 74B)
Class org.jetbrains.kotlin.gradle.plugin.PropertiesProvider                           : loaded 3 times (x 72B)
Class com.android.build.gradle.internal.services.FakeDependencyJarBuildService$FakeDependencyJarCreator$Params$Inject_: loaded 3 times (x 108B)
Class com.android.build.gradle.internal.dsl.SdkComponentsImpl$sdkDirectory$1          : loaded 3 times (x 75B)
Class com.android.build.gradle.api.AndroidArtifactVariant                             : loaded 3 times (x 70B)
Class com.android.build.gradle.internal.dsl.TestFixturesImpl                          : loaded 3 times (x 81B)
Class com.android.build.gradle.internal.dsl.EmulatorSnapshots_Decorated               : loaded 3 times (x 146B)
Class com.android.build.api.variant.impl.ManifestFilesImpl                            : loaded 3 times (x 80B)
Class com.android.build.gradle.internal.DependencyResolutionChecks$registerDependencyCheck$4$1: loaded 3 times (x 75B)
Class com.android.build.gradle.internal.utils.GradlePluginUtils$enforceMinimumVersionsOfPlugins$1: loaded 3 times (x 75B)
Class com.android.build.gradle.internal.services.Aapt2DaemonBuildService$Parameters   : loaded 3 times (x 72B)
Class com.android.build.api.variant.impl.SigningConfigImpl$enableV4Signing$1          : loaded 3 times (x 75B)
Class com.google.gson.internal.sql.SqlTypesSupport$1                                  : loaded 3 times (x 74B)
Class com.google.gson.internal.bind.TypeAdapters$2                                    : loaded 3 times (x 75B)
Class com.google.gson.internal.bind.TypeAdapters$15                                   : loaded 3 times (x 75B)
Class com.android.build.gradle.tasks.ProcessTestManifest$CreationAction$handleProvider$2: loaded 3 times (x 127B)
Class com.android.build.api.dsl.Installation                                          : loaded 3 times (x 70B)
Class com.android.build.gradle.BaseExtension                                          : loaded 3 times (x 199B)
Class com.android.build.gradle.internal.tasks.Workers$ProfileAwareExecutorServiceAdapter: loaded 3 times (x 87B)
Class com.android.build.gradle.internal.plugins.VersionCheckPlugin$Companion          : loaded 3 times (x 71B)
Class com.android.build.gradle.internal.scope.BootClasspathBuilder$computeClasspath$1 : loaded 3 times (x 75B)
Class org.jetbrains.kotlin.descriptors.Visibilities$Private                           : loaded 3 times (x 79B)
Class kotlin.LazyKt__LazyJVMKt                                                        : loaded 3 times (x 71B)
Class com.android.build.gradle.internal.dependency.DexingNoClasspathTransform$Inject_1: loaded 3 times (x 112B)
Class com.android.build.gradle.internal.api.ApkVariantImpl                            : loaded 3 times (x 249B)
Class com.android.tools.analytics.TestSupportLibraries$setters$1$26                   : loaded 3 times (x 125B)
Class org.jetbrains.kotlin.gradle.plugin.mpp.compilationImpl.KotlinCompilationFriendPathsResolver: loaded 3 times (x 70B)
Class com.android.build.gradle.internal.tasks.MergeNativeLibsTask$Companion$predicate$1: loaded 3 times (x 80B)
Class com.android.build.gradle.internal.tasks.SigningConfigWriterTask$CreationAction$configure$2: loaded 3 times (x 79B)
Class com.android.build.gradle.tasks.ProcessMultiApkApplicationManifest_Decorated     : loaded 3 times (x 395B)
Class org.jetbrains.kotlin.gradle.plugin.AndroidProjectHandler$wireKotlinTasks$1$2    : loaded 3 times (x 74B)
Class [Lorg.jetbrains.kotlin.gradle.dsl.jvm.JvmTargetValidationMode;                  : loaded 3 times (x 69B)
Class org.jetbrains.kotlin.gradle.tasks.DefaultKotlinJavaToolchain$javaVersion$1      : loaded 3 times (x 74B)
Class com.android.build.gradle.internal.AndroidJarInput                               : loaded 3 times (x 79B)
Class com.android.sdklib.repository.generated.sysimg.v2.SysImgDetailsType             : loaded 3 times (x 136B)
Class javax.xml.bind.annotation.XmlSeeAlso                                            : loaded 3 times (x 70B)
Class com.sun.xml.bind.v2.model.core.PropertyKind                                     : loaded 3 times (x 79B)
Class [Lcom.sun.xml.bind.v2.model.impl.ClassInfoImpl$PropertyGroup;                   : loaded 3 times (x 69B)
Class com.sun.xml.bind.v2.runtime.unmarshaller.Receiver                               : loaded 3 times (x 70B)
Class [Lcom.sun.xml.bind.v2.model.annotation.Quick;                                   : loaded 3 times (x 69B)
Class com.android.sdklib.repository.generated.sysimg.v1.ObjectFactory                 : loaded 3 times (x 75B)
Class com.android.sdklib.repository.generated.repository.v1.package-info              : loaded 3 times (x 70B)
Class com.android.sdklib.repository.meta.DetailsTypes$PlatformDetailsType             : loaded 3 times (x 70B)
Class com.android.build.gradle.internal.FileExistsValueSource$Inject_                 : loaded 3 times (x 109B)
Class org.jetbrains.kotlin.gradle.plugin.mpp.compilationImpl.factory.KotlinCompilationImplFactory$KotlinCompilationOutputFactory: loaded 3 times (x 70B)
Class org.jetbrains.kotlin.gradle.plugin.mpp.compilationImpl.DefaultKotlinCompilationFriendPathsResolver$AdditionalAndroidFriendArtifactResolver: loaded 3 times (x 74B)
Class com.android.build.gradle.internal.DependencyConfigurator$registerTransform$1    : loaded 3 times (x 75B)
Class com.android.build.gradle.internal.VariantTaskManager$createReportTasks$signingReportComponents$2: loaded 3 times (x 78B)
Class com.android.build.gradle.internal.lint.AndroidLintTask$VariantCreationAction    : loaded 3 times (x 95B)
Class com.android.build.gradle.internal.variant.BuildAuthorSpecifiedDefaultsFlavorComparator: loaded 3 times (x 90B)
Class com.android.build.gradle.internal.testing.TestData                              : loaded 3 times (x 70B)
Class com.android.build.gradle.internal.scope.InternalArtifactType$OPTIMIZED_PROCESSED_RES: loaded 3 times (x 74B)
Class com.android.build.gradle.internal.tasks.AnchorTaskNames                         : loaded 3 times (x 71B)
Class com.android.build.gradle.internal.tasks.BundleToStandaloneApkTask$CreationAction: loaded 3 times (x 90B)
Class com.android.build.gradle.internal.tasks.StripDebugSymbolsTask$CreationAction$handleProvider$1: loaded 3 times (x 127B)
Class com.android.build.gradle.internal.scope.InternalMultipleArtifactType$DEX        : loaded 3 times (x 74B)
Class com.android.build.api.variant.impl.LayeredSourceDirectoriesImpl$addAll$1        : loaded 3 times (x 75B)
Class com.android.build.gradle.internal.tasks.MergeNativeLibsTask                     : loaded 3 times (x 345B)
Class com.android.build.gradle.internal.res.LinkAndroidResForBundleTask$CreationAction: loaded 3 times (x 93B)
Class com.android.build.gradle.internal.tasks.CheckAarMetadataTask                    : loaded 3 times (x 345B)
Class com.android.build.gradle.internal.TaskManager$MergeType                         : loaded 3 times (x 80B)
Class com.android.build.api.artifact.Artifact$ContainsMany                            : loaded 3 times (x 70B)
Class com.android.build.gradle.internal.tasks.ExtractProfilerNativeDependenciesTask$CreationAction: loaded 3 times (x 90B)
Class com.android.build.api.component.impl.ComponentImpl$compileClasspath$2           : loaded 3 times (x 79B)
Class com.android.build.api.variant.AndroidTest                                       : loaded 3 times (x 70B)
Class com.android.build.gradle.internal.scope.TaskContainer                           : loaded 3 times (x 70B)
Class [Lcom.android.build.gradle.internal.core.dsl.ComponentDslInfo$DslDefinedHostTest;: loaded 3 times (x 69B)
Class org.jetbrains.kotlin.konan.target.TargetSupportException                        : loaded 3 times (x 82B)
Class org.jetbrains.kotlin.gradle.plugin.sources.android.configurator.KotlinAndroidJavaSourceDirConfigurator: loaded 3 times (x 75B)
Class org.jetbrains.kotlin.gradle.plugin.KotlinCompilationToRunnableFiles             : loaded 3 times (x 70B)
Class org.jetbrains.kotlin.gradle.tooling.BuildKotlinToolingMetadataTaskKt            : loaded 3 times (x 71B)
Class org.jetbrains.kotlin.gradle.plugin.ProjectLocalConfigurations$setupAttributesMatchingStrategy$1$1: loaded 3 times (x 74B)
Class org.jetbrains.kotlin.gradle.targets.native.toolchain.KotlinNativeBundleBuildService$Companion$registerIfAbsent$2$1$1: loaded 3 times (x 75B)
Class org.jetbrains.kotlin.gradle.internal.properties.NativePropertiesLoader$isUseEmbeddableCompilerJar$1: loaded 3 times (x 75B)
Class org.jetbrains.kotlin.statistics.BuildSessionLogger$Companion                    : loaded 3 times (x 71B)
Class org.jetbrains.kotlin.gradle.plugin.internal.DefaultArtifactTypeAttributeAccessor: loaded 3 times (x 74B)
Class org.jetbrains.kotlin.gradle.plugin.internal.DefaultIdeaSyncDetectorVariantFactory: loaded 3 times (x 76B)
Class org.jetbrains.kotlin.gradle.plugin.internal.DefaultBasePluginConfigurationVariantFactory: loaded 3 times (x 76B)
Class com.android.build.gradle.internal.ide.v2.NativeModelBuilder$ops$1               : loaded 3 times (x 76B)
Class [Lcom.android.buildanalyzer.common.TaskCategoryIssue$Severity;                  : loaded 3 times (x 69B)
Class org.jetbrains.kotlin.gradle.tasks.configuration.AbstractKotlinCompileConfig$1   : loaded 3 times (x 79B)
Class com.android.build.gradle.internal.dsl.AbstractPublishing                        : loaded 3 times (x 73B)
Class org.jetbrains.kotlin.gradle.plugin.sources.KotlinDependencyScope                : loaded 3 times (x 79B)
Class com.google.wireless.android.sdk.stats.GradleBuildProfileOrBuilder               : loaded 3 times (x 70B)
Class com.google.common.base.CaseFormat$StringConverter                               : loaded 3 times (x 90B)
Class com.android.build.gradle.internal.attribution.BuildAnalyzerService$Parameters_Decorated: loaded 3 times (x 148B)
Class com.android.build.gradle.internal.profile.NoOpAnalyticsService                  : loaded 3 times (x 110B)
Class com.android.build.gradle.internal.profile.AnalyticsServiceApi                   : loaded 3 times (x 70B)
Class com.google.gson.internal.sql.SqlTypesSupport$2                                  : loaded 3 times (x 74B)
Class com.google.gson.internal.bind.TypeAdapters$16                                   : loaded 3 times (x 75B)
Class com.google.gson.internal.bind.TypeAdapters$3                                    : loaded 3 times (x 75B)
Class com.android.build.api.variant.HasAndroidTest                                    : loaded 3 times (x 70B)
Class com.google.gson.Gson$3                                                          : loaded 3 times (x 75B)
Class com.android.ide.common.blame.Message                                            : loaded 3 times (x 72B)
Class org.jetbrains.kotlin.gradle.plugin.mpp.KotlinMetadataCompilation                : loaded 3 times (x 70B)
Class com.google.gson.internal.bind.ReflectiveTypeAdapterFactory$BoundField           : loaded 3 times (x 75B)
Class org.jetbrains.kotlin.metadata.ProtoBuf$Annotation$1                             : loaded 3 times (x 144B)
Class org.jetbrains.kotlin.protobuf.AbstractParser                                    : loaded 3 times (x 144B)
Class com.google.protobuf.AbstractMessage$Builder                                     : loaded 3 times (x 257B)
Class kotlin.io.FilesKt__FileReadWriteKt                                              : loaded 3 times (x 71B)
Class kotlin.text.StringsKt__StringNumberConversionsKt                                : loaded 3 times (x 71B)
Class com.google.protobuf.ExtensionRegistryFactory                                    : loaded 3 times (x 71B)
Class com.android.build.gradle.internal.dsl.DefaultConfig$AgpDecorated                : loaded 3 times (x 430B)
Class com.android.buildanalyzer.common.AndroidGradlePluginAttributionData$AttributionDataAdapter$write$1: loaded 3 times (x 79B)
Class com.android.build.api.component.impl.OldVariantApiLegacySupportImpl$getJavaClasspathArtifacts$1$testedAllClasses$1: loaded 3 times (x 79B)
Class com.google.wireless.android.sdk.stats.DeviceManagerEvent                        : loaded 3 times (x 196B)
Class com.google.wireless.android.sdk.stats.SoongRunEvent                             : loaded 3 times (x 203B)
Class com.android.tools.analytics.TestSupportLibraries$setters$1$27                   : loaded 3 times (x 125B)
Class [Lorg.jetbrains.kotlin.cli.common.ExitCode;                                     : loaded 3 times (x 69B)
Class com.android.build.gradle.internal.SdkLibDataFactory                             : loaded 3 times (x 72B)
Class com.android.build.gradle.internal.tasks.factory.GlobalTaskCreationConfigImpl$platformAttrs$2$1: loaded 3 times (x 75B)
Class org.jetbrains.kotlin.gradle.plugin.mpp.KotlinCompilationsKt$sam$java_util_concurrent_Callable$0: loaded 3 times (x 75B)
Class org.jetbrains.kotlin.gradle.tasks.KotlinCompilerPluginData                      : loaded 3 times (x 72B)
Class com.android.build.gradle.internal.dependency.JdkImageTransformKt$getJdkImageFromTransform$1: loaded 3 times (x 75B)
Class org.jetbrains.kotlin.gradle.targets.js.npm.SemverKt                             : loaded 3 times (x 71B)
Class org.jetbrains.kotlin.gradle.internal.StdlibDependencyManagementKt$isStdlibAddedByUser$1: loaded 3 times (x 79B)
Class com.android.build.gradle.internal.res.LinkApplicationAndroidResourcesTask_Decorated: loaded 3 times (x 446B)
Class com.sun.xml.bind.v2.runtime.unmarshaller.SAXConnector$TagNameImpl               : loaded 3 times (x 75B)
Class javax.xml.bind.annotation.XmlAccessorOrder                                      : loaded 3 times (x 70B)
Class javax.xml.bind.JAXBElement                                                      : loaded 3 times (x 81B)
Class com.android.build.gradle.internal.SdkLocator$SdkLocationSource$LOCAL_ANDROID_DIR: loaded 3 times (x 80B)
Class com.android.repository.api.Downloader                                           : loaded 3 times (x 70B)
Class com.android.build.gradle.internal.tasks.AndroidVariantTask_Decorated            : loaded 3 times (x 378B)
Class com.sun.xml.bind.api.CompositeStructure                                         : loaded 3 times (x 72B)
Class com.android.build.api.component.impl.ComponentUtils                             : loaded 3 times (x 71B)
Class org.jetbrains.kotlin.compilerRunner.CompilerSystemPropertiesService$Companion$registerIfAbsent$2$1$1: loaded 3 times (x 75B)
Class org.jetbrains.kotlin.gradle.plugin.KotlinCompilationInfo                        : loaded 3 times (x 88B)
Class org.jetbrains.kotlin.gradle.plugin.internal.UsesBuildIdProviderService          : loaded 3 times (x 70B)
Class org.jetbrains.kotlin.gradle.plugin.mpp.compilationImpl.KotlinCompilationSourceSetInclusion$include$1: loaded 3 times (x 79B)
Class org.jetbrains.kotlin.gradle.plugin.mpp.compilationImpl.factory.KotlinCompilationImplFactory$KotlinCompilationDependencyConfigurationsFactory: loaded 3 times (x 70B)
Class com.android.build.gradle.internal.scope.InternalArtifactType$UNIT_TEST_CODE_COVERAGE: loaded 3 times (x 74B)
Class com.android.build.gradle.internal.tasks.PerModuleReportDependenciesTask         : loaded 3 times (x 338B)
Class com.android.build.gradle.internal.tasks.ProguardConfigurableTask$CreationAction : loaded 3 times (x 100B)
Class com.android.build.gradle.internal.scope.InternalArtifactType$DEX_ARCHIVE_INPUT_JAR_HASHES: loaded 3 times (x 74B)
Class com.android.build.gradle.internal.tasks.R8VersionCheckKt                        : loaded 3 times (x 71B)
Class com.android.build.gradle.internal.feature.BundleAllClasses                      : loaded 3 times (x 336B)
Class com.android.build.api.variant.impl.FileEntry                                    : loaded 3 times (x 70B)
Class com.android.build.api.variant.impl.JniLibsPackagingImpl                         : loaded 3 times (x 80B)
Class com.android.build.gradle.internal.tasks.MergeNativeLibsTask$CreationAction$handleProvider$1: loaded 3 times (x 127B)
Class com.android.build.gradle.tasks.GenerateResValues$CreationAction$deprecatedGeneratedResOutputDir$2: loaded 3 times (x 79B)
Class com.android.build.gradle.tasks.ProcessMultiApkApplicationManifest$CreationAction$handleProvider$1: loaded 3 times (x 127B)
Class com.android.build.api.variant.impl.ApplicationVariantBuilderImpl                : loaded 3 times (x 198B)
Class com.android.build.gradle.internal.core.dsl.impl.ConsumableComponentDslInfoImpl$optimizationDslInfo$2: loaded 3 times (x 79B)
Class com.android.build.gradle.internal.publishing.VariantPublishingInfo              : loaded 3 times (x 72B)
Class org.jetbrains.kotlin.gradle.tasks.BaseKotlinCompile                             : loaded 3 times (x 70B)
Class org.jetbrains.kotlin.gradle.plugin.KotlinPluginLifecycleCoroutineContextElement$Key: loaded 3 times (x 71B)
Class org.jetbrains.kotlin.gradle.internal.IdeaKt                                     : loaded 3 times (x 71B)
Class org.jetbrains.kotlin.gradle.plugin.sources.android.checker.KotlinAndroidSourceSetLayoutChecker: loaded 3 times (x 70B)
Class org.jetbrains.kotlin.gradle.plugin.diagnostics.KotlinToolingDiagnosticsSetupActionKt$KotlinToolingDiagnosticsSetupAction$1: loaded 3 times (x 74B)
Class org.jetbrains.kotlin.tooling.core.ExtrasPropertyKt                              : loaded 3 times (x 71B)
Class org.jetbrains.kotlin.gradle.dsl.KotlinProjectExtensionKt                        : loaded 3 times (x 71B)
Class org.jetbrains.kotlin.gradle.plugin.KotlinGradleBuildServices$Parameters_Decorated: loaded 3 times (x 130B)
Class org.jetbrains.kotlin.gradle.plugin.DefaultKotlinBasePlugin$addKotlinCompilerConfiguration$3: loaded 3 times (x 75B)
Class [Lorg.jetbrains.kotlin.statistics.metrics.IMetricContainerFactory;              : loaded 3 times (x 69B)
Class org.jetbrains.kotlin.gradle.plugin.internal.ArtifactTypeAttributeAccessor       : loaded 3 times (x 70B)
Class org.jetbrains.kotlin.gradle.plugin.internal.ArtifactTypeAttributeAccessor$ArtifactTypeAttributeAccessorVariantFactory: loaded 3 times (x 70B)
Class org.jetbrains.kotlin.gradle.plugin.internal.ConfigurationTimePropertiesAccessor$ConfigurationTimePropertiesAccessorVariantFactory: loaded 3 times (x 70B)
Class com.android.build.gradle.internal.dsl.TestOptions$UnitTestOptions_Decorated     : loaded 3 times (x 130B)
Class com.android.build.gradle.internal.api.artifact.SourceArtifactType$KOTLIN_SOURCES: loaded 3 times (x 74B)
Class com.android.build.api.dsl.LibraryPublishing                                     : loaded 3 times (x 70B)
Class com.android.build.gradle.internal.SdkComponentsBuildService$Parameters_Decorated: loaded 3 times (x 151B)
Class com.google.protobuf.IterableByteBufferInputStream                               : loaded 3 times (x 92B)
Class com.google.gson.internal.bind.TypeAdapters$17                                   : loaded 3 times (x 75B)
Class com.google.gson.internal.bind.TypeAdapters$4                                    : loaded 3 times (x 75B)
Class javax.xml.bind.annotation.XmlValue                                              : loaded 3 times (x 70B)
Class com.android.build.api.dsl.ApplicationBuildType                                  : loaded 3 times (x 70B)
Class com.android.build.gradle.internal.services.DslServicesImpl                      : loaded 3 times (x 99B)
Class com.android.build.gradle.internal.dsl.SigningConfigImpl$AgpDecorated            : loaded 3 times (x 101B)
Class com.android.build.gradle.internal.dsl.SigningConfigImpl$AgpDecorated_Decorated  : loaded 3 times (x 151B)
Class [Lorg.jetbrains.kotlin.protobuf.Internal$EnumLite;                              : loaded 3 times (x 69B)
Class org.jetbrains.kotlin.incremental.classpathDiff.InaccessibleClassSnapshot        : loaded 3 times (x 71B)
Class com.android.build.gradle.internal.scope.InternalArtifactType$DEFAULT_PROGUARD_FILES: loaded 3 times (x 74B)
Class com.android.buildanalyzer.common.AndroidGradlePluginAttributionData$AttributionDataAdapter$write$2: loaded 3 times (x 79B)
Class com.google.wireless.android.sdk.stats.DeviceMirroringAbnormalAgentTermination   : loaded 3 times (x 196B)
Class com.google.wireless.android.sdk.stats.InteractivePreviewEventOrBuilder          : loaded 3 times (x 70B)
Class com.google.wireless.android.sdk.stats.LintTooltipLinkEventOrBuilder             : loaded 3 times (x 70B)
Class com.google.wireless.android.sdk.stats.WindowsDefenderStatusOrBuilder            : loaded 3 times (x 70B)
Class com.android.tools.analytics.TestSupportLibraries$setters$1$28                   : loaded 3 times (x 125B)
Class com.android.build.gradle.internal.profile.WorkerProfilingRecord                 : loaded 3 times (x 72B)
Class org.jetbrains.kotlin.cli.common.CompilerSystemProperties$value$2                : loaded 3 times (x 125B)
Class org.jetbrains.kotlin.gradle.tasks.GradleCompileTaskProvider_Decorated           : loaded 3 times (x 117B)
Class org.jetbrains.kotlin.build.report.statistics.BuildStartParameters               : loaded 3 times (x 72B)
Class com.android.tools.lint.model.LintModelBuildFeatures                             : loaded 3 times (x 70B)
Class org.jetbrains.kotlin.gradle.internal.StdlibDependencyManagementKt$isStdlibAddedByUser$2: loaded 3 times (x 78B)
Class com.sun.xml.bind.v2.runtime.reflect.PrimitiveArrayListerCharacter               : loaded 3 times (x 76B)
Class com.sun.xml.bind.v2.runtime.reflect.Lister$IDREFS                               : loaded 3 times (x 77B)
Class com.sun.xml.bind.v2.model.impl.FieldPropertySeed                                : loaded 3 times (x 90B)
Class com.sun.xml.bind.v2.model.core.TypeRef                                          : loaded 3 times (x 70B)
Class com.sun.xml.bind.v2.model.annotation.Quick                                      : loaded 3 times (x 88B)
Class com.sun.xml.bind.v2.runtime.ArrayBeanInfoImpl                                   : loaded 3 times (x 89B)
Class com.android.repository.impl.generated.v1.LicenseRefType                         : loaded 3 times (x 77B)
Class org.jetbrains.kotlin.gradle.plugin.AndroidProjectHandler$wireKotlinTasks$1      : loaded 3 times (x 75B)
Class com.android.build.gradle.internal.scope.BuildArtifactType$JAVAC_CLASSES         : loaded 3 times (x 74B)
Class com.android.build.gradle.internal.scope.InternalArtifactType$LINT_MODEL_METADATA: loaded 3 times (x 74B)
Class com.android.build.gradle.internal.scope.InternalArtifactType$LIBRARY_JNI        : loaded 3 times (x 74B)
Class org.jetbrains.kotlin.gradle.plugin.mpp.compilationImpl.KotlinCompilationSourceSetInclusion$include$2: loaded 3 times (x 95B)
Class org.jetbrains.kotlin.gradle.plugin.hierarchy.KotlinSourceSetTreeClassifierKt$sourceSetTreeClassifier$2: loaded 3 times (x 78B)
Class com.android.build.gradle.internal.DependencyConfigurator$configureVariantTransforms$3$2$1: loaded 3 times (x 75B)
Class com.android.build.gradle.internal.SdkComponentsBuildService$sdkSourceSet$2      : loaded 3 times (x 79B)
Class com.android.build.gradle.internal.test.AbstractTestDataImpl$flavorName$1        : loaded 3 times (x 79B)
Class com.android.build.gradle.internal.scope.InternalArtifactType$VALIDATE_SIGNING_CONFIG: loaded 3 times (x 74B)
Class com.android.build.gradle.internal.tasks.MergeNativeLibsTask$CreationAction$handleProvider$2: loaded 3 times (x 127B)
Class com.android.build.api.artifact.impl.OperationRequestsImplKt$toCreate$1          : loaded 3 times (x 75B)
Class com.android.build.gradle.internal.scope.InternalArtifactType$MERGED_RES_INCREMENTAL_FOLDER: loaded 3 times (x 74B)
Class com.android.build.gradle.internal.tasks.ApplicationIdWriterTask$CreationAction$handleProvider$1: loaded 3 times (x 127B)
Class com.google.gson.annotations.JsonAdapter                                         : loaded 3 times (x 70B)
Class com.android.build.gradle.internal.dependency.AndroidXDependencySubstitution     : loaded 3 times (x 71B)
Class com.android.build.api.variant.impl.VariantImpl$nativeBuildCreationConfig$2      : loaded 3 times (x 79B)
Class com.android.build.gradle.internal.variant.VariantPathHelper$kaptSourceOutputDir$2: loaded 3 times (x 79B)
Class com.sun.xml.bind.v2.runtime.reflect.Accessor$2                                  : loaded 3 times (x 87B)
Class com.sun.xml.bind.v2.runtime.unmarshaller.DefaultValueLoaderDecorator            : loaded 3 times (x 78B)
Class org.jetbrains.kotlin.konan.target.HostManager                                   : loaded 3 times (x 72B)
Class org.jetbrains.kotlin.gradle.targets.js.npm.NpmDirectoryDependencyExtension      : loaded 3 times (x 70B)
Class org.jetbrains.kotlin.gradle.plugin.mpp.KotlinUsageContext$MavenScope            : loaded 3 times (x 79B)
Class org.jetbrains.kotlin.gradle.targets.native.KotilnNativeConfigureBinariesSideEffectKt$special$$inlined$KotlinTargetSideEffect$1: loaded 3 times (x 74B)
Class org.jetbrains.kotlin.gradle.plugin.KotlinProjectSetupAction$Companion           : loaded 3 times (x 71B)
Class com.android.build.gradle.internal.dsl.DexOptions_Decorated                      : loaded 3 times (x 156B)
Class com.android.build.api.dsl.LintOptions                                           : loaded 3 times (x 70B)
Class com.android.build.gradle.api.BaseVariantOutput                                  : loaded 3 times (x 70B)
Class com.android.build.api.dsl.AndroidSourceDirectorySet                             : loaded 3 times (x 70B)
Class [Lcom.android.resources.ResourceEnum;                                           : loaded 3 times (x 69B)
Class com.android.builder.model.ApiVersion                                            : loaded 3 times (x 70B)
Class com.android.build.gradle.internal.plugins.BasePlugin$createAndroidJdkImageConfiguration$1: loaded 3 times (x 74B)
Class com.android.build.gradle.internal.plugins.BasePlugin$dslServices$2$1            : loaded 3 times (x 79B)
Class com.android.build.gradle.internal.SdkComponentsKt                               : loaded 3 times (x 71B)
Class com.google.protobuf.FieldSet$FieldDescriptorLite                                : loaded 3 times (x 70B)
Class com.google.protobuf.ExtensionLite                                               : loaded 3 times (x 77B)
Class com.google.gson.internal.bind.SerializationDelegatingTypeAdapter                : loaded 3 times (x 74B)
Class com.google.gson.internal.bind.TypeAdapters$18                                   : loaded 3 times (x 75B)
Class com.google.gson.internal.bind.TypeAdapters$5                                    : loaded 3 times (x 75B)
Class com.android.build.api.variant.HasTestFixturesBuilder                            : loaded 3 times (x 70B)
Class com.android.build.api.dsl.BuildFeatures                                         : loaded 3 times (x 70B)
Class com.android.build.gradle.internal.core.SettingsOptions                          : loaded 3 times (x 72B)
Class com.google.common.base.CharMatcher$JavaLetter                                   : loaded 3 times (x 111B)
Class org.jetbrains.kotlin.compose.compiler.gradle.ComposeCompilerGradleSubplugin$Companion: loaded 3 times (x 71B)
Class com.android.build.gradle.internal.tasks.factory.TaskInformation                 : loaded 3 times (x 70B)
Class com.android.build.gradle.internal.tasks.AndroidGlobalTask                       : loaded 3 times (x 326B)
Class org.jetbrains.kotlin.gradle.utils.StoredProperty                                : loaded 3 times (x 70B)
Class com.android.buildanalyzer.common.AndroidGradlePluginAttributionData$AttributionDataAdapter$write$3: loaded 3 times (x 79B)
Class [Lcom.google.wireless.android.sdk.stats.AndroidStudioEvent$EventCategory;       : loaded 3 times (x 69B)
Class com.google.wireless.android.sdk.stats.CreateDiagnosticReportAction              : loaded 3 times (x 194B)
Class com.google.wireless.android.sdk.stats.ComposeMultiPreviewEvent                  : loaded 3 times (x 200B)
Class com.google.wireless.android.sdk.stats.IntelliJNewUISwitch                       : loaded 3 times (x 196B)
Class com.google.wireless.android.sdk.stats.SmlCompletionRequestErrorEventOrBuilder   : loaded 3 times (x 70B)
Class com.google.wireless.android.sdk.stats.StudioProjectChangeOrBuilder              : loaded 3 times (x 70B)
Class com.android.tools.analytics.TestSupportLibraries$setters$1$29                   : loaded 3 times (x 125B)
Class org.jetbrains.kotlin.compilerRunner.GradleKotlinCompilerWork$WhenMappings       : loaded 3 times (x 71B)
Class org.jetbrains.kotlin.build.report.metrics.BuildMetricsReporterImpl$WhenMappings : loaded 3 times (x 71B)
Class org.jetbrains.kotlin.cli.common.arguments.ArgumentParseErrors                   : loaded 3 times (x 72B)
Class com.android.build.gradle.internal.testing.utp.UtpRunProfileManager              : loaded 3 times (x 72B)
Class com.android.build.gradle.tasks.ProcessApplicationManifest_Decorated             : loaded 3 times (x 428B)
Class com.google.devtools.ksp.gradle.KspGradleSubplugin$Companion$getSubpluginOptions$1: loaded 3 times (x 78B)
Class org.jetbrains.kotlin.gradle.tasks.DefaultKotlinJavaToolchain$currentJvmJdkToolsJar$1: loaded 3 times (x 74B)
Class com.sun.xml.bind.v2.runtime.reflect.PrimitiveArrayListerByte                    : loaded 3 times (x 76B)
Class com.sun.xml.bind.v2.runtime.property.SingleReferenceNodeProperty$1              : loaded 3 times (x 85B)
Class com.sun.xml.bind.v2.runtime.unmarshaller.XsiNilLoader                           : loaded 3 times (x 80B)
Class javax.xml.bind.MarshalException                                                 : loaded 3 times (x 85B)
Class com.android.repository.impl.generated.v2.RemotePackage                          : loaded 3 times (x 157B)
Class com.android.repository.api.RepoManager                                          : loaded 3 times (x 94B)
Class javax.xml.bind.annotation.XmlNsForm                                             : loaded 3 times (x 79B)
Class com.android.build.gradle.internal.SdkComponentsBuildService$VersionedSdkLoader$apiVersionsFile$1: loaded 3 times (x 75B)
Class org.jetbrains.kotlin.gradle.plugin.SubpluginEnvironment                         : loaded 3 times (x 72B)
Class org.jetbrains.kotlin.gradle.plugin.AndroidProjectHandler$wireKotlinTasks$2      : loaded 3 times (x 79B)
Class org.jetbrains.kotlin.gradle.plugin.mpp.KotlinAndroidTarget$doCreateComponents$publishableVariants$1$1: loaded 3 times (x 79B)
Class org.jetbrains.kotlin.gradle.internal.StdlibDependencyManagementKt$addStdlibDependency$1$1$1: loaded 3 times (x 75B)
Class com.android.build.gradle.internal.utils.D8BackportedMethodsGenerator$Parameters_Decorated: loaded 3 times (x 144B)
Class com.android.build.gradle.internal.PropertiesValueSource$Params                  : loaded 3 times (x 70B)
Class com.android.build.gradle.internal.TaskManager$createDependencyStreams$1         : loaded 3 times (x 79B)
Class com.android.build.gradle.internal.tasks.BundleReportDependenciesTask$CreationAction: loaded 3 times (x 90B)
Class com.android.build.gradle.internal.tasks.BundleToApkTask$CreationAction          : loaded 3 times (x 90B)
Class com.android.build.gradle.internal.tasks.PerModuleBundleTask$CreationAction      : loaded 3 times (x 90B)
Class com.android.build.gradle.internal.tasks.AppMetadataTask                         : loaded 3 times (x 337B)
Class com.android.build.api.component.impl.DefaultSourcesProviderImpl$defaultResSources$1: loaded 3 times (x 78B)
Class com.android.build.api.variant.SourceDirectories$Layered                         : loaded 3 times (x 70B)
Class com.android.build.api.artifact.impl.OperationRequestsImplKt$toCreate$2          : loaded 3 times (x 75B)
Class com.android.build.gradle.tasks.ProcessManifestForInstantAppTask                 : loaded 3 times (x 336B)
Class com.android.build.gradle.internal.scope.InternalArtifactType$BASE_MODULE_METADATA: loaded 3 times (x 74B)
Class com.android.build.gradle.internal.dependency.VariantDependencies$computeArtifactCollection$attributesAction$1$1: loaded 3 times (x 79B)
Class com.android.build.api.component.impl.HostTestImpl                               : loaded 3 times (x 431B)
Class com.android.build.api.variant.impl.SourcesImpl                                  : loaded 3 times (x 117B)
Class com.android.build.api.variant.impl.AndroidResourcesImpl                         : loaded 3 times (x 84B)
Class org.jetbrains.kotlin.gradle.plugin.sources.AbstractKotlinSourceSet              : loaded 3 times (x 141B)
Class org.jetbrains.kotlin.gradle.plugin.sources.android.checker.MultiplatformLayoutV2AndroidStyleSourceDirUsageChecker: loaded 3 times (x 75B)
Class org.jetbrains.kotlin.gradle.plugin.sources.android.MultiplatformLayoutV2KotlinAndroidSourceSetNaming: loaded 3 times (x 75B)
Class org.jetbrains.kotlin.gradle.tooling.BuildKotlinToolingMetadataTaskKt$RegisterBuildKotlinToolingMetadataTask$1: loaded 3 times (x 74B)
Class org.jetbrains.kotlin.compilerRunner.GradleCliCommonizerKt$maybeCreateCommonizerClasspathConfiguration$1$1: loaded 3 times (x 75B)
Class [Lorg.jetbrains.kotlin.build.report.metrics.ValueType;                          : loaded 3 times (x 69B)
Class com.android.build.gradle.internal.tasks.factory.GlobalTaskCreationConfigImpl$buildToolsRevision$2: loaded 3 times (x 79B)
Class com.android.build.gradle.internal.dsl.LintImpl$severities$2                     : loaded 3 times (x 79B)
Class com.android.build.gradle.internal.api.artifact.SourceArtifactType$AIDL          : loaded 3 times (x 74B)
Class com.android.build.gradle.internal.api.DefaultAndroidSourceFile                  : loaded 3 times (x 88B)
Class com.android.build.api.dsl.CmakeFlags                                            : loaded 3 times (x 70B)
Class com.android.build.gradle.internal.dsl.KeepRulesImpl                             : loaded 3 times (x 84B)
Class org.jetbrains.kotlin.gradle.report.GradleBuildMetricsReporter                   : loaded 3 times (x 98B)
Class com.android.build.gradle.internal.errors.SyncIssueReporterImpl$GlobalSyncIssueService$RegistrationAction: loaded 3 times (x 74B)
Class com.android.build.gradle.internal.utils.AnalyticsSettingsUtils                  : loaded 3 times (x 71B)
Class com.google.gson.internal.bind.ReflectiveTypeAdapterFactory$FieldReflectionAdapter: loaded 3 times (x 77B)
Class com.google.gson.internal.bind.TypeAdapters$19                                   : loaded 3 times (x 75B)
Class com.google.gson.internal.bind.TypeAdapters$6                                    : loaded 3 times (x 75B)
Class com.android.ide.common.blame.Message$Kind                                       : loaded 3 times (x 79B)
Class com.android.build.gradle.internal.plugins.KotlinMultiplatformAndroidPlugin      : loaded 3 times (x 81B)
Class com.android.build.api.variant.HasHostTestsBuilder                               : loaded 3 times (x 70B)
Class com.android.build.api.variant.ComponentBuilder                                  : loaded 3 times (x 70B)
Class com.android.build.api.dsl.SettingsExtension                                     : loaded 3 times (x 70B)
Class com.android.build.api.dsl.CommonExtension                                       : loaded 3 times (x 70B)
Class org.jetbrains.kotlin.gradle.tasks.KotlinCompile$androidLayoutResources$1        : loaded 3 times (x 74B)
Class org.jetbrains.kotlin.cli.common.arguments.ArgumentField                         : loaded 3 times (x 72B)
Class org.jetbrains.kotlin.gradle.plugin.internal.ProjectIsolationStartParameterAccessor: loaded 3 times (x 70B)
Class org.jetbrains.kotlin.descriptors.Visibilities$Public                            : loaded 3 times (x 79B)
Class kotlin.jvm.internal.CallableReference                                           : loaded 3 times (x 106B)
Class org.jetbrains.kotlin.protobuf.ExtensionRegistryLite$ObjectIntPair               : loaded 3 times (x 72B)
Class org.jetbrains.kotlin.metadata.ProtoBuf$Class$1                                  : loaded 3 times (x 144B)
Class org.jetbrains.kotlin.load.kotlin.header.ReadKotlinClassHeaderAnnotationVisitor$KotlinMetadataArgumentVisitor$1: loaded 3 times (x 85B)
Class org.jetbrains.kotlin.statistics.fileloggers.MetricsContainer                    : loaded 3 times (x 77B)
Class org.jetbrains.kotlin.gradle.internal.properties.NativePropertiesLoader$isToolchainEnabled$1$1: loaded 3 times (x 76B)
Class com.android.buildanalyzer.common.AndroidGradlePluginAttributionData$AttributionDataAdapter$write$4: loaded 3 times (x 79B)
Class com.google.wireless.android.sdk.stats.ProductDetails$CpuArchitecture            : loaded 3 times (x 87B)
Class com.google.wireless.android.sdk.stats.StartupPerformanceCodeLoadedAndVisibleInEditor: loaded 3 times (x 206B)
Class com.google.wireless.android.sdk.stats.ConnectionAssistantEvent                  : loaded 3 times (x 198B)
Class com.google.wireless.android.sdk.stats.ManifestMergerStats                       : loaded 3 times (x 202B)
Class com.google.wireless.android.sdk.stats.GradleJdkConfigurationEventOrBuilder      : loaded 3 times (x 70B)
Class com.google.wireless.android.sdk.stats.ComposeSampleEventOrBuilder               : loaded 3 times (x 70B)
Class com.google.wireless.android.sdk.stats.TestRun$1                                 : loaded 3 times (x 151B)
Class [Lorg.jetbrains.kotlin.daemon.common.PropMapper;                                : loaded 3 times (x 69B)
Class com.google.devtools.ksp.gradle.KspGradleSubplugin$Companion$getSubpluginOptions$2: loaded 3 times (x 78B)
Class org.jetbrains.kotlin.gradle.dsl.jvm.JvmTargetValidationMode                     : loaded 3 times (x 79B)
Class com.android.repository.impl.generated.generic.v1.GenericDetailsType             : loaded 3 times (x 76B)
Class com.sun.xml.bind.v2.model.impl.ClassInfoImpl$PropertySorter                     : loaded 3 times (x 152B)
Class com.android.sdklib.repository.generated.common.v2.ObjectFactory                 : loaded 3 times (x 75B)
Class com.android.sdklib.repository.generated.addon.v3.ObjectFactory                  : loaded 3 times (x 80B)
Class com.android.build.gradle.internal.SdkFullLoadingStrategy                        : loaded 3 times (x 72B)
Class org.jetbrains.kotlin.gradle.plugin.AndroidProjectHandler$wireKotlinTasks$3      : loaded 3 times (x 74B)
Class org.jetbrains.kotlin.gradle.plugin.mpp.KotlinAndroidTarget$checkPublishLibraryVariantsExist$getLibraryVariantNames$1$1: loaded 3 times (x 79B)
Class org.jetbrains.kotlin.gradle.tasks.configuration.TaskConfigAction$sam$org_gradle_api_Action$0: loaded 3 times (x 75B)
Class org.jetbrains.kotlin.gradle.plugin.BuildFinishedListenerService$Companion$registerIfAbsent$2$1: loaded 3 times (x 79B)
Class org.jetbrains.kotlin.gradle.plugin.KotlinTargetConfiguratorKt$WhenMappings      : loaded 3 times (x 71B)
Class com.android.build.gradle.internal.lint.AndroidLintTask$SingleVariantCreationAction$Companion: loaded 3 times (x 71B)
Class com.google.common.collect.ImmutableTable                                        : loaded 3 times (x 134B)
Class com.android.build.gradle.internal.tasks.PerModuleReportDependenciesTask$CreationAction: loaded 3 times (x 90B)
Class com.android.build.api.artifact.impl.OperationRequestsImplKt$toAppend$1          : loaded 3 times (x 75B)
Class com.android.build.gradle.internal.res.ParseLibraryResourcesTask$CreateAction    : loaded 3 times (x 90B)
Class com.android.build.gradle.internal.scope.InternalArtifactType$SOURCE_SET_PATH_MAP: loaded 3 times (x 74B)
Class com.android.tools.build.jetifier.processor.transform.Transformer                : loaded 3 times (x 70B)
Class com.google.gson.annotations.SerializedName                                      : loaded 3 times (x 70B)
Class com.android.build.gradle.internal.tasks.ApkZipPackagingTask$CreationAction      : loaded 3 times (x 90B)
Class com.android.build.gradle.internal.feature.BundleAllClasses$CreationAction       : loaded 3 times (x 90B)
Class com.android.build.gradle.internal.tasks.ApplicationIdWriterTask$CreationAction  : loaded 3 times (x 90B)
Class com.android.build.gradle.internal.component.AarCreationConfig                   : loaded 3 times (x 70B)
Class com.google.wireless.android.sdk.stats.MachineDetailsOrBuilder                   : loaded 3 times (x 70B)
Class com.google.devtools.ksp.gradle.KspExtension                                     : loaded 3 times (x 85B)
Class org.jetbrains.kotlin.gradle.internal.KotlinTestDependencyManagementKt$configureKotlinTestDependency$1: loaded 3 times (x 79B)
Class org.jetbrains.kotlin.gradle.plugin.diagnostics.checkers.OverriddenKotlinNativeHomeChecker$StdlibExistenceCheckerValueSource$Params_Decorated: loaded 3 times (x 130B)
Class org.jetbrains.kotlin.project.model.LanguageSettings                             : loaded 3 times (x 70B)
Class org.jetbrains.kotlin.gradle.plugin.sources.android.configurator.CompositeKotlinAndroidSourceSetConfigurator: loaded 3 times (x 76B)
Class org.jetbrains.kotlin.gradle.plugin.KotlinPluginLifecycleKt$kotlinPluginLifecycle$2: loaded 3 times (x 78B)
Class org.jetbrains.kotlin.gradle.plugin.statistics.BuildFusService$Companion$registerIfAbsent$1$1: loaded 3 times (x 79B)
Class org.jetbrains.kotlin.gradle.plugin.BuildFinishFlowAction$Parameters_Decorated   : loaded 3 times (x 133B)
Class org.jetbrains.kotlin.gradle.plugin.internal.BasePluginConfiguration             : loaded 3 times (x 70B)
Class org.jetbrains.kotlin.gradle.plugin.internal.CompatibilityConventionRegistrar$Factory: loaded 3 times (x 70B)
Class [Lcom.android.buildanalyzer.common.TaskCategory;                                : loaded 3 times (x 69B)
Class com.android.build.gradle.internal.dsl.CoreExternalNativeBuildOptions            : loaded 3 times (x 70B)
Class com.android.utils.DateProvider                                                  : loaded 3 times (x 70B)
Class com.android.build.gradle.internal.utils.AnalyticsEnabledValueSource$Params      : loaded 3 times (x 70B)
Class com.google.gson.internal.bind.TypeAdapters$7                                    : loaded 3 times (x 75B)
Class com.google.gson.internal.$Gson$Preconditions                                    : loaded 3 times (x 71B)
Class com.google.wireless.android.sdk.stats.SplittingTabsUsageEventOrBuilder          : loaded 3 times (x 70B)
Class com.android.build.api.variant.HasHostTests                                      : loaded 3 times (x 70B)
Class org.jetbrains.kotlin.gradle.plugin.KotlinGradleBuildServices$Companion$registerIfAbsent$1: loaded 3 times (x 75B)
Class org.jetbrains.kotlin.tooling.core.MutableExtrasImpl$Companion                   : loaded 3 times (x 71B)
Class org.jetbrains.kotlin.metadata.jvm.JvmProtoBuf$StringTableTypes$Record$1         : loaded 3 times (x 144B)
Class org.jetbrains.kotlin.load.kotlin.header.ReadKotlinClassHeaderAnnotationVisitor$KotlinMetadataArgumentVisitor$2: loaded 3 times (x 85B)
Class org.jetbrains.kotlin.incremental.classpathDiff.ClassSnapshot                    : loaded 3 times (x 71B)
Class org.jetbrains.kotlin.gradle.plugin.sources.android.configurator.KotlinAndroidSourceSetConfigurationWithCondition: loaded 3 times (x 76B)
Class org.jetbrains.org.objectweb.asm.tree.AnnotationNode                             : loaded 3 times (x 79B)
Class com.google.wireless.android.sdk.stats.RunStartData                              : loaded 3 times (x 201B)
Class org.jetbrains.kotlin.gradle.targets.js.dsl.KotlinJsSubTargetContainerDsl        : loaded 3 times (x 70B)
Class com.android.buildanalyzer.common.AndroidGradlePluginAttributionData$AttributionDataAdapter$write$5: loaded 3 times (x 79B)
Class com.google.wireless.android.sdk.stats.GradleJdkInvalidEvent                     : loaded 3 times (x 194B)
Class com.android.buildanalyzer.common.AndroidGradlePluginAttributionData$Companion   : loaded 3 times (x 71B)
Class com.google.wireless.android.sdk.stats.StudioPatchUpdaterEvent                   : loaded 3 times (x 204B)
Class com.google.wireless.android.sdk.stats.GradleSyncIssue                           : loaded 3 times (x 198B)
Class com.google.wireless.android.sdk.stats.ComposeMultiPreviewEventOrBuilder         : loaded 3 times (x 70B)
Class org.jetbrains.kotlin.gradle.tasks.CompileUsingKotlinDaemonWithNormalization$normalizedKotlinDaemonJvmArguments$1: loaded 3 times (x 74B)
Class com.android.build.gradle.internal.dependency.ArtifactCollectionWithExtraArtifact$ExtraComponentArtifactIdentifier: loaded 3 times (x 76B)
Class org.jetbrains.kotlin.gradle.plugin.mpp.KotlinMetadataTarget                     : loaded 3 times (x 165B)
Class com.android.build.gradle.internal.dependency.AarTransform$Parameters$Inject_    : loaded 3 times (x 112B)
Class com.android.build.gradle.internal.BuildToolsExecutableInput_Decorated           : loaded 3 times (x 128B)
Class org.jetbrains.kotlin.gradle.plugin.diagnostics.CheckKotlinGradlePluginConfigurationErrorsKt$locateOrRegisterCheckKotlinGradlePluginErrorsTask$taskProvider$1$1: loaded 3 times (x 75B)
Class com.google.devtools.ksp.gradle.KspGradleSubplugin$Companion$getSubpluginOptions$3: loaded 3 times (x 78B)
Class com.android.build.gradle.internal.utils.DesugarLibUtils$getD8DesugarMethodFileFromTransform$1: loaded 3 times (x 74B)
Class com.android.build.gradle.internal.scope.InternalArtifactType$BUILT_IN_KAPT_GENERATED_KOTLIN_SOURCES: loaded 3 times (x 74B)
Class com.android.build.gradle.internal.scope.InternalArtifactType$RENDERSCRIPT_GENERATED_RES: loaded 3 times (x 74B)
Class com.android.build.gradle.internal.EmulatorComponents                            : loaded 3 times (x 72B)
Class com.sun.xml.bind.v2.runtime.reflect.TransducedAccessor$CompositeContextDependentTransducedAccessorImpl: loaded 3 times (x 79B)
Class javax.xml.bind.annotation.adapters.XmlAdapter                                   : loaded 3 times (x 73B)
Class com.sun.xml.bind.v2.runtime.reflect.Accessor                                    : loaded 3 times (x 85B)
Class com.sun.xml.bind.v2.model.impl.RuntimeAttributePropertyInfoImpl                 : loaded 3 times (x 144B)
Class javax.xml.bind.annotation.XmlType$DEFAULT                                       : loaded 3 times (x 71B)
Class com.sun.xml.bind.api.AccessorException                                          : loaded 3 times (x 82B)
Class com.android.build.gradle.internal.SdkLocation                                   : loaded 3 times (x 72B)
Class com.android.build.gradle.tasks.GenerateTestConfig$TestConfigInputs              : loaded 3 times (x 72B)
Class org.jetbrains.kotlin.compose.compiler.gradle.ComposeCompilerGradleSubplugin$applyToCompilation$1: loaded 3 times (x 75B)
Class org.jetbrains.kotlin.gradle.plugin.AndroidProjectHandler$wireKotlinTasks$4      : loaded 3 times (x 74B)
Class com.android.build.gradle.internal.api.UnitTestVariantImpl_Decorated             : loaded 3 times (x 264B)
Class org.jetbrains.kotlin.gradle.plugin.mpp.InternalKotlinCompilation$DefaultImpls   : loaded 3 times (x 71B)
Class org.jetbrains.kotlin.gradle.plugin.mpp.compilationImpl.KotlinCompilationSourceSetInclusion$DefaultAddSourcesToCompileTask: loaded 3 times (x 74B)
Class com.android.build.gradle.internal.scope.GradleAwareFilterData                   : loaded 3 times (x 70B)
Class com.android.build.gradle.internal.dependency.AarResourcesCompilerTransform$Parameters_Decorated: loaded 3 times (x 134B)
Class com.android.build.gradle.internal.dependency.AarResourcesCompilerTransform$Parameters: loaded 3 times (x 70B)
Class com.android.build.gradle.internal.scope.InternalArtifactType$LINT_TEXT_REPORT   : loaded 3 times (x 74B)
Class com.android.build.gradle.internal.tasks.featuresplit.FeatureSplitUtils          : loaded 3 times (x 71B)
Class com.android.build.api.artifact.impl.OperationRequestsImplKt$toAppend$2          : loaded 3 times (x 75B)
Class com.android.build.api.artifact.impl.InternalScopedArtifact                      : loaded 3 times (x 74B)
Class com.android.build.gradle.internal.tasks.MergeNativeLibsTask$CreationAction      : loaded 3 times (x 90B)
Class com.android.build.gradle.internal.core.dsl.impl.SigningConfigResolver           : loaded 3 times (x 72B)
Class com.android.tools.build.jetifier.processor.transform.proguard.ProGuardTypesMapper$Companion: loaded 3 times (x 71B)
Class com.android.build.gradle.internal.component.features.ResValuesCreationConfig    : loaded 3 times (x 70B)
Class com.google.devtools.ksp.gradle.KspConfigurations$configurationNameOf$1          : loaded 3 times (x 78B)
Class org.jetbrains.kotlin.gradle.internal.KotlinTestDependencyManagementKt$configureKotlinTestDependency$2: loaded 3 times (x 75B)
Class org.jetbrains.kotlin.gradle.dsl.PlatformSourceSetConventionsChecker$runChecks$$inlined$CheckedPlatformInfo$default$1: loaded 3 times (x 78B)
Class [Lorg.jetbrains.kotlin.gradle.plugin.KotlinPluginLifecycle$Stage;               : loaded 3 times (x 69B)
Class org.jetbrains.kotlin.gradle.artifacts.KotlinTargetArtifact$Companion            : loaded 3 times (x 71B)
Class org.jetbrains.kotlin.gradle.plugin.mpp.compilationImpl.KotlinCreateLifecycleTasksSideEffectKt$KotlinCreateLifecycleTasksSideEffect$1: loaded 3 times (x 74B)
Class org.jetbrains.kotlin.gradle.targets.metadata.KotlinMetadataTargetConfiguratorKt$metadataCompilationsCreated$2: loaded 3 times (x 78B)
Class org.jetbrains.kotlin.gradle.dsl.KotlinGradlePluginDsl                           : loaded 3 times (x 70B)
Class org.jetbrains.kotlin.tooling.core.MutableExtras                                 : loaded 3 times (x 70B)
Class org.jetbrains.kotlin.gradle.plugin.KotlinGradleBuildServices$detectKotlinPluginLoadedInMultipleProjects$onRegister$1: loaded 3 times (x 79B)
Class org.jetbrains.kotlin.gradle.targets.js.nodejs.UnameExecutor                     : loaded 3 times (x 70B)
Class com.android.build.gradle.internal.scope.InternalArtifactType                    : loaded 3 times (x 74B)
Class com.android.build.gradle.internal.dsl.SdkComponentsImpl$adb$1                   : loaded 3 times (x 75B)
Class com.android.build.gradle.internal.dsl.ManagedVirtualDeviceFactory               : loaded 3 times (x 75B)
Class com.android.build.gradle.internal.dsl.ManagedVirtualDevice                      : loaded 3 times (x 101B)
Class com.android.build.gradle.internal.api.AndroidSourceSetName                      : loaded 3 times (x 72B)
Class org.objectweb.asm.commons.InstructionAdapter                                    : loaded 3 times (x 188B)
Class com.android.build.api.dsl.BundleAbi                                             : loaded 3 times (x 70B)
Class com.android.build.gradle.internal.services.LintClassLoaderBuildService          : loaded 3 times (x 80B)
Class com.android.build.gradle.internal.attribution.BuildAnalyzerConfiguratorService$initBuildAnalyzerService$1: loaded 3 times (x 75B)
Class com.google.gson.internal.bind.CollectionTypeAdapterFactory$Adapter              : loaded 3 times (x 74B)
Class com.google.gson.internal.bind.TypeAdapters$8                                    : loaded 3 times (x 75B)
Class com.google.common.collect.Iterators$10                                          : loaded 3 times (x 81B)
Class com.android.build.gradle.internal.attribution.BuildAnalyzerService$close$1      : loaded 3 times (x 79B)
Class com.android.build.gradle.options.ProjectOptionService$RegistrationAction        : loaded 3 times (x 74B)
Class com.android.build.api.variant.ApplicationVariantBuilder                         : loaded 3 times (x 70B)
Class com.android.build.gradle.internal.services.DslServices                          : loaded 3 times (x 70B)
Class com.google.common.base.CharMatcher$JavaDigit                                    : loaded 3 times (x 111B)
Class com.android.build.gradle.internal.variant.VariantPathHelper$defaultApkLocation$2: loaded 3 times (x 79B)
Class org.jetbrains.kotlin.protobuf.GeneratedMessageLite$ExtendableMessageOrBuilder   : loaded 3 times (x 70B)
Class com.android.build.api.variant.GeneratesTestApk                                  : loaded 3 times (x 70B)
Class org.jetbrains.kotlin.metadata.ProtoBuf$TypeParameterOrBuilder                   : loaded 3 times (x 70B)
Class org.jetbrains.kotlin.metadata.ProtoBuf$Property                                 : loaded 3 times (x 148B)
Class org.jetbrains.kotlin.metadata.ProtoBuf$FunctionOrBuilder                        : loaded 3 times (x 70B)
Class org.jetbrains.kotlin.protobuf.GeneratedMessageLite$1                            : loaded 3 times (x 71B)
Class com.android.builder.core.AbstractProductFlavor$Companion                        : loaded 3 times (x 71B)
Class com.google.wireless.android.sdk.stats.BuildOutputWindowStats                    : loaded 3 times (x 198B)
Class com.google.wireless.android.sdk.stats.DeviceConnectedNotificationEvent          : loaded 3 times (x 202B)
Class com.google.wireless.android.sdk.stats.AdbUsageEvent                             : loaded 3 times (x 197B)
Class com.google.wireless.android.sdk.stats.DeviceConnectedNotificationEventOrBuilder : loaded 3 times (x 70B)
Class [Lorg.jetbrains.kotlin.daemon.common.CompilerMode;                              : loaded 3 times (x 69B)
Class org.jetbrains.kotlin.cli.common.arguments.CommonCompilerArguments$Companion     : loaded 3 times (x 71B)
Class com.android.build.gradle.internal.tasks.ValidateResourcesTask_Decorated         : loaded 3 times (x 383B)
Class com.android.ide.common.resources.MergingException                               : loaded 3 times (x 83B)
Class org.jetbrains.kotlin.gradle.plugin.diagnostics.CheckKotlinGradlePluginConfigurationErrorsKt$locateOrRegisterCheckKotlinGradlePluginErrorsTask$taskProvider$1$2: loaded 3 times (x 74B)
Class com.google.devtools.ksp.gradle.KspGradleSubplugin$Companion$getSubpluginOptions$4: loaded 3 times (x 78B)
Class com.android.build.gradle.internal.tasks.featuresplit.PackagedDependenciesWriterTask$CreationAction$configure$2: loaded 3 times (x 74B)
Class com.android.build.api.variant.impl.MultiOutputHandlerImplBase                   : loaded 3 times (x 95B)
Class com.sun.xml.bind.v2.runtime.reflect.Lister$1                                    : loaded 3 times (x 76B)
Class com.sun.xml.bind.v2.model.nav.ReflectionNavigator$1                             : loaded 3 times (x 81B)
Class com.sun.xml.bind.v2.util.TypeCast                                               : loaded 3 times (x 71B)
Class com.android.repository.impl.meta.TypeDetails$GenericType                        : loaded 3 times (x 70B)
Class com.android.repository.impl.generated.v1.ArchiveType                            : loaded 3 times (x 96B)
Class com.android.build.gradle.internal.SdkDirectLoadingStrategy$components$2         : loaded 3 times (x 79B)
Class com.android.build.gradle.internal.tasks.factory.BootClasspathConfigImpl$mockableJarArtifact$2$attributes$1: loaded 3 times (x 75B)
Class org.jetbrains.kotlin.gradle.utils.ProviderApiUtilsKt$sam$i$java_util_concurrent_Callable$0: loaded 3 times (x 75B)
Class com.google.devtools.ksp.gradle.KotlinFactories                                  : loaded 3 times (x 71B)
Class org.jetbrains.kotlin.compose.compiler.gradle.ComposeCompilerGradleSubplugin$applyToCompilation$2: loaded 3 times (x 74B)
Class org.jetbrains.kotlin.gradle.tasks.CompileUsingKotlinDaemon                      : loaded 3 times (x 70B)
Class org.jetbrains.kotlin.gradle.plugin.mpp.KotlinWithJavaTarget                     : loaded 3 times (x 164B)
Class com.android.build.gradle.internal.DependencyConfigurator$Companion              : loaded 3 times (x 71B)
Class com.android.build.gradle.internal.SdkLibDataFactory$Environment$SystemProperty  : loaded 3 times (x 79B)
Class com.android.build.api.artifact.SingleArtifact$APK_FROM_BUNDLE                   : loaded 3 times (x 74B)
Class com.android.build.gradle.internal.scope.InternalArtifactType$BINARY_ART_PROFILE : loaded 3 times (x 74B)
Class com.android.build.gradle.internal.tasks.ApplicationTaskManager$createBundleTask$1: loaded 3 times (x 75B)
Class com.android.build.gradle.internal.feature.BundleAllClasses$CreationAction$handleProvider$1: loaded 3 times (x 127B)
Class com.android.build.gradle.internal.res.ParseLibraryResourcesTask$CreateAction$handleProvider$1: loaded 3 times (x 127B)
Class com.android.build.gradle.internal.tasks.ValidateResourcesTask$CreateAction$handleProvider$1: loaded 3 times (x 127B)
Class com.android.build.api.component.impl.features.NativeBuildCreationConfigImpl$externalNativeBuild$2: loaded 3 times (x 79B)
Class [Lcom.android.build.VariantOutput$FilterType;                                   : loaded 3 times (x 69B)
Class com.android.build.gradle.internal.variant.BaseVariantData$DiscoverableFilterType$LANGUAGE: loaded 3 times (x 80B)
Class com.android.build.api.variant.impl.ApplicationVariantImpl$androidResources$2    : loaded 3 times (x 79B)
Class com.android.build.gradle.internal.core.dsl.impl.features.OptimizationDslInfoImpl$mergeOptions$1: loaded 3 times (x 78B)
Class com.android.build.gradle.internal.core.dsl.ComponentDslInfo$DslDefinedHostTest  : loaded 3 times (x 72B)
Class com.android.build.gradle.internal.tasks.BuildAnalyzer                           : loaded 3 times (x 70B)
Class org.jetbrains.kotlin.gradle.plugin.internal.IdeaPropertiesValueSource$Parameters_Decorated: loaded 3 times (x 130B)
Class org.jetbrains.kotlin.gradle.plugin.sources.android.MultiplatformLayoutV1KotlinAndroidSourceSetNaming: loaded 3 times (x 75B)
Class org.jetbrains.kotlin.gradle.plugin.mpp.compilationImpl.KotlinCreateNativeCompileTasksSideEffectKt$special$$inlined$KotlinCompilationSideEffect$1: loaded 3 times (x 74B)
Class org.jetbrains.kotlin.gradle.targets.KotlinTargetSideEffect$Companion            : loaded 3 times (x 71B)
Class org.jetbrains.kotlin.gradle.dsl.KotlinSingleJavaTargetExtension                 : loaded 3 times (x 100B)
Class org.jetbrains.kotlin.gradle.utils.StoredPropertyKt$extrasStoredProperty$1       : loaded 3 times (x 78B)
Class org.jetbrains.kotlin.gradle.plugin.KotlinPluginLifecycle$IllegalLifecycleException: loaded 3 times (x 82B)
Class org.jetbrains.kotlin.gradle.plugin.KotlinGradleFinishBuildHandler               : loaded 3 times (x 72B)
Class org.jetbrains.kotlin.gradle.internal.properties.NativePropertiesLoader$userProvidedNativeHome$1: loaded 3 times (x 75B)
Class [Lorg.jetbrains.kotlin.build.report.metrics.BuildPerformanceMetric;             : loaded 3 times (x 69B)
Class org.jetbrains.kotlin.statistics.metrics.StringOverridePolicy$CONCAT             : loaded 3 times (x 85B)
Class org.jetbrains.kotlin.gradle.dsl.KotlinTopLevelExtension                         : loaded 3 times (x 86B)
Class com.android.builder.signing.DefaultSigningConfig$DebugSigningConfig             : loaded 3 times (x 72B)
Class com.android.build.gradle.internal.core.dsl.impl.features.DeviceTestOptionsDslInfoImpl: loaded 3 times (x 85B)
Class com.android.build.gradle.internal.core.dsl.features.TestOptionsDslInfo          : loaded 3 times (x 70B)
Class com.android.build.gradle.internal.dsl.DexPackagingImpl$AgpDecorated             : loaded 3 times (x 83B)
Class com.android.build.gradle.internal.dsl.BundleOptionsDensity$AgpDecorated         : loaded 3 times (x 81B)
Class com.android.build.VariantOutput                                                 : loaded 3 times (x 70B)
Class com.android.build.api.artifact.Artifact$Single                                  : loaded 3 times (x 74B)
Class com.android.build.api.dsl.Optimization                                          : loaded 3 times (x 70B)
Class com.android.build.gradle.internal.dsl.DependenciesInfoImpl                      : loaded 3 times (x 81B)
Class com.android.build.api.dsl.TestProductFlavor                                     : loaded 3 times (x 70B)
Class com.android.build.gradle.internal.services.AndroidLocationsBuildService$AndroidDirectoryCreator$Params$Inject_: loaded 3 times (x 108B)
Class com.android.prefs.LocationValue                                                 : loaded 3 times (x 70B)
Class com.google.devtools.ksp.gradle.KspGradleSubplugin$WhenMappings                  : loaded 3 times (x 71B)
Class com.android.build.gradle.internal.attribution.BuildAnalyzerConfiguratorService$RegistrationAction: loaded 3 times (x 74B)
Class com.google.gson.internal.bind.TypeAdapters$9                                    : loaded 3 times (x 75B)
Class [Lcom.android.build.gradle.internal.utils.DependencyInfo;                       : loaded 3 times (x 69B)
Class com.android.build.gradle.internal.plugins.DynamicFeaturePlugin                  : loaded 3 times (x 96B)
Class com.android.builder.errors.EvalIssueException                                   : loaded 3 times (x 82B)
Class com.android.build.api.variant.Instrumentation                                   : loaded 3 times (x 70B)
Class org.jetbrains.kotlin.metadata.jvm.deserialization.UtfEncodingKt                 : loaded 3 times (x 71B)
Class org.jetbrains.kotlin.metadata.jvm.JvmProtoBuf$JvmFieldSignature$1               : loaded 3 times (x 144B)
Class org.jetbrains.kotlin.metadata.ProtoBuf$TypeTable                                : loaded 3 times (x 109B)
Class org.jetbrains.kotlin.metadata.jvm.JvmProtoBuf$JvmMethodSignature                : loaded 3 times (x 108B)
Class org.jetbrains.kotlin.protobuf.MessageLiteOrBuilder                              : loaded 3 times (x 70B)
Class org.jetbrains.kotlin.load.kotlin.header.ReadKotlinClassHeaderAnnotationVisitor$KotlinMetadataArgumentVisitor: loaded 3 times (x 86B)
Class com.google.gson.JsonObject                                                      : loaded 3 times (x 93B)
Class com.android.build.api.variant.impl.VariantOutputImpl                            : loaded 3 times (x 82B)
Class com.google.gson.internal.UnsafeAllocator$2                                      : loaded 3 times (x 73B)
Class com.android.build.gradle.internal.publishing.AndroidArtifacts$ArtifactScope     : loaded 3 times (x 79B)
Class com.google.wireless.android.sdk.stats.StudioUpdateFlowEvent                     : loaded 3 times (x 203B)
Class com.google.wireless.android.sdk.stats.AndroidStudioEvent$TemplatesUsageOrBuilder: loaded 3 times (x 70B)
Class com.google.wireless.android.sdk.stats.ResourceManagerEventOrBuilder             : loaded 3 times (x 70B)
Class com.google.wireless.android.sdk.stats.LldbSessionEndDetailsOrBuilder            : loaded 3 times (x 70B)
Class com.google.wireless.android.sdk.stats.TestLibrariesOrBuilder                    : loaded 3 times (x 70B)
Class com.android.ide.common.blame.SourcePosition                                     : loaded 3 times (x 71B)
Class com.android.build.gradle.tasks.CompatibleScreensManifest_Decorated              : loaded 3 times (x 389B)
Class com.google.devtools.ksp.gradle.KspGradleSubplugin$Companion$getSubpluginOptions$5: loaded 3 times (x 78B)
Class com.android.build.api.artifact.impl.InAndOutDirectoryOperationRequestImpl$Companion$initializeInput$1$1: loaded 3 times (x 75B)
Class com.android.build.gradle.internal.tasks.featuresplit.PackagedDependenciesWriterTask$CreationAction$configure$3: loaded 3 times (x 74B)
Class com.sun.xml.bind.v2.runtime.reflect.DefaultTransducedAccessor                   : loaded 3 times (x 79B)
Class com.sun.xml.bind.v2.runtime.reflect.Lister$2                                    : loaded 3 times (x 77B)
Class javax.xml.bind.annotation.XmlAccessorType                                       : loaded 3 times (x 70B)
Class com.sun.xml.bind.v2.model.annotation.XmlTransientQuick                          : loaded 3 times (x 90B)
Class com.sun.xml.bind.v2.model.nav.ReflectionNavigator$2                             : loaded 3 times (x 81B)
Class com.sun.xml.bind.v2.model.impl.EnumLeafInfoImpl                                 : loaded 3 times (x 128B)
Class javax.xml.bind.ServiceLoaderUtil$ExceptionHandler                               : loaded 3 times (x 72B)
Class com.android.build.gradle.internal.publishing.AppVariantSpecBuilder              : loaded 3 times (x 90B)
Class org.jetbrains.kotlin.gradle.plugin.ProjectLocalConfigurationsKt                 : loaded 3 times (x 71B)
Class org.jetbrains.kotlin.gradle.plugin.mpp.compilationImpl.factory.KotlinCompilationImplFactory: loaded 3 times (x 72B)
Class com.android.build.gradle.internal.dependency.DexingOutputSplitTransform$Parameters_Decorated: loaded 3 times (x 135B)
Class com.android.build.gradle.internal.dependency.DexingOutputSplitTransform$Parameters: loaded 3 times (x 70B)
Class com.android.build.gradle.internal.tasks.ApplicationTaskManager$createBundleTask$2: loaded 3 times (x 75B)
Class com.android.build.api.artifact.impl.TypedStorageProvider$getArtifact$2$1        : loaded 3 times (x 79B)
Class com.android.build.api.variant.impl.ManifestFilesImpl$allStatic$1                : loaded 3 times (x 74B)
Class com.android.build.gradle.tasks.JavaPreCompileTask$CreationAction                : loaded 3 times (x 90B)
Class com.android.build.gradle.tasks.MergeSourceSetFolders$MergeAppAssetCreationAction$handleProvider$1: loaded 3 times (x 127B)
Class com.android.build.gradle.internal.publishing.AndroidArtifacts                   : loaded 3 times (x 71B)
Class com.android.build.gradle.internal.dependency.ConstraintHandler$checkConfigurationAlignments$1: loaded 3 times (x 75B)
Class com.android.build.gradle.internal.core.dsl.impl.features.OptimizationDslInfoImpl$mergeOptions$2: loaded 3 times (x 78B)
Class com.android.build.gradle.internal.core.dsl.impl.features.PrivacySandboxDslInfoImpl: loaded 3 times (x 75B)
Class com.android.build.gradle.internal.utils.KgpUtils$syncAgpAndKgpSources$kotlinSourceSets$2: loaded 3 times (x 79B)
Class org.jetbrains.kotlin.gradle.internal.KotlinDomApiDependencyManagementKt$addKotlinDomApiDependency$1: loaded 3 times (x 75B)
Class org.jetbrains.kotlin.gradle.plugin.diagnostics.checkers.KotlinTargetAlreadyDeclaredChecker$runChecks$1: loaded 3 times (x 88B)
Class org.jetbrains.kotlin.gradle.plugin.mpp.KotlinTargetWithBinaries                 : loaded 3 times (x 161B)
Class [Lorg.jetbrains.kotlin.gradle.plugin.KotlinSourceSet;                           : loaded 3 times (x 69B)
Class org.jetbrains.kotlin.gradle.plugin.diagnostics.checkers.JsEnvironmentChecker$1  : loaded 3 times (x 78B)
Class org.jetbrains.kotlin.gradle.plugin.diagnostics.KotlinToolingDiagnostics$JsLikeEnvironmentNotChosenExplicitly: loaded 3 times (x 73B)
Class org.jetbrains.kotlin.gradle.plugin.KotlinTargetsContainerWithPresets            : loaded 3 times (x 70B)
Class org.jetbrains.kotlin.gradle.utils.StoredLazyProperty$getValue$1                 : loaded 3 times (x 79B)
Class org.jetbrains.kotlin.statistics.metrics.IMetricContainerFactory                 : loaded 3 times (x 70B)
Class org.jetbrains.kotlin.statistics.MetricValueValidationFailed                     : loaded 3 times (x 82B)
Class org.jetbrains.kotlin.gradle.plugin.PropertiesProvider$localProperties$2         : loaded 3 times (x 79B)
Class org.jetbrains.kotlin.gradle.plugin.internal.JavaSourceSetsAccessor$JavaSourceSetsAccessorVariantFactory: loaded 3 times (x 70B)
Class com.android.build.gradle.internal.core.SettingsOptionsKt                        : loaded 3 times (x 71B)
Class com.android.build.gradle.internal.dsl.BundleOptionsCodeTransparency$AgpDecorated: loaded 3 times (x 81B)
Class com.android.build.gradle.internal.api.artifact.SourceArtifactType$JAVA_RESOURCES: loaded 3 times (x 74B)
Class com.android.build.gradle.api.AndroidSourceFile                                  : loaded 3 times (x 70B)
Class org.objectweb.asm.commons.LocalVariablesSorter                                  : loaded 3 times (x 110B)
Class com.android.build.api.dsl.ViewBinding                                           : loaded 3 times (x 70B)
Class com.android.build.gradle.internal.dsl.DexPackagingImpl                          : loaded 3 times (x 70B)
Class com.android.build.gradle.internal.dsl.AssetPackBundleExtensionImpl              : loaded 3 times (x 70B)
Class com.android.build.gradle.internal.dsl.decorator.SupportedPropertyType$Var$String: loaded 3 times (x 74B)
Class com.android.prefs.PathLocator                                                   : loaded 3 times (x 73B)
Class com.android.build.gradle.internal.utils.AnalyticsEnabledValueSource$Params$Inject_: loaded 3 times (x 106B)
Class com.android.build.gradle.internal.profile.NoOpAnalyticsConfiguratorService      : loaded 3 times (x 82B)
Class com.android.tools.analytics.AnalyticsSettingsData$DataTypeAdapter               : loaded 3 times (x 73B)
Class com.google.gson.JsonParseException                                              : loaded 3 times (x 82B)
Class com.google.protobuf.CodedInputStream$StreamDecoder                              : loaded 3 times (x 120B)
Class [Lcom.android.build.gradle.internal.publishing.AndroidArtifacts$ConsumedConfigType;: loaded 3 times (x 69B)
Class com.android.build.api.component.impl.features.OptimizationCreationConfigImpl$consumerProguardFiles$2: loaded 3 times (x 79B)
Class com.android.build.gradle.internal.TaskManager$WhenMappings                      : loaded 3 times (x 71B)
Class com.android.build.gradle.internal.scope.InternalArtifactType$DESUGAR_GRAPH      : loaded 3 times (x 74B)
Class com.android.build.gradle.internal.tasks.ApkZipPackagingTask                     : loaded 3 times (x 336B)
Class org.jetbrains.kotlin.metadata.ProtoBuf$AnnotationOrBuilder                      : loaded 3 times (x 70B)
Class org.jetbrains.kotlin.protobuf.WireFormat$FieldType                              : loaded 3 times (x 83B)
Class org.jetbrains.kotlin.load.kotlin.FileBasedKotlinClass                           : loaded 3 times (x 88B)
Class org.jetbrains.kotlin.buildtools.internal.ClasspathEntrySnapshotImpl             : loaded 3 times (x 76B)
Class com.android.build.gradle.internal.dependency.SubtractingArtifactCollection$SubtractingArtifactResult$fileCollection$1: loaded 3 times (x 79B)
Class com.android.build.gradle.internal.services.Aapt2ThreadPoolBuildService$RegistrationAction: loaded 3 times (x 74B)
Class org.jetbrains.kotlin.statistics.BuildSessionLogger$Companion$listProfileFiles$lambda$3$$inlined$sortedBy$1: loaded 3 times (x 89B)
Class com.google.wireless.android.sdk.stats.AutoImportEvent                           : loaded 3 times (x 196B)
Class com.google.wireless.android.sdk.stats.KotlinProjectConfigurationOrBuilder       : loaded 3 times (x 70B)
Class org.jetbrains.kotlin.daemon.common.OSKind$Companion                             : loaded 3 times (x 71B)
Class org.jetbrains.kotlin.daemon.common.PropMapper                                   : loaded 3 times (x 74B)
Class org.jetbrains.kotlin.gradle.plugin.mpp.compilationImpl.DefaultKotlinCompilationFriendPathsResolver$resolveFriendPaths$1$1: loaded 3 times (x 79B)
Class com.google.devtools.ksp.gradle.KspGradleSubplugin$Companion$getSubpluginOptions$6: loaded 3 times (x 78B)
Class org.jetbrains.kotlin.build.report.metrics.BuildMetricsReporterImpl              : loaded 3 times (x 98B)
Class com.android.build.gradle.internal.lint.LintOptionsInput_Decorated               : loaded 3 times (x 165B)
Class com.sun.xml.bind.v2.runtime.unmarshaller.Patcher                                : loaded 3 times (x 70B)
Class com.sun.xml.bind.v2.model.nav.ReflectionNavigator$3                             : loaded 3 times (x 77B)
Class com.sun.xml.bind.v2.model.annotation.XmlValueQuick                              : loaded 3 times (x 90B)
Class com.sun.istack.Pool                                                             : loaded 3 times (x 70B)
Class com.android.repository.impl.generated.v2.ArchivesType                           : loaded 3 times (x 75B)
Class com.android.build.gradle.internal.FileExistsValueSource$Params                  : loaded 3 times (x 70B)
Class com.android.repository.Revision$PreviewComparison                               : loaded 3 times (x 79B)
Class org.jetbrains.kotlin.gradle.plugin.sources.FragmentConsistencyChecks$optInAnnotationsCheck$1$1: loaded 3 times (x 78B)
Class org.jetbrains.kotlin.gradle.tasks.configuration.KaptGenerateStubsConfig         : loaded 3 times (x 72B)
Class org.jetbrains.kotlin.gradle.tasks.configuration.BaseKotlinCompileConfig$1$classpathConfiguration$jvmToolchain$1: loaded 3 times (x 74B)
Class com.android.build.gradle.internal.ide.FilterDataImpl                            : loaded 3 times (x 80B)
Class com.android.build.gradle.internal.dependency.AarToClassTransform$Companion      : loaded 3 times (x 71B)
Class com.android.build.gradle.internal.scope.InternalArtifactType$ANALYZE_DEPENDENCIES_REPORT: loaded 3 times (x 74B)
Class com.android.build.gradle.internal.tasks.ExtractVersionControlInfoTask$CreationAction$handleProvider$1: loaded 3 times (x 127B)
Class com.android.build.gradle.internal.tasks.PackageBundleTask$CreationAction$handleProvider$1: loaded 3 times (x 127B)
Class com.android.build.gradle.internal.tasks.DexFileDependenciesTask$CreationAction$handleProvider$1: loaded 3 times (x 127B)
Class com.android.build.gradle.internal.scope.InternalArtifactType$SYMBOL_LIST_WITH_PACKAGE_NAME: loaded 3 times (x 74B)
Class com.android.build.gradle.internal.scope.InternalArtifactType$MERGED_MANIFESTS   : loaded 3 times (x 74B)
Class com.android.tools.build.jetifier.core.type.JavaType                             : loaded 3 times (x 72B)
Class com.android.build.gradle.internal.VariantManager$createVariantsFromCombination$variantExtensionConfig$1: loaded 3 times (x 78B)
Class com.android.build.gradle.internal.core.dsl.impl.features.AndroidResourcesDslInfoImpl: loaded 3 times (x 81B)
Class com.android.build.api.component.impl.DeviceTestImpl$dexing$2                    : loaded 3 times (x 79B)
Class com.android.build.gradle.internal.component.legacy.ModelV1LegacySupport         : loaded 3 times (x 70B)
Class com.android.build.gradle.internal.core.dsl.ComponentDslInfo$DslDefinedDeviceTest: loaded 3 times (x 72B)
Class org.jetbrains.kotlin.gradle.targets.js.npm.SemVer                               : loaded 3 times (x 75B)
Class org.jetbrains.kotlin.gradle.plugin.sources.android.configurator.KotlinAndroidSourceSetConfiguratorKt: loaded 3 times (x 71B)
Class org.jetbrains.kotlin.gradle.plugin.diagnostics.checkers.JsEnvironmentChecker$2  : loaded 3 times (x 78B)
Class org.jetbrains.kotlin.gradle.utils.WhenPluginEnabledKt$whenPluginsEnabled$1      : loaded 3 times (x 75B)
Class org.jetbrains.kotlin.gradle.tasks.AbstractKotlinCompileTool                     : loaded 3 times (x 371B)
Class [Lorg.jetbrains.kotlin.gradle.report.BuildReportType;                           : loaded 3 times (x 69B)
Class org.jetbrains.kotlin.gradle.plugin.statistics.KotlinBuildStatsConfiguration     : loaded 3 times (x 72B)
Class org.jetbrains.kotlin.gradle.internal.properties.PropertiesBuildService$localProperties$2: loaded 3 times (x 79B)
Class org.jetbrains.kotlin.gradle.plugin.internal.ConfigurationTimePropertiesAccessorKt: loaded 3 times (x 71B)
Class org.jetbrains.kotlin.gradle.plugin.internal.DefaultAttributeConfigurationHelperVariantFactory: loaded 3 times (x 76B)
Class com.android.build.gradle.internal.lint.LintTaskManager$createBeforeEvaluateLintTasks$1: loaded 3 times (x 75B)
Class com.android.build.gradle.internal.lint.LintTaskManager$Companion                : loaded 3 times (x 71B)
Class com.android.build.gradle.internal.crash.ExternalApiUsageException               : loaded 3 times (x 82B)
Class [Lcom.android.build.api.variant.ScopedArtifacts$Scope;                          : loaded 3 times (x 69B)
Class com.android.build.gradle.api.ApplicationVariant                                 : loaded 3 times (x 70B)
Class com.android.build.gradle.internal.dsl.BundleOptionsCountrySet$AgpDecorated      : loaded 3 times (x 85B)
Class com.android.build.gradle.internal.dsl.EmulatorControl$AgpDecorated              : loaded 3 times (x 89B)
Class com.android.build.gradle.internal.dsl.ApplicationPublishingImpl                 : loaded 3 times (x 81B)
Class com.android.build.gradle.internal.errors.IncompatibleProjectOptionsReporter     : loaded 3 times (x 71B)
Class com.google.wireless.android.sdk.stats.GradleBuildVariantOrBuilder               : loaded 3 times (x 70B)
Class com.android.build.gradle.internal.profile.AnalyticsService$Params_Decorated     : loaded 3 times (x 151B)
Class com.android.sdklib.AndroidVersion                                               : loaded 3 times (x 75B)
Class com.google.common.collect.ImmutableBiMapFauxverideShim                          : loaded 3 times (x 120B)
Class com.android.build.api.variant.GeneratesApkBuilder                               : loaded 3 times (x 70B)
Class com.android.Version                                                             : loaded 3 times (x 71B)
Class com.android.ide.common.repository.GradleVersion                                 : loaded 3 times (x 93B)
Class org.gradle.toolchains.foojay.FoojayToolchainsConventionPlugin$apply$1           : loaded 3 times (x 74B)
Class com.android.build.gradle.internal.scope.InternalArtifactType$LINT_XML_REPORT    : loaded 3 times (x 74B)
Class com.android.build.gradle.internal.AvdComponentsBuildService                     : loaded 3 times (x 76B)
Class [Lorg.jetbrains.kotlin.metadata.ProtoBuf$TypeParameter$Variance;                : loaded 3 times (x 69B)
Class org.jetbrains.kotlin.metadata.ProtoBuf$Constructor                              : loaded 3 times (x 124B)
Class com.android.build.gradle.internal.cxx.logging.PassThroughRecordingLoggingEnvironment: loaded 3 times (x 83B)
Class org.jetbrains.kotlin.metadata.jvm.deserialization.JvmMemberSignature            : loaded 3 times (x 74B)
Class org.jetbrains.kotlin.load.kotlin.header.KotlinClassHeader$Kind                  : loaded 3 times (x 79B)
Class org.jetbrains.kotlin.load.kotlin.KotlinJvmBinaryClass$AnnotationArgumentVisitor : loaded 3 times (x 70B)
Class kotlin.io.FileSystemException                                                   : loaded 3 times (x 82B)
Class com.android.build.gradle.internal.dependency.AgpVersionCompatibilityRule        : loaded 3 times (x 76B)
Class com.android.builder.utils.SynchronizedFile$LockingType                          : loaded 3 times (x 79B)
Class com.google.wireless.android.sdk.stats.UIActionStatsOrBuilder                    : loaded 3 times (x 70B)
Class com.google.wireless.android.sdk.stats.NavSafeArgsEventOrBuilder                 : loaded 3 times (x 70B)
Class com.google.wireless.android.sdk.stats.LayoutInspectorEventOrBuilder             : loaded 3 times (x 70B)
Class com.google.wireless.android.sdk.stats.GradleBuildProfileSpan$Builder            : loaded 3 times (x 314B)
Class org.jetbrains.kotlin.cli.common.arguments.ParseCommandLineArgumentsKt           : loaded 3 times (x 71B)
Class org.jetbrains.kotlin.gradle.dsl.KotlinCommonCompilerOptionsExtensionsKt$usesK2$1: loaded 3 times (x 74B)
Class com.google.devtools.ksp.gradle.KspGradleSubplugin$Companion$getSubpluginOptions$7: loaded 3 times (x 78B)
Class com.android.build.gradle.internal.EmulatorComponents$Companion                  : loaded 3 times (x 71B)
Class com.sun.xml.bind.v2.runtime.property.UnmarshallerChain                          : loaded 3 times (x 72B)
Class com.sun.istack.SAXException2                                                    : loaded 3 times (x 83B)
Class com.sun.xml.bind.v2.runtime.unmarshaller.TextLoader                             : loaded 3 times (x 78B)
Class com.sun.xml.bind.v2.TODO                                                        : loaded 3 times (x 71B)
Class com.sun.xml.bind.v2.model.runtime.RuntimeElementPropertyInfo                    : loaded 3 times (x 70B)
Class com.sun.xml.bind.v2.model.nav.ReflectionNavigator$4                             : loaded 3 times (x 77B)
Class com.sun.xml.bind.v2.model.impl.RuntimeBuiltinLeafInfoImpl$20                    : loaded 3 times (x 136B)
Class com.android.sdklib.repository.generated.sysimg.v2.ObjectFactory                 : loaded 3 times (x 75B)
Class com.android.build.gradle.internal.SdkComponentsBuildService$VersionedSdkLoader$additionalLibrariesProvider$1: loaded 3 times (x 75B)
Class com.android.build.gradle.internal.GradleLocalPropertiesFactory                  : loaded 3 times (x 71B)
Class org.jetbrains.kotlin.gradle.dsl.KotlinCompile                                   : loaded 3 times (x 70B)
Class org.jetbrains.kotlin.gradle.plugin.mpp.compilationImpl.DefaultKotlinCompilationFriendPathsResolver$DefaultFriendArtifactResolver: loaded 3 times (x 74B)
Class com.android.build.gradle.internal.tasks.factory.BootClasspathConfigImpl$bootClasspath$2$1: loaded 3 times (x 127B)
Class com.android.build.gradle.internal.DependencyConfigurator$configureGeneralTransforms$9$1: loaded 3 times (x 74B)
Class com.android.build.gradle.internal.scope.InternalArtifactType$PROJECT_DEX_ARCHIVE: loaded 3 times (x 74B)
Class com.android.build.api.component.impl.DefaultSourcesProviderImpl$defaultJavaSources$1: loaded 3 times (x 78B)
Class com.android.build.gradle.tasks.ManifestProcessorTask                            : loaded 3 times (x 335B)
Class com.android.tools.build.jetifier.processor.transform.TransformationContext      : loaded 3 times (x 72B)
Class com.android.build.gradle.internal.VariantManager$createVariantsFromCombination$8: loaded 3 times (x 79B)
Class com.android.build.api.variant.impl.MetadataRecord                               : loaded 3 times (x 72B)
Class com.android.build.gradle.internal.component.features.AndroidResourcesCreationConfig: loaded 3 times (x 70B)
Class org.jetbrains.kotlin.gradle.plugin.diagnostics.checkers.InternalGradlePropertiesUsageChecker$runChecks$1: loaded 3 times (x 88B)
Class org.jetbrains.kotlin.gradle.utils.StringUtilsKt$lowerCamelCaseName$1            : loaded 3 times (x 125B)
Class org.jetbrains.kotlin.gradle.plugin.sources.android.checker.MultiplatformLayoutV1DeprecationChecker: loaded 3 times (x 75B)
Class org.jetbrains.kotlin.gradle.plugin.sources.android.configurator.KotlinAndroidSourceSetInfoConfigurator: loaded 3 times (x 75B)
Class org.jetbrains.kotlin.gradle.plugin.diagnostics.checkers.JsEnvironmentChecker$3  : loaded 3 times (x 78B)
Class org.jetbrains.kotlin.gradle.artifacts.KotlinLegacyMetadataArtifactKt            : loaded 3 times (x 71B)
Class org.jetbrains.kotlin.gradle.dsl.JvmTarget$Companion                             : loaded 3 times (x 71B)
Class org.jetbrains.kotlin.gradle.internal.properties.NativePropertiesLoader$downloadFromMaven$1: loaded 3 times (x 75B)
Class org.jetbrains.kotlin.gradle.plugin.internal.DefaultConfigurationCacheStartParameterAccessor_Decorated: loaded 3 times (x 121B)
Class org.jetbrains.kotlin.gradle.plugin.internal.DefaultConfigurationCacheStartParameterAccessor: loaded 3 times (x 77B)
Class com.android.build.gradle.internal.dsl.ApplicationPublishingImpl$AgpDecorated_Decorated: loaded 3 times (x 130B)
Class com.google.common.base.Charsets                                                 : loaded 3 times (x 71B)
Class com.android.build.api.dsl.ComposeOptions                                        : loaded 3 times (x 70B)
Class com.android.build.gradle.internal.dsl.NdkOptions$DebugSymbolLevel               : loaded 3 times (x 79B)
Class com.android.build.gradle.internal.services.FakeDependencyJarBuildService$Params : loaded 3 times (x 70B)
Class com.android.build.api.dsl.VectorDrawables                                       : loaded 3 times (x 70B)
Class com.android.build.gradle.internal.dsl.ViewBindingOptionsImpl                    : loaded 3 times (x 84B)
Class com.android.build.gradle.internal.dsl.ResourcesPackagingImpl                    : loaded 3 times (x 82B)
Class com.android.build.gradle.internal.dsl.BundleOptions                             : loaded 3 times (x 127B)
Class com.android.build.gradle.internal.SdkComponentsBuildService$Parameters          : loaded 3 times (x 70B)
Class com.android.build.gradle.internal.services.AndroidLocationsBuildService$androidLocations$1$1: loaded 3 times (x 75B)
Class com.android.build.gradle.internal.plugins.AndroidPluginBaseServices$basePluginApply$2: loaded 3 times (x 75B)
Class com.android.build.gradle.options.FeatureStage$Supported                         : loaded 3 times (x 72B)
Class com.google.common.util.concurrent.MoreExecutors                                 : loaded 3 times (x 71B)
Class com.android.builder.model.v2.ide.ProjectType                                    : loaded 3 times (x 79B)
Class com.android.build.gradle.internal.dsl.ApplicationBuildFeaturesImpl_Decorated    : loaded 3 times (x 170B)
Class com.android.build.gradle.internal.api.UnitTestVariantImpl                       : loaded 3 times (x 219B)
Class kotlin.jvm.internal.DefaultConstructorMarker                                    : loaded 3 times (x 71B)
Class org.jetbrains.kotlin.resolve.scopes.receivers.ReceiverValue                     : loaded 3 times (x 70B)
Class com.android.build.gradle.internal.SdkComponentsBuildService$VersionedSdkLoader$androidJarProvider$1: loaded 3 times (x 75B)
Class org.jetbrains.kotlin.metadata.jvm.JvmProtoBuf$JvmMethodSignature$Builder        : loaded 3 times (x 134B)
Class org.jetbrains.kotlin.metadata.ProtoBuf$VersionRequirementTableOrBuilder         : loaded 3 times (x 70B)
Class org.jetbrains.kotlin.metadata.jvm.JvmProtoBuf$JvmFieldSignatureOrBuilder        : loaded 3 times (x 70B)
Class com.android.build.gradle.internal.dsl.JniLibsPackagingImpl$AgpDecorated_Decorated: loaded 3 times (x 138B)
Class com.google.wireless.android.sdk.stats.IntelliJNewUIState                        : loaded 3 times (x 194B)
Class com.google.wireless.android.sdk.stats.LldbSessionStartDetails                   : loaded 3 times (x 210B)
Class com.google.wireless.android.sdk.stats.MultiViewEvent                            : loaded 3 times (x 198B)
Class com.google.wireless.android.sdk.stats.UserSentiment                             : loaded 3 times (x 196B)
Class com.google.wireless.android.sdk.stats.ParallelAndroidTestReportUiEventOrBuilder : loaded 3 times (x 70B)
Class com.google.wireless.android.sdk.stats.RunFinishDataOrBuilder                    : loaded 3 times (x 70B)
Class com.google.wireless.android.sdk.stats.LiveEditEventOrBuilder                    : loaded 3 times (x 70B)
Class com.google.wireless.android.sdk.stats.FirebaseManagementEventOrBuilder          : loaded 3 times (x 70B)
Class org.jetbrains.kotlin.gradle.report.TaskExecutionResult                          : loaded 3 times (x 72B)
Class org.jetbrains.kotlin.statistics.metrics.ConcatMetricContainer$Companion         : loaded 3 times (x 71B)
Class org.jetbrains.kotlin.gradle.internal.kapt.incremental.ClassDependencies         : loaded 3 times (x 72B)
Class com.android.manifmerger.ManifestMerger2$Invoker                                 : loaded 3 times (x 95B)
Class org.jetbrains.kotlin.gradle.plugin.KotlinCompilationInfo$TCS$friendPaths$1      : loaded 3 times (x 79B)
Class com.google.devtools.ksp.gradle.KspGradleSubplugin$applyToCompilation$configureAsAbstractKotlinCompileTool$3: loaded 3 times (x 79B)
Class com.google.devtools.ksp.gradle.KspGradleSubplugin$Companion$getSubpluginOptions$8: loaded 3 times (x 78B)
Class com.android.tools.lint.model.LintModelNamespacingMode                           : loaded 3 times (x 79B)
Class [Lcom.sun.xml.bind.v2.model.core.PropertyInfo;                                  : loaded 3 times (x 69B)
Class com.sun.xml.bind.v2.model.nav.ReflectionNavigator$5                             : loaded 3 times (x 77B)
Class com.sun.xml.bind.v2.model.impl.RuntimeBuiltinLeafInfoImpl$21                    : loaded 3 times (x 136B)
Class com.sun.xml.bind.v2.model.runtime.RuntimeTypeInfo                               : loaded 3 times (x 70B)
Class com.android.sdklib.repository.IdDisplay                                         : loaded 3 times (x 80B)
Class com.android.builder.model.SyncIssue                                             : loaded 3 times (x 70B)
Class org.jetbrains.kotlin.gradle.plugin.sources.DefaultLanguageSettingsBuilder$freeCompilerArgsProvider$1: loaded 3 times (x 95B)
Class com.android.build.gradle.internal.scope.InternalArtifactType$COMPILE_SYMBOL_LIST: loaded 3 times (x 74B)
Class com.android.build.gradle.internal.scope.InternalArtifactType$SOURCE_JAR         : loaded 3 times (x 74B)
Class org.jetbrains.kotlin.gradle.tooling.IncludeKotlinToolingMetadataInApkKt$includeKotlinToolingMetadataInApk$1$1$1: loaded 3 times (x 74B)
Class com.android.build.gradle.internal.tasks.factory.features.OptimizationTaskCreationAction: loaded 3 times (x 70B)
Class com.android.build.api.variant.impl.FlatSourceDirectoriesImpl                    : loaded 3 times (x 92B)
Class com.android.build.api.artifact.impl.InAndOutDirectoryOperationRequestImpl$Companion$initializeInput$1: loaded 3 times (x 75B)
Class com.android.tools.build.jetifier.processor.transform.proguard.ProGuardClassFilterParser: loaded 3 times (x 72B)
Class com.android.tools.build.jetifier.core.config.Config                             : loaded 3 times (x 72B)
Class com.android.build.gradle.internal.core.dsl.HostTestComponentDslInfo             : loaded 3 times (x 70B)
Class [Lcom.android.build.api.variant.VariantOutputConfiguration$OutputType;          : loaded 3 times (x 69B)
Class com.android.build.api.component.impl.AnnotationProcessorImpl                    : loaded 3 times (x 77B)
Class com.android.build.api.variant.impl.PackagingImpl                                : loaded 3 times (x 80B)
Class [Lcom.android.build.gradle.internal.profile.ProfilingMode;                      : loaded 3 times (x 69B)
Class org.jetbrains.kotlin.konan.target.HostManager$Companion                         : loaded 3 times (x 71B)
Class org.jetbrains.kotlin.gradle.targets.js.npm.DevNpmDependencyExtension            : loaded 3 times (x 70B)
Class org.jetbrains.kotlin.gradle.plugin.diagnostics.checkers.PreHmppDependenciesUsageChecker: loaded 3 times (x 74B)
Class org.jetbrains.kotlin.gradle.targets.CreateArtifactsSideEffectKt                 : loaded 3 times (x 71B)
Class org.jetbrains.kotlin.gradle.plugin.AbstractKotlinMultiplatformPluginWrapper     : loaded 3 times (x 87B)
Class org.jetbrains.kotlin.gradle.plugin.KotlinAndroidPlugin$Companion                : loaded 3 times (x 71B)
Class org.jetbrains.kotlin.gradle.utils.GradleConfigurationUtilsKt$addGradlePluginMetadataAttributes$1: loaded 3 times (x 75B)
Class org.jetbrains.kotlin.gradle.plugin.internal.DefaultProjectIsolationStartParameterAccessor: loaded 3 times (x 77B)
Class org.jetbrains.kotlin.gradle.plugin.internal.AttributesConfigurationHelper$AttributeConfigurationHelperVariantFactory: loaded 3 times (x 70B)
Class com.android.build.gradle.internal.TaskManager$ConfigAttrTask                    : loaded 3 times (x 320B)
Class com.android.builder.core.AbstractBuildType$Companion                            : loaded 3 times (x 71B)
Class com.android.builder.testing.api.TestServer                                      : loaded 3 times (x 74B)
Class com.android.build.gradle.internal.dsl.ShaderOptions_Decorated                   : loaded 3 times (x 131B)
Class com.android.build.api.dsl.KmpOptimization                                       : loaded 3 times (x 70B)
Class com.android.build.gradle.internal.dsl.decorator.SupportedPropertyType$Var       : loaded 3 times (x 74B)
Class com.android.builder.signing.DefaultSigningConfig                                : loaded 3 times (x 109B)
Class com.android.build.gradle.internal.plugins.AndroidPluginBaseServices$basePluginApply$3: loaded 3 times (x 75B)
Class com.android.build.gradle.internal.services.LintClassLoaderBuildService$RegistrationAction: loaded 3 times (x 74B)
Class com.android.build.gradle.internal.utils.GradleEnvironmentProvider               : loaded 3 times (x 70B)
Class [Lcom.google.wireless.android.sdk.stats.GradleBuildProfileSpan$ExecutionType;   : loaded 3 times (x 69B)
Class com.android.tools.analytics.HostData$garbageCollectorBeans$2                    : loaded 3 times (x 78B)
Class com.android.build.gradle.internal.utils.AnalyticsSettingsUtils$analyticsEnabledProvider$1: loaded 3 times (x 74B)
Class com.android.utils.Environment$Companion$SYSTEM$1                                : loaded 3 times (x 74B)
Class com.android.build.gradle.internal.dsl.DexOptions                                : loaded 3 times (x 103B)
Class com.android.build.gradle.internal.TaskManager                                   : loaded 3 times (x 81B)
Class com.android.build.gradle.AppPluginKt                                            : loaded 3 times (x 71B)
Class com.google.common.base.CharMatcher$JavaUpperCase                                : loaded 3 times (x 111B)
Class com.android.build.gradle.internal.SdkComponentsBuildService$VersionedSdkLoader$aidlFrameworkProvider$1: loaded 3 times (x 75B)
Class com.android.sdklib.repository.meta.DetailsTypes$ExtraDetailsType                : loaded 3 times (x 70B)
Class org.jetbrains.kotlin.descriptors.DelegatedDescriptorVisibility                  : loaded 3 times (x 79B)
Class com.android.sdklib.repository.generated.sysimg.v4.package-info                  : loaded 3 times (x 70B)
Class com.sun.xml.bind.v2.model.runtime.RuntimeBuiltinLeafInfo                        : loaded 3 times (x 70B)
Class org.jetbrains.kotlin.load.kotlin.header.KotlinClassHeader                       : loaded 3 times (x 72B)
Class com.android.build.api.artifact.impl.StorageProviderImpl                         : loaded 3 times (x 72B)
Class com.android.build.gradle.internal.tasks.LintCompile                             : loaded 3 times (x 328B)
Class com.google.wireless.android.sdk.stats.StudioPerformanceStats                    : loaded 3 times (x 208B)
Class com.google.wireless.android.sdk.stats.MotionLayoutEditorEvent                   : loaded 3 times (x 194B)
Class com.google.wireless.android.sdk.stats.LintAction                                : loaded 3 times (x 204B)
Class com.google.wireless.android.sdk.stats.EmulatorHost                              : loaded 3 times (x 214B)
Class com.google.wireless.android.sdk.stats.StartupPerformanceFrameBecameInteractiveEventOrBuilder: loaded 3 times (x 70B)
Class com.google.wireless.android.sdk.stats.GoogleLoginPluginEventOrBuilder           : loaded 3 times (x 70B)
Class com.google.wireless.android.sdk.stats.LayoutEditorEventOrBuilder                : loaded 3 times (x 70B)
Class org.jetbrains.kotlin.daemon.common.CompilationOptions                           : loaded 3 times (x 72B)
Class org.jetbrains.kotlin.compilerRunner.GradleCompilerRunnerWithWorkers$GradleKotlinCompilerWorkParameters$Inject_: loaded 3 times (x 114B)
Class org.jetbrains.kotlin.gradle.internal.tasks.TaskWithLocalStateKt                 : loaded 3 times (x 71B)
Class com.google.devtools.ksp.gradle.KspGradleSubplugin$Companion$getSubpluginOptions$9: loaded 3 times (x 78B)
Class org.jetbrains.kotlin.gradle.tasks.KotlinCompile$disableMultiModuleIC$2          : loaded 3 times (x 79B)
Class org.jetbrains.kotlin.gradle.tasks.GradleCompileTaskProviderKt                   : loaded 3 times (x 71B)
Class com.android.build.gradle.internal.signing.SigningConfigDataProvider$Companion   : loaded 3 times (x 71B)
Class com.android.build.gradle.internal.scope.InternalArtifactType$DATA_BINDING_BASE_CLASS_SOURCE_OUT: loaded 3 times (x 74B)
Class com.android.sdklib.repository.generated.addon.v3.ExtraDetailsType               : loaded 3 times (x 85B)
Class com.sun.xml.bind.v2.model.impl.RuntimeBuiltinLeafInfoImpl$22                    : loaded 3 times (x 136B)
Class com.sun.xml.bind.v2.model.nav.ReflectionNavigator$6                             : loaded 3 times (x 81B)
Class com.android.sdklib.BuildToolInfo$PathId                                         : loaded 3 times (x 79B)
Class org.jetbrains.kotlin.gradle.plugin.SubpluginEnvironment$Companion               : loaded 3 times (x 71B)
Class org.jetbrains.kotlin.gradle.plugin.mpp.ApplyUserDefinedAttributesKt$UserDefinedAttributesSetupAction$1$1$3: loaded 3 times (x 75B)
Class org.jetbrains.kotlin.gradle.tasks.configuration.BaseKotlinCompileConfig$Companion: loaded 3 times (x 71B)
Class org.jetbrains.kotlin.gradle.plugin.mpp.compilationImpl.KotlinCompilationImpl$Params: loaded 3 times (x 72B)
Class com.android.build.gradle.internal.dependency.BaseDexingTransform$Parameters     : loaded 3 times (x 70B)
Class com.android.build.gradle.internal.dependency.AarToClassTransform$Inject_1       : loaded 3 times (x 109B)
Class com.android.build.gradle.internal.tasks.CheckJetifierTask                       : loaded 3 times (x 331B)
Class com.android.build.gradle.internal.lint.LintModelWriterTask$Companion$registerOutputArtifacts$1: loaded 3 times (x 127B)
Class com.android.build.gradle.internal.scope.InternalArtifactType$FEATURE_DEX        : loaded 3 times (x 74B)
Class com.android.build.gradle.internal.scope.InternalArtifactType$INTERMEDIARY_BUNDLE: loaded 3 times (x 74B)
Class com.android.build.api.variant.ManifestFiles                                     : loaded 3 times (x 70B)
Class com.android.build.api.variant.impl.FlatSourceDirectoriesImpl$addSource$1        : loaded 3 times (x 75B)
Class com.android.build.api.variant.ResourcesPackaging                                : loaded 3 times (x 70B)
Class com.android.build.gradle.tasks.MergeSourceSetFolders$MergeShaderSourceFoldersCreationAction$handleProvider$1: loaded 3 times (x 127B)
Class com.android.build.gradle.tasks.GenerateResValues$CreationAction$handleProvider$1: loaded 3 times (x 127B)
Class com.android.tools.build.jetifier.core.rule.RewriteRulesMap$Companion            : loaded 3 times (x 71B)
Class org.jetbrains.kotlin.gradle.dsl.KotlinJvmOptions$DefaultImpls                   : loaded 3 times (x 71B)
Class org.jetbrains.kotlin.konan.target.UtilsKt                                       : loaded 3 times (x 71B)
Class org.jetbrains.kotlin.gradle.tooling.BuildKotlinToolingMetadataTask              : loaded 3 times (x 322B)
Class org.jetbrains.kotlin.gradle.plugin.sources.android.configurator.KotlinAndroidJavaSourceDirConfigurator$configure$1: loaded 3 times (x 75B)
Class org.jetbrains.kotlin.gradle.plugin.internal.CompatibilityConventionRegistrarKt  : loaded 3 times (x 71B)
Class org.jetbrains.kotlin.gradle.plugin.internal.DefaultBasePluginConfiguration      : loaded 3 times (x 77B)
Class org.jetbrains.kotlin.gradle.artifacts.KotlinJvmJarArtifactKt                    : loaded 3 times (x 71B)
Class org.jetbrains.kotlin.gradle.plugin.mpp.compilationImpl.CreateCInteropTasksSideEffectKt$special$$inlined$KotlinCompilationSideEffect$1: loaded 3 times (x 74B)
Class org.jetbrains.kotlin.gradle.plugin.statistics.FinalizeConfigurationFusMetricActionKt: loaded 3 times (x 71B)
Class org.jetbrains.kotlin.gradle.plugin.mpp.resources.resolve.KotlinTargetResourcesResolutionStrategy$Companion: loaded 3 times (x 71B)
Class org.jetbrains.kotlin.gradle.targets.native.toolchain.KotlinNativeBundleBuildService$Companion$registerIfAbsent$2$1: loaded 3 times (x 79B)
Class org.jetbrains.kotlin.build.report.metrics.GradleBuildPerformanceMetric$Companion: loaded 3 times (x 71B)
Class org.jetbrains.kotlin.gradle.plugin.statistics.KotlinBuildStatsBeanService       : loaded 3 times (x 87B)
Class org.jetbrains.kotlin.gradle.internal.properties.PropertiesBuildService$configurationTimePropertiesAccessor$2: loaded 3 times (x 79B)
Class com.android.build.gradle.internal.tasks.factory.TaskConfigAction                : loaded 3 times (x 70B)
Class com.android.build.gradle.internal.plugins.AndroidPluginBaseServices$basePluginApply$4: loaded 3 times (x 75B)
Class com.android.build.gradle.internal.dsl.AndroidTestImpl$AgpDecorated_Decorated    : loaded 3 times (x 125B)
Class com.android.build.gradle.internal.ide.v2.NativeModelBuilder$configurationModels$2: loaded 3 times (x 79B)
Class com.android.build.gradle.internal.attribution.BuildAnalyzerIssueReporter$Companion: loaded 3 times (x 71B)
Class com.android.build.api.artifact.impl.ScopedArtifactsImpl                         : loaded 3 times (x 75B)
Class com.android.build.api.artifact.impl.ArtifactsImpl                               : loaded 3 times (x 81B)
Class com.android.build.gradle.internal.core.ToolExecutionOptions                     : loaded 3 times (x 72B)
Class com.android.build.gradle.internal.api.artifact.SourceArtifactType$JNI_LIBS      : loaded 3 times (x 74B)
Class com.android.build.gradle.internal.dsl.CoreShaderOptions                         : loaded 3 times (x 70B)
Class com.android.build.api.dsl.DependencyVariantSelection                            : loaded 3 times (x 70B)
Class com.android.build.gradle.internal.dsl.AgpDslLockedException                     : loaded 3 times (x 82B)
Class com.android.build.gradle.internal.plugins.BasePlugin$variantInputModel$2$1      : loaded 3 times (x 79B)
Class com.android.build.gradle.internal.services.Aapt2DaemonBuildService              : loaded 3 times (x 80B)
Class com.android.build.gradle.internal.ide.v2.GlobalSyncService                      : loaded 3 times (x 80B)
Class [Lcom.google.protobuf.ProtocolMessageEnum;                                      : loaded 3 times (x 69B)
Class com.google.protobuf.LazyStringArrayList                                         : loaded 3 times (x 314B)
Class com.android.build.gradle.internal.scope.ProjectInfo                             : loaded 3 times (x 72B)
Class com.google.gson.internal.sql.SqlDateTypeAdapter                                 : loaded 3 times (x 74B)
Class org.jetbrains.kotlin.gradle.plugin.internal.DefaultConfigurationTimePropertiesAccessor$Companion: loaded 3 times (x 71B)
Class com.android.build.api.variant.HasAndroidResources                               : loaded 3 times (x 70B)
Class com.android.build.gradle.internal.component.VariantCreationConfig               : loaded 3 times (x 70B)
Class com.android.build.api.variant.VariantBuilder                                    : loaded 3 times (x 70B)
Class com.android.build.gradle.internal.dsl.InternalApplicationExtension              : loaded 3 times (x 70B)
Class javax.activation.DataSource                                                     : loaded 3 times (x 70B)
Class org.jetbrains.kotlin.metadata.deserialization.Flags                             : loaded 3 times (x 71B)
Class org.jetbrains.kotlin.metadata.ProtoBuf$TypeTable$1                              : loaded 3 times (x 144B)
Class org.jetbrains.kotlin.gradle.plugin.internal.CustomPropertiesFileValueSource$Parameters$Inject_: loaded 3 times (x 106B)
Class com.android.utils.JvmWideVariable$1                                             : loaded 3 times (x 73B)
Class org.jetbrains.kotlin.gradle.plugin.statistics.DaemonReuseCounter                : loaded 3 times (x 76B)
Class com.google.wireless.android.sdk.stats.AndroidProfilerEvent                      : loaded 3 times (x 281B)
Class com.google.wireless.android.sdk.stats.StartupPerformanceFirstUiShownEvent       : loaded 3 times (x 196B)
Class com.google.wireless.android.sdk.stats.UpgradeAndroidStudioDialogStats           : loaded 3 times (x 194B)
Class com.google.wireless.android.sdk.stats.DesignEditorHelpPanelEventOrBuilder       : loaded 3 times (x 70B)
Class [Lcom.android.manifmerger.ManifestMerger2$Invoker$Feature;                      : loaded 3 times (x 69B)
Class com.android.ide.common.resources.ResourceMerger                                 : loaded 3 times (x 101B)
Class org.jetbrains.kotlin.gradle.tasks.configuration.AbstractKotlinCompileConfig$1$1 : loaded 3 times (x 74B)
Class org.jetbrains.kotlin.gradle.tasks.KotlinCompile$kotlinOptions$1                 : loaded 3 times (x 79B)
Class com.android.build.gradle.internal.scope.ArtifactTypeUtil$getDirectories$1       : loaded 3 times (x 75B)
Class com.android.build.gradle.internal.ide.dependencies.BuildIdentifierMethods$getBuildPath$1: loaded 3 times (x 74B)
Class com.android.tools.lint.model.LintModelVariant                                   : loaded 3 times (x 70B)
Class com.sun.xml.bind.v2.model.nav.ParameterizedTypeImpl                             : loaded 3 times (x 85B)
Class com.sun.xml.bind.v2.runtime.reflect.Accessor$GetterSetterReflection             : loaded 3 times (x 85B)
Class com.sun.xml.bind.v2.model.impl.RuntimeBuiltinLeafInfoImpl$23                    : loaded 3 times (x 136B)
Class javax.activation.DataHandler                                                    : loaded 3 times (x 92B)
Class com.sun.xml.bind.v2.model.runtime.RuntimeTypeInfoSet                            : loaded 3 times (x 70B)
Class com.sun.xml.bind.v2.model.impl.TypeInfoSetImpl                                  : loaded 3 times (x 111B)
Class javax.xml.bind.JAXBException                                                    : loaded 3 times (x 85B)
Class com.android.repository.api.RepoPackage                                          : loaded 3 times (x 70B)
Class com.android.build.gradle.internal.dependency.CollectClassesTransform$Inject_1   : loaded 3 times (x 109B)
Class com.android.build.gradle.internal.dependency.PlatformAttrTransform$Inject_1     : loaded 3 times (x 109B)
Class [Lcom.android.build.gradle.internal.SdkLibDataFactory$Environment$SystemProperty;: loaded 3 times (x 69B)
Class com.android.build.gradle.tasks.AnalyzeDependenciesTask$CreationAction$handleProvider$1: loaded 3 times (x 127B)
Class com.android.build.gradle.internal.lint.LintModelWriterTask$Companion$registerOutputArtifacts$2: loaded 3 times (x 127B)
Class com.android.build.gradle.internal.test.TestDataImpl$libraryType$1               : loaded 3 times (x 79B)
Class com.android.build.api.variant.impl.ManifestFilesImpl$addSource$1                : loaded 3 times (x 75B)
Class com.android.build.gradle.internal.HostTestTaskManager                           : loaded 3 times (x 81B)
Class com.android.tools.build.jetifier.core.pom.PomRewriteRule$JsonData               : loaded 3 times (x 72B)
Class com.android.build.api.variant.impl.AndroidResourcesImplKt                       : loaded 3 times (x 71B)
Class com.android.build.gradle.internal.core.dsl.impl.InstrumentedTestDslInfoImpl$functionalTest$2: loaded 3 times (x 74B)
Class com.android.build.VariantOutput$FilterType                                      : loaded 3 times (x 79B)
Class com.android.build.gradle.internal.variant.VariantPathHelper$apkLocation$2       : loaded 3 times (x 79B)
Class com.android.build.api.attributes.BuildTypeAttr$ImplFactory                      : loaded 3 times (x 75B)
Class com.android.builder.errors.IssueReporter$Type                                   : loaded 3 times (x 79B)
Class com.android.build.api.variant.AndroidResourcesBuilder                           : loaded 3 times (x 70B)
Class com.google.devtools.ksp.gradle.KspConfigurations$Companion                      : loaded 3 times (x 71B)
Class org.jetbrains.kotlin.gradle.internal.properties.NativeProperties$Companion      : loaded 3 times (x 71B)
Class org.jetbrains.kotlin.gradle.utils.StringUtilsKt                                 : loaded 3 times (x 71B)
Class org.jetbrains.kotlin.gradle.targets.ConfigureBuildSideEffectKt$ConfigureBuildSideEffect$1: loaded 3 times (x 74B)
Class org.jetbrains.kotlin.tooling.core.ExtrasLazyProperty                            : loaded 3 times (x 70B)
Class org.jetbrains.kotlin.gradle.utils.CompletableFuture                             : loaded 3 times (x 70B)
Class org.jetbrains.kotlin.build.report.metrics.BuildPerformanceMetric                : loaded 3 times (x 70B)
Class [Lorg.jetbrains.kotlin.statistics.metrics.StringOverridePolicy;                 : loaded 3 times (x 69B)
Class com.android.build.gradle.api.AndroidBasePlugin                                  : loaded 3 times (x 74B)
Class com.android.build.gradle.internal.plugins.AppPlugin$ApplicationAndroidComponentsExtensionImplCompat_Decorated: loaded 3 times (x 155B)
Class com.android.build.gradle.internal.dsl.DensitySplitOptions$AgpDecorated_Decorated: loaded 3 times (x 153B)
Class com.android.build.gradle.internal.dsl.AbiSplitOptions$AgpDecorated              : loaded 3 times (x 98B)
Class com.android.build.api.artifact.Artifact$Category                                : loaded 3 times (x 79B)
Class com.android.build.gradle.internal.dsl.FusedLibraryExtensionImpl                 : loaded 3 times (x 86B)
Class com.android.build.gradle.internal.dsl.BundleOptionsAiModelVersion               : loaded 3 times (x 81B)
Class com.android.build.api.dsl.Publishing                                            : loaded 3 times (x 70B)
Class com.android.build.gradle.internal.BuildFeaturesUtils                            : loaded 3 times (x 71B)
Class [Lcom.android.build.gradle.internal.profile.AnalyticsConfiguratorService$State; : loaded 3 times (x 69B)
Class org.jetbrains.kotlin.statistics.metrics.StringAnonymizationPolicy$AllowedListAnonymizer: loaded 3 times (x 79B)
Class com.google.protobuf.UninitializedMessageException                               : loaded 3 times (x 84B)
Class com.android.build.gradle.internal.DependencyResolutionChecks                    : loaded 3 times (x 71B)
Class com.sun.xml.bind.v2.model.impl.ElementInfoImpl$PropertyImpl                     : loaded 3 times (x 133B)
Class com.sun.xml.bind.v2.runtime.property.PropertyFactory                            : loaded 3 times (x 71B)
Class javax.xml.bind.annotation.DomHandler                                            : loaded 3 times (x 70B)
Class com.android.build.gradle.internal.scope.BootClasspathBuilder$computeAdditionalAndRequestedOptionalLibraries$5: loaded 3 times (x 80B)
Class com.android.build.gradle.internal.lint.JavaArtifactInput                        : loaded 3 times (x 90B)
Class org.jetbrains.kotlin.metadata.ProtoBuf$Function                                 : loaded 3 times (x 149B)
Class kotlin.SynchronizedLazyImpl                                                     : loaded 3 times (x 76B)
Class kotlin.text.StringsKt__RegexExtensionsKt                                        : loaded 3 times (x 71B)
Class org.jetbrains.kotlin.daemon.common.DaemonJVMOptions$mappers$2                   : loaded 3 times (x 137B)
Class com.android.utils.JvmWideVariable$2                                             : loaded 3 times (x 72B)
Class org.jetbrains.kotlin.gradle.report.BuildReportType                              : loaded 3 times (x 79B)
Class com.google.wireless.android.sdk.stats.BackupUsageEvent                          : loaded 3 times (x 201B)
Class com.google.wireless.android.sdk.stats.LogcatUsageEvent                          : loaded 3 times (x 207B)
Class com.google.wireless.android.sdk.stats.SurveyResponse                            : loaded 3 times (x 199B)
Class com.google.wireless.android.sdk.stats.OomDialogEventOrBuilder                   : loaded 3 times (x 70B)
Class org.jetbrains.kotlin.incremental.ClasspathSnapshotFiles$Companion               : loaded 3 times (x 71B)
Class com.android.build.gradle.tasks.CompatibleScreensManifest$CreationAction$configure$1: loaded 3 times (x 75B)
Class org.jetbrains.kotlin.gradle.tasks.configuration.AbstractKotlinCompileConfig$getClasspathSnapshotDir$1: loaded 3 times (x 74B)
Class org.jetbrains.kotlin.gradle.tasks.configuration.AbstractKotlinCompileConfig$1$2 : loaded 3 times (x 74B)
Class [Lcom.android.build.gradle.internal.lint.LintMode;                              : loaded 3 times (x 69B)
Class com.sun.xml.bind.v2.runtime.reflect.Lister                                      : loaded 3 times (x 76B)
Class com.sun.xml.bind.v2.model.core.NonElementRef                                    : loaded 3 times (x 70B)
Class com.sun.xml.bind.v2.model.impl.RegistryInfoImpl                                 : loaded 3 times (x 80B)
Class com.sun.xml.bind.v2.model.annotation.XmlAttributeQuick                          : loaded 3 times (x 93B)
Class com.sun.xml.bind.v2.model.impl.RuntimeBuiltinLeafInfoImpl$24                    : loaded 3 times (x 137B)
Class com.sun.xml.bind.Util                                                           : loaded 3 times (x 71B)
Class com.android.sdklib.repository.generated.common.v3.ObjectFactory                 : loaded 3 times (x 75B)
Class com.android.repository.api.SchemaModule                                         : loaded 3 times (x 76B)
Class [Lcom.android.sdklib.BuildToolInfo$PathId;                                      : loaded 3 times (x 69B)
Class com.android.build.gradle.internal.api.TestVariantImpl_Decorated                 : loaded 3 times (x 307B)
Class com.android.build.gradle.internal.dependency.EnumerateClassesTransform          : loaded 3 times (x 78B)
Class com.android.build.gradle.internal.tasks.TestPreBuildTask$CreationAction         : loaded 3 times (x 91B)
Class com.android.build.api.component.impl.DefaultSourcesProviderImpl$getJniLibs$1    : loaded 3 times (x 127B)
Class com.android.build.gradle.internal.publishing.ArtifactCategory                   : loaded 3 times (x 79B)
Class com.android.tools.build.jetifier.core.config.ConfigParser                       : loaded 3 times (x 71B)
Class com.android.build.gradle.internal.core.dsl.impl.AndroidTestComponentDslInfoImpl$dexingDslInfo$2: loaded 3 times (x 79B)
Class com.android.build.api.variant.ApplicationAndroidResources                       : loaded 3 times (x 70B)
Class com.android.build.api.variant.impl.ApplicationVariantBuilderImpl$deviceTests$1  : loaded 3 times (x 79B)
Class com.android.build.gradle.internal.plugins.BasePlugin$createTasks$2$1            : loaded 3 times (x 75B)
Class org.jetbrains.kotlin.gradle.plugin.AndroidProjectHandler                        : loaded 3 times (x 72B)
Class org.jetbrains.kotlin.gradle.plugin.diagnostics.checkers.CommonMainOrTestWithDependsOnChecker: loaded 3 times (x 74B)
Class org.jetbrains.kotlin.gradle.artifacts.KotlinNativeHostSpecificMetadataArtifactKt: loaded 3 times (x 71B)
Class org.jetbrains.kotlin.gradle.plugin.mpp.compilationImpl.KotlinCreateLifecycleTasksSideEffectKt: loaded 3 times (x 71B)
Class org.jetbrains.kotlin.gradle.plugin.KotlinTarget                                 : loaded 3 times (x 70B)
Class org.jetbrains.kotlin.gradle.utils.ConfigurationsKt$createResolvable$1           : loaded 3 times (x 78B)
Class [Lorg.jetbrains.kotlin.statistics.metrics.BooleanAnonymizationPolicy;           : loaded 3 times (x 69B)
Class org.jetbrains.kotlin.gradle.targets.js.nodejs.UnameExecutor$UnameExecutorVariantFactory: loaded 3 times (x 70B)
Class com.android.build.gradle.internal.ide.v2.NativeModelBuilder                     : loaded 3 times (x 80B)
Class com.android.build.gradle.api.BaseVariant                                        : loaded 3 times (x 70B)
Class com.android.build.gradle.internal.dsl.TestOptions$UnitTestOptions               : loaded 3 times (x 84B)
Class com.android.build.api.dsl.MultiDexConfig                                        : loaded 3 times (x 70B)
Class com.android.build.gradle.internal.dsl.AbiSplitOptions                           : loaded 3 times (x 95B)
Class com.android.build.gradle.internal.profile.AnalyticsConfiguratorService$Params   : loaded 3 times (x 70B)
Class com.android.build.gradle.internal.attribution.BuildAnalyzerService$RegistrationAction: loaded 3 times (x 74B)
Class com.android.build.gradle.internal.lint.LintFromMaven                            : loaded 3 times (x 72B)
Class com.google.gson.internal.bind.ReflectiveTypeAdapterFactory$RecordAdapter        : loaded 3 times (x 77B)
Class org.jetbrains.kotlin.gradle.targets.metadata.KotlinMetadataTargetConfiguratorKt$isNativeSourceSet$2: loaded 3 times (x 95B)
Class com.google.common.collect.AbstractTable                                         : loaded 3 times (x 120B)
Class org.jetbrains.kotlin.gradle.dsl.KotlinHierarchyDsl                              : loaded 3 times (x 70B)
Class org.jetbrains.kotlin.gradle.utils.MutableObservableSet                          : loaded 3 times (x 70B)
Class com.android.build.gradle.internal.scope.BuildFeatureValues                      : loaded 3 times (x 70B)
Class org.jetbrains.kotlin.metadata.ProtoBuf$VersionRequirementTable                  : loaded 3 times (x 107B)
Class org.jetbrains.kotlin.protobuf.LazyField                                         : loaded 3 times (x 83B)
Class org.jetbrains.kotlin.load.kotlin.header.ReadKotlinClassHeaderAnnotationVisitor  : loaded 3 times (x 80B)
Class com.android.tools.analytics.TestSupportLibraries$setters$1$9                    : loaded 3 times (x 125B)
Class kotlin.sequences.SequencesKt__SequencesJVMKt                                    : loaded 3 times (x 71B)
Class com.android.utils.JvmWideVariable$3                                             : loaded 3 times (x 72B)
Class com.google.wireless.android.sdk.stats.WindowsDefenderStatus                     : loaded 3 times (x 196B)
Class com.google.wireless.android.sdk.stats.LintTooltipLinkEvent                      : loaded 3 times (x 199B)
Class com.google.wireless.android.sdk.stats.StopEvent                                 : loaded 3 times (x 206B)
Class com.google.wireless.android.sdk.stats.MultiViewEventOrBuilder                   : loaded 3 times (x 70B)
Class com.google.wireless.android.sdk.stats.IntelliJNewUIStateOrBuilder               : loaded 3 times (x 70B)
Class com.google.wireless.android.sdk.stats.LldbSessionStartDetailsOrBuilder          : loaded 3 times (x 70B)
Class com.android.build.gradle.internal.dependency.MockableJarTransform$Parameters$Inject_: loaded 3 times (x 110B)
Class org.jetbrains.kotlin.compilerRunner.GradleIncrementalCompilerServicesFacadeImpl : loaded 3 times (x 80B)
Class org.jetbrains.kotlin.daemon.client.KotlinCompilerClientKt$report$sourceMessage$2: loaded 3 times (x 79B)
Class org.jetbrains.kotlin.daemon.common.BoolPropMapper                               : loaded 3 times (x 74B)
Class org.jetbrains.kotlin.compilerRunner.GradleCompilerRunnerWithWorkers$runCompilerAsync$1: loaded 3 times (x 75B)
Class [Lorg.jetbrains.kotlin.build.report.metrics.BuildAttributeKind;                 : loaded 3 times (x 69B)
Class org.jetbrains.kotlin.gradle.tasks.K2MultiplatformStructure                      : loaded 3 times (x 74B)
Class org.jetbrains.kotlin.gradle.internal.KotlinDependenciesManagementKt$allNonProjectDependencies$1: loaded 3 times (x 74B)
Class com.android.sdklib.repository.targets.OptionalLibraryImpl                       : loaded 3 times (x 84B)
Class com.sun.xml.bind.v2.runtime.unmarshaller.DefaultIDResolver$1                    : loaded 3 times (x 76B)
Class com.sun.xml.bind.v2.runtime.reflect.Accessor$FieldReflection                    : loaded 3 times (x 85B)
Class com.sun.xml.bind.v2.model.runtime.RuntimeNonElementRef                          : loaded 3 times (x 70B)
Class com.sun.xml.bind.v2.runtime.unmarshaller.Base64Data                             : loaded 3 times (x 89B)
Class com.android.build.gradle.internal.scope.InternalArtifactType$COMPILED_LOCAL_RESOURCES: loaded 3 times (x 74B)
Class org.jetbrains.kotlin.compilerRunner.CompilerSystemPropertiesService$Parameters  : loaded 3 times (x 70B)
Class org.jetbrains.kotlin.gradle.plugin.mpp.compilationImpl.KotlinCompilationSourceSetsContainer: loaded 3 times (x 70B)
Class com.android.build.gradle.internal.SdkLibDataFactory$Environment                 : loaded 3 times (x 72B)
Class com.android.build.gradle.internal.test.TestDataImpl                             : loaded 3 times (x 111B)
Class com.android.build.gradle.internal.transforms.ShrinkAppBundleResourcesTask$CreationAction$handleProvider$1: loaded 3 times (x 127B)
Class com.android.build.gradle.internal.res.ConvertShrunkResourcesToBinaryTask        : loaded 3 times (x 341B)
Class com.android.build.gradle.internal.tasks.BundleIdeModelProducerTask              : loaded 3 times (x 336B)
Class com.android.build.api.artifact.ScopedArtifact                                   : loaded 3 times (x 74B)
Class com.android.tools.build.jetifier.processor.TimestampsPolicy$Companion           : loaded 3 times (x 71B)
Class com.google.gson.internal.reflect.ReflectionHelper$RecordNotSupportedHelper      : loaded 3 times (x 78B)
Class com.android.build.api.variant.ApplicationAndroidResourcesBuilder                : loaded 3 times (x 70B)
Class com.android.build.gradle.internal.core.dsl.impl.DslInfoBuilder$computeNames$1   : loaded 3 times (x 79B)
Class org.jetbrains.kotlin.gradle.artifacts.KotlinNativeKlibArtifactKt                : loaded 3 times (x 71B)
Class org.jetbrains.kotlin.gradle.plugin.ProjectLocalConfigurations                   : loaded 3 times (x 71B)
Class org.jetbrains.kotlin.gradle.plugin.mpp.KotlinUsages$KotlinUsagesDisambiguation  : loaded 3 times (x 76B)
Class org.jetbrains.kotlin.tooling.core.Extras$Key$Companion                          : loaded 3 times (x 71B)
Class org.jetbrains.kotlin.tooling.core.Extras$Key                                    : loaded 3 times (x 72B)
Class com.android.build.gradle.internal.ide.v2.ModelBuilder                           : loaded 3 times (x 80B)
Class com.android.build.gradle.internal.dsl.JniLibsPackagingImpl$AgpDecorated         : loaded 3 times (x 93B)
Class [Lorg.objectweb.asm.AnnotationWriter;                                           : loaded 3 times (x 69B)
Class com.android.build.api.artifact.ArtifactKind$FILE                                : loaded 3 times (x 72B)
Class com.google.common.primitives.Ints$IntConverter                                  : loaded 3 times (x 90B)
Class com.android.build.api.dsl.PrivacySandboxKeepRules                               : loaded 3 times (x 70B)
Class com.android.build.gradle.internal.dsl.AnnotationProcessorOptions                : loaded 3 times (x 102B)
Class com.android.build.gradle.internal.dsl.AarMetadataImpl                           : loaded 3 times (x 70B)
Class com.android.build.gradle.internal.dsl.decorator.SupportedPropertyType$Var$Boolean: loaded 3 times (x 74B)
Class com.android.build.gradle.internal.dsl.VariantDimensionBinaryCompatibilityFix    : loaded 3 times (x 70B)
Class com.android.build.gradle.internal.utils.GradleEnvironmentProviderImpl           : loaded 3 times (x 76B)
Class com.google.protobuf.Internal$LongList                                           : loaded 3 times (x 70B)
Class com.google.gson.internal.$Gson$Types                                            : loaded 3 times (x 71B)
Class com.google.gson.JsonDeserializer                                                : loaded 3 times (x 70B)
Class com.google.gson.JsonIOException                                                 : loaded 3 times (x 82B)
Class com.android.build.gradle.options.OptionalBooleanOption                          : loaded 3 times (x 86B)
Class com.android.build.gradle.internal.manifest.ManifestValueSource$Params_Decorated : loaded 3 times (x 130B)
Class com.android.build.gradle.internal.plugins.BasePlugin$variantInputModel$2        : loaded 3 times (x 79B)
Class com.android.build.gradle.internal.variant.ApplicationVariantFactory             : loaded 3 times (x 106B)
Class com.android.build.gradle.internal.dependency.VariantDependenciesBuilder         : loaded 3 times (x 82B)
Class org.jetbrains.kotlin.descriptors.DescriptorVisibilities$10                      : loaded 3 times (x 76B)
Class kotlin.collections.ArrayAsCollection                                            : loaded 3 times (x 105B)
Class org.jetbrains.kotlin.metadata.ProtoBuf$TypeParameter$1                          : loaded 3 times (x 144B)
Class org.jetbrains.org.objectweb.asm.tree.LineNumberNode                             : loaded 3 times (x 79B)
Class com.google.wireless.android.sdk.stats.RunEvent                                  : loaded 3 times (x 253B)
Class kotlin.LazyKt__LazyKt                                                           : loaded 3 times (x 71B)
Class kotlin.text.StringsKt__StringBuilderJVMKt                                       : loaded 3 times (x 71B)
Class com.android.utils.JvmWideVariable$4                                             : loaded 3 times (x 73B)
Class com.google.wireless.android.sdk.stats.UiDeviceSettingsEvent                     : loaded 3 times (x 194B)
Class com.google.wireless.android.sdk.stats.DialogStatsOrBuilder                      : loaded 3 times (x 70B)
Class com.android.build.gradle.internal.profile.TaskProfilingRecord                   : loaded 3 times (x 75B)
Class com.android.build.api.variant.impl.BuiltArtifactImpl                            : loaded 3 times (x 86B)
Class com.google.devtools.ksp.gradle.KotlinFactoriesKt                                : loaded 3 times (x 71B)
Class org.jetbrains.kotlin.gradle.tasks.configuration.AbstractKotlinCompileConfig$1$4 : loaded 3 times (x 75B)
Class [Lcom.sun.xml.bind.v2.runtime.property.StructureLoaderBuilder;                  : loaded 3 times (x 69B)
Class com.sun.xml.bind.v2.model.impl.RuntimeBuiltinLeafInfoImpl$26                    : loaded 3 times (x 136B)
Class com.sun.xml.bind.v2.model.impl.RuntimeBuiltinLeafInfoImpl$10$1                  : loaded 3 times (x 356B)
Class com.sun.xml.bind.v2.runtime.BinderImpl                                          : loaded 3 times (x 86B)
Class com.sun.xml.bind.v2.model.core.TypeInfo                                         : loaded 3 times (x 70B)
Class com.android.sdklib.repository.generated.common.v3.LibraryType                   : loaded 3 times (x 90B)
Class com.android.build.gradle.internal.PlatformComponents                            : loaded 3 times (x 72B)
Class com.android.build.gradle.internal.tasks.factory.BootClasspathConfigImpl$mockableJarArtifact$2$1: loaded 3 times (x 75B)
Class com.android.build.gradle.internal.scope.InternalArtifactType$TEST_FIXTURES_LINT_PARTIAL_RESULTS: loaded 3 times (x 74B)
Class com.android.build.gradle.internal.utils.D8BackportedMethodsGenerator            : loaded 3 times (x 78B)
Class com.android.build.gradle.internal.cxx.logging.IssueReporterLoggingEnvironmentKt : loaded 3 times (x 71B)
Class com.android.build.gradle.internal.AndroidTestTaskManager$createVariantPreBuildTask$1: loaded 3 times (x 74B)
Class com.android.build.gradle.internal.transforms.ShrinkAppBundleResourcesTask$CreationAction$handleProvider$2: loaded 3 times (x 127B)
Class com.android.build.gradle.internal.res.ConvertShrunkResourcesToBinaryTask$CreationAction$handleProvider$1: loaded 3 times (x 127B)
Class com.android.build.gradle.internal.tasks.OptimizeResourcesTask                   : loaded 3 times (x 339B)
Class com.android.build.gradle.internal.tasks.BundleToApkTask$CreationAction$handleProvider$1: loaded 3 times (x 127B)
Class com.android.build.gradle.internal.tasks.FinalizeBundleTask                      : loaded 3 times (x 336B)
Class com.android.build.gradle.internal.dependency.ShrinkerVersion$Companion$R8$2     : loaded 3 times (x 78B)
Class com.android.build.gradle.internal.scope.InternalArtifactType$STABLE_RESOURCE_IDS_FILE: loaded 3 times (x 74B)
Class com.android.build.gradle.tasks.MergeSourceSetFolders$MergeShaderSourceFoldersCreationAction: loaded 3 times (x 91B)
Class com.android.build.api.component.impl.features.AndroidResourcesCreationConfigImpl: loaded 3 times (x 90B)
Class com.android.tools.build.jetifier.processor.transform.proguard.ProGuardClassSpecParser$bodyReplacers$10: loaded 3 times (x 79B)
Class com.android.build.api.variant.impl.ApplicationVariantImpl$packaging$2           : loaded 3 times (x 79B)
Class com.android.build.api.variant.impl.VariantImpl$buildConfigFields$2              : loaded 3 times (x 79B)
Class com.android.build.gradle.internal.core.dsl.features.OptimizationDslInfo         : loaded 3 times (x 70B)
Class com.android.build.api.attributes.AgpVersionAttr                                 : loaded 3 times (x 70B)
Class com.android.build.gradle.internal.core.dsl.impl.ApplicationVariantDslInfoImpl$versionName$2: loaded 3 times (x 79B)
Class com.android.build.gradle.internal.core.dsl.impl.ComponentDslInfoImpl$1          : loaded 3 times (x 78B)
Class com.android.build.gradle.internal.variant.ApkVariantData                        : loaded 3 times (x 72B)
Class com.android.builder.core.DefaultApiVersion                                      : loaded 3 times (x 77B)
Class com.android.build.gradle.internal.utils.SdkUtilsKt                              : loaded 3 times (x 71B)
Class org.jetbrains.kotlin.gradle.plugin.diagnostics.CheckKotlinGradlePluginConfigurationErrors: loaded 3 times (x 322B)
Class org.jetbrains.kotlin.gradle.plugin.sources.DefaultKotlinSourceSetKt             : loaded 3 times (x 71B)
Class org.jetbrains.kotlin.gradle.dsl.KotlinJvmOptions                                : loaded 3 times (x 70B)
Class org.jetbrains.kotlin.gradle.plugin.mpp.HierarchyAttributeContainer$1            : loaded 3 times (x 78B)
Class org.jetbrains.kotlin.gradle.plugin.KotlinPluginLifecycle                        : loaded 3 times (x 70B)
Class org.jetbrains.kotlin.gradle.plugin.KotlinJsPluginWrapper                        : loaded 3 times (x 87B)
Class org.jetbrains.kotlin.gradle.dsl.ToolchainSupport                                : loaded 3 times (x 70B)
Class org.jetbrains.kotlin.gradle.plugin.mpp.InternalKotlinTarget                     : loaded 3 times (x 70B)
Class org.jetbrains.kotlin.statistics.metrics.NumberAnonymizationPolicy$RANDOM_10_PERCENT: loaded 3 times (x 85B)
Class org.jetbrains.kotlin.statistics.metrics.StringMetrics                           : loaded 3 times (x 80B)
Class com.android.build.gradle.internal.lint.AndroidLintGlobalTask$GlobalCreationAction: loaded 3 times (x 92B)
Class com.android.build.gradle.internal.api.VariantFilter                             : loaded 3 times (x 80B)
Class com.android.build.gradle.internal.dsl.BundleOptionsTexture$AgpDecorated         : loaded 3 times (x 85B)
Class com.android.build.gradle.internal.dsl.TestFixturesImpl_Decorated                : loaded 3 times (x 127B)
Class com.android.build.api.dsl.ManagedVirtualDevice                                  : loaded 3 times (x 70B)
Class com.android.build.api.dsl.SdkComponents                                         : loaded 3 times (x 70B)
Class com.android.build.api.dsl.TestOptions                                           : loaded 3 times (x 70B)
Class com.android.build.gradle.internal.coverage.JacocoOptions                        : loaded 3 times (x 85B)
Class com.android.build.api.artifact.ArtifactKind$DIRECTORY                           : loaded 3 times (x 72B)
Class com.android.build.api.variant.AnnotationProcessor                               : loaded 3 times (x 70B)
Class com.android.build.gradle.internal.tasks.AppClasspathCheckTask$CreationAction    : loaded 3 times (x 90B)
Class com.google.common.util.concurrent.AbstractFuture$SynchronizedHelper             : loaded 3 times (x 78B)
Class com.android.build.api.dsl.PrivacySandboxSdkOptimization                         : loaded 3 times (x 70B)
Class com.android.build.api.dsl.AbiSplit                                              : loaded 3 times (x 70B)
Class com.android.build.api.dsl.LibraryVariantDimension                               : loaded 3 times (x 70B)
Class com.android.build.gradle.internal.services.FakeDependencyJarBuildService$RegistrationAction: loaded 3 times (x 74B)
Class com.android.utils.EnvironmentProvider                                           : loaded 3 times (x 70B)
Class com.google.protobuf.InvalidProtocolBufferException                              : loaded 3 times (x 88B)
Class com.google.common.collect.EnumHashBiMap                                         : loaded 3 times (x 159B)
Class com.google.common.base.CharMatcher$Invisible                                    : loaded 3 times (x 112B)
Class org.jetbrains.kotlin.descriptors.DescriptorVisibilities$11                      : loaded 3 times (x 76B)
Class org.jetbrains.kotlin.metadata.deserialization.BinaryVersion$Companion           : loaded 3 times (x 71B)
Class kotlin.UNINITIALIZED_VALUE                                                      : loaded 3 times (x 71B)
Class com.google.wireless.android.sdk.stats.MachineDetails                            : loaded 3 times (x 204B)
Class com.google.wireless.android.sdk.stats.StartupPerformanceFirstUiShownEventOrBuilder: loaded 3 times (x 70B)
Class com.google.wireless.android.sdk.stats.TestRecorderDetailsOrBuilder              : loaded 3 times (x 70B)
Class org.jetbrains.kotlin.daemon.client.CompileServiceSession                        : loaded 3 times (x 72B)
Class org.jetbrains.kotlin.daemon.common.CompileService$CallResult$Good               : loaded 3 times (x 73B)
Class org.jetbrains.kotlin.gradle.plugin.internal.state.TaskLoggersKt                 : loaded 3 times (x 71B)
Class com.android.build.gradle.tasks.ExtractDeepLinksTask$BaseCreationAction          : loaded 3 times (x 93B)
Class com.android.tools.build.jetifier.core.PackageMap                                : loaded 3 times (x 72B)
Class org.jetbrains.kotlin.gradle.plugin.CompositeSubpluginOption                     : loaded 3 times (x 72B)
Class com.android.build.gradle.tasks.MergeResources$Companion                         : loaded 3 times (x 71B)
Class org.jetbrains.kotlin.gradle.tasks.CompilerPluginOptions                         : loaded 3 times (x 72B)
Class org.jetbrains.kotlin.gradle.tasks.configuration.AbstractKotlinCompileConfig$1$5 : loaded 3 times (x 75B)
Class com.android.build.gradle.internal.lint.LintOptionsInput                         : loaded 3 times (x 91B)
Class com.sun.xml.bind.v2.runtime.unmarshaller.SAXConnector                           : loaded 3 times (x 101B)
Class com.android.sdklib.repository.generated.common.v3.ApiDetailsType                : loaded 3 times (x 105B)
Class [Lcom.sun.xml.bind.v2.model.annotation.Locatable;                               : loaded 3 times (x 69B)
Class com.sun.xml.bind.v2.model.impl.RuntimeBuiltinLeafInfoImpl$27                    : loaded 3 times (x 136B)
Class com.sun.xml.bind.v2.model.impl.ModelBuilder                                     : loaded 3 times (x 92B)
Class com.android.repository.impl.generated.generic.v1.ObjectFactory                  : loaded 3 times (x 75B)
Class com.android.repository.impl.generated.v1.ChannelRefType                         : loaded 3 times (x 77B)
Class com.android.build.gradle.internal.SdkComponentsBuildService$VersionedSdkLoader$adbExecutableProvider$1: loaded 3 times (x 75B)
Class org.jetbrains.kotlin.gradle.plugin.hierarchy.KotlinSourceSetTreeClassifier$Property: loaded 3 times (x 72B)
Class com.android.build.gradle.internal.tasks.TestPreBuildTask                        : loaded 3 times (x 336B)
Class com.android.build.gradle.internal.tasks.R8Task$CreationAction                   : loaded 3 times (x 100B)
Class com.android.build.gradle.internal.res.ConvertShrunkResourcesToBinaryTask$CreationAction$handleProvider$2: loaded 3 times (x 127B)
Class com.android.build.gradle.internal.tasks.MergeStartupProfileTask$CreationAction$handleProvider$1: loaded 3 times (x 127B)
Class com.android.build.gradle.internal.tasks.featuresplit.FeatureSetMetadataWriterTask$CreationAction$handleProvider$1: loaded 3 times (x 127B)
Class com.android.build.gradle.tasks.PackageApplication$CreationAction$handleProvider$operationRequest$1: loaded 3 times (x 127B)
Class com.android.build.api.variant.impl.SigningConfigImpl$storeFile$1                : loaded 3 times (x 75B)
Class com.android.build.gradle.internal.tasks.factory.features.DexingTaskCreationAction: loaded 3 times (x 70B)
Class com.android.build.gradle.internal.VariantTaskManager$createTasks$1              : loaded 3 times (x 75B)
Class com.android.tools.build.jetifier.processor.transform.proguard.ProGuardClassSpecParser$bodyReplacers$11: loaded 3 times (x 79B)
Class [Lcom.google.gson.stream.JsonToken;                                             : loaded 3 times (x 69B)
Class com.android.build.gradle.internal.tasks.ModuleMetadataWriterTask$CreationAction : loaded 3 times (x 90B)
Class com.android.build.gradle.internal.core.dsl.impl.features.UnitTestOptionsDslInfoImpl: loaded 3 times (x 80B)
Class com.android.build.gradle.internal.core.dsl.impl.DslInfoCommonKt$getTestComponentNamespace$2$1: loaded 3 times (x 75B)
Class com.android.build.api.variant.impl.ApplicationVariantImpl$addVariantOutput$1    : loaded 3 times (x 75B)
Class com.android.build.api.variant.impl.VariantImpl$resValues$2                      : loaded 3 times (x 79B)
Class com.android.build.gradle.internal.component.legacy.OldVariantApiLegacySupport   : loaded 3 times (x 70B)
Class com.android.build.gradle.internal.core.dsl.impl.ComponentDslInfoImpl$2          : loaded 3 times (x 78B)
Class com.google.devtools.ksp.gradle.KspTask                                          : loaded 3 times (x 70B)
Class org.jetbrains.kotlin.gradle.plugin.sources.android.checker.CompositeKotlinAndroidSourceSetLayoutChecker: loaded 3 times (x 76B)
Class org.jetbrains.kotlin.gradle.dsl.KotlinCommonCompilerOptionsHelper               : loaded 3 times (x 71B)
Class org.jetbrains.kotlin.gradle.plugin.KotlinJvmPlugin$Companion                    : loaded 3 times (x 71B)
Class org.jetbrains.kotlin.gradle.plugin.diagnostics.KotlinToolingDiagnostics         : loaded 3 times (x 71B)
Class org.jetbrains.kotlin.gradle.artifacts.KotlinMetadataArtifactKt                  : loaded 3 times (x 71B)
Class org.jetbrains.kotlin.gradle.targets.CreateArtifactsSideEffectKt$CreateArtifactsSideEffect$1: loaded 3 times (x 74B)
Class org.jetbrains.kotlin.gradle.internal.properties.PropertiesBuildService$property$1$valueFromGradleAndLocalProperties$1: loaded 3 times (x 75B)
Class org.jetbrains.kotlin.gradle.plugin.KotlinPluginWrapperKt$kotlinToolingVersion$2 : loaded 3 times (x 78B)
Class com.android.build.api.variant.ScopedArtifacts$Scope                             : loaded 3 times (x 79B)
Class com.android.build.gradle.internal.dsl.BundleOptions$AgpDecorated_Decorated      : loaded 3 times (x 185B)
Class com.android.build.gradle.internal.dsl.AbiSplitOptions$AgpDecorated_Decorated    : loaded 3 times (x 144B)
Class com.android.build.gradle.internal.CompileOptions$AgpDecorated                   : loaded 3 times (x 115B)
Class com.android.build.gradle.internal.dsl.BuildFeaturesImpl                         : loaded 3 times (x 110B)
Class com.android.build.gradle.internal.dsl.ExternalNativeNdkBuildOptions             : loaded 3 times (x 109B)
Class com.android.build.api.dsl.PrivacySandboxSdkBundle                               : loaded 3 times (x 70B)
Class com.android.build.gradle.internal.dsl.CmakeOptions                              : loaded 3 times (x 98B)
Class com.android.build.gradle.internal.dependency.VariantDependencies$Companion$WhenMappings: loaded 3 times (x 71B)
Class com.google.wireless.android.sdk.stats.GradleBuildVariant$VariantType$1          : loaded 3 times (x 76B)
Class com.android.build.gradle.internal.errors.OptionInfo                             : loaded 3 times (x 72B)
Class com.android.build.gradle.internal.services.AndroidLocationsBuildService$AndroidDirectoryCreator$Params_Decorated: loaded 3 times (x 132B)
Class com.android.build.gradle.internal.ide.v2.GlobalSyncService$RegistrationAction   : loaded 3 times (x 74B)
Class com.android.build.gradle.internal.ide.dependencies.MavenCoordinatesCacheBuildService$Parameters: loaded 3 times (x 70B)
Class com.google.protobuf.Extension                                                   : loaded 3 times (x 85B)
Class com.google.wireless.android.sdk.stats.GradleBuildProfile                        : loaded 3 times (x 247B)
Class com.google.protobuf.MessageOrBuilder                                            : loaded 3 times (x 70B)
Class com.google.gson.LongSerializationPolicy$1                                       : loaded 3 times (x 80B)
Class com.google.wireless.android.sdk.stats.CMakeEditingEvent                         : loaded 3 times (x 196B)
Class com.google.wireless.android.sdk.stats.SafeModeStatsEvent                        : loaded 3 times (x 218B)
Class org.jetbrains.kotlin.descriptors.DescriptorVisibilities$12                      : loaded 3 times (x 76B)
Class org.jetbrains.kotlin.metadata.ProtoBuf$ClassOrBuilder                           : loaded 3 times (x 70B)
Class org.jetbrains.kotlin.metadata.ProtoBuf$ValueParameter                           : loaded 3 times (x 128B)
Class kotlin.comparisons.ComparisonsKt__ComparisonsKt                                 : loaded 3 times (x 71B)
Class com.android.buildanalyzer.common.AndroidGradlePluginAttributionData             : loaded 3 times (x 72B)
Class kotlin.ranges.RangesKt__RangesKt                                                : loaded 3 times (x 71B)
Class kotlin.collections.SetsKt___SetsKt                                              : loaded 3 times (x 71B)
Class kotlin.sequences.SequencesKt__SequencesKt                                       : loaded 3 times (x 71B)
Class com.android.build.gradle.internal.tasks.ModuleMetadataWriterTask$CreationAction$handleProvider$1: loaded 3 times (x 127B)
Class [Lcom.android.builder.utils.SynchronizedFile$LockingType;                       : loaded 3 times (x 69B)
Class com.google.wireless.android.sdk.stats.ProductDetails$ProductKind$1              : loaded 3 times (x 76B)
Class com.google.wireless.android.sdk.stats.ComposePreviewLiteModeEvent               : loaded 3 times (x 196B)
Class com.google.wireless.android.sdk.stats.EditorPickerEvent                         : loaded 3 times (x 200B)
Class com.google.wireless.android.sdk.stats.AdbServerState                            : loaded 3 times (x 202B)
Class com.google.wireless.android.sdk.stats.ComposeDeployEventOrBuilder               : loaded 3 times (x 70B)
Class com.google.wireless.android.sdk.stats.WhatsNewAssistantEventOrBuilder           : loaded 3 times (x 70B)
Class com.google.wireless.android.sdk.stats.FirebaseErrorDetailsOrBuilder             : loaded 3 times (x 70B)
Class com.google.wireless.android.sdk.stats.AndroidStudioEventOrBuilder               : loaded 3 times (x 70B)
Class org.jetbrains.kotlin.compilerRunner.KotlinCompilerRunnerUtils                   : loaded 3 times (x 71B)
Class org.jetbrains.kotlin.compilerRunner.GradleCompilerEnvironment                   : loaded 3 times (x 73B)
Class org.jetbrains.kotlin.gradle.tasks.CompileUsingKotlinDaemonWithNormalization$DefaultImpls: loaded 3 times (x 71B)
Class org.jetbrains.kotlin.gradle.plugin.statistics.BuildFusService$Inject_           : loaded 3 times (x 104B)
Class org.jetbrains.kotlin.gradle.tasks.configuration.AbstractKotlinCompileConfig$1$6 : loaded 3 times (x 75B)
Class [Lorg.jetbrains.kotlin.gradle.tasks.KotlinCompilerExecutionStrategy;            : loaded 3 times (x 69B)
Class org.jetbrains.kotlin.gradle.tasks.FailedCompilationException                    : loaded 3 times (x 82B)
Class com.android.tools.lint.model.LintModelArtifactType                              : loaded 3 times (x 79B)
Class com.sun.xml.bind.v2.runtime.unmarshaller.UnmarshallerImpl                       : loaded 3 times (x 139B)
Class com.sun.xml.bind.v2.runtime.property.StructureLoaderBuilder                     : loaded 3 times (x 70B)
Class com.android.sdklib.repository.generated.addon.v1.ExtraDetailsType               : loaded 3 times (x 85B)
Class com.sun.xml.bind.v2.model.impl.RuntimeElementPropertyInfoImpl                   : loaded 3 times (x 139B)
Class com.sun.xml.bind.v2.model.impl.RuntimeBuiltinLeafInfoImpl$28                    : loaded 3 times (x 76B)
Class [Lcom.sun.xml.bind.v2.util.QNameMap$Entry;                                      : loaded 3 times (x 69B)
Class com.sun.xml.bind.unmarshaller.InfosetScanner                                    : loaded 3 times (x 70B)
Class org.jetbrains.kotlin.gradle.plugin.mpp.compilationImpl.KotlinCompilationImpl$associateWith$2: loaded 3 times (x 79B)
Class org.jetbrains.kotlin.compose.compiler.gradle.ComposeCompilerGradleSubplugin$applyToCompilation$allPluginProperties$1$1: loaded 3 times (x 74B)
Class org.jetbrains.kotlin.gradle.plugin.AndroidTestedVariantArtifactsFilter          : loaded 3 times (x 75B)
Class [Lcom.android.build.gradle.internal.scope.InternalArtifactType;                 : loaded 3 times (x 69B)
Class com.android.build.gradle.internal.scope.InternalArtifactType$PREFAB_PACKAGE_CONFIGURATION: loaded 3 times (x 74B)
Class org.jetbrains.kotlin.gradle.plugin.hierarchy.KotlinSourceSetTreeClassifier      : loaded 3 times (x 70B)
Class org.jetbrains.kotlin.gradle.plugin.mpp.compilationImpl.KotlinCompilationAssociator: loaded 3 times (x 70B)
Class com.android.build.gradle.internal.api.TestVariantImpl                           : loaded 3 times (x 262B)
Class com.android.build.gradle.internal.DependencyConfigurator$configureVariantTransforms$5: loaded 3 times (x 75B)
Class com.android.build.gradle.internal.SdkComponentsBuildService$sdkHandlerDelegate$1: loaded 3 times (x 79B)
Class com.android.build.gradle.internal.lint.LintModelWriterTask$Companion            : loaded 3 times (x 71B)
Class com.android.build.gradle.internal.scope.InternalArtifactType$FEATURE_SHRUNK_JAVA_RES: loaded 3 times (x 74B)
Class com.android.build.gradle.tasks.PackageApplication$CreationAction$handleProvider$operationRequest$2: loaded 3 times (x 127B)
Class com.android.ide.common.gradle.DEV                                               : loaded 3 times (x 77B)
Class com.android.build.api.variant.impl.JniLibsApkPackagingImpl                      : loaded 3 times (x 86B)
Class com.android.build.api.variant.DexPackagingOptions                               : loaded 3 times (x 70B)
Class com.android.build.gradle.internal.tasks.CheckAarMetadataTask$CreationAction$handleProvider$1: loaded 3 times (x 127B)
Class com.android.build.api.artifact.SingleArtifact$ASSETS                            : loaded 3 times (x 74B)
Class com.android.build.gradle.internal.dependency.AndroidAttributes                  : loaded 3 times (x 72B)
Class com.android.build.gradle.internal.tasks.AppPreBuildTask$EmptyCreationAction     : loaded 3 times (x 91B)
Class com.android.build.gradle.internal.AndroidTestTaskManager$createTopLevelTasks$1  : loaded 3 times (x 74B)
Class com.android.tools.build.jetifier.processor.transform.proguard.ProGuardClassSpecParser$bodyReplacers$12: loaded 3 times (x 79B)
Class com.android.build.gradle.internal.tasks.CompressAssetsTask$CreationAction       : loaded 3 times (x 90B)
Class com.android.build.api.component.impl.DeviceTestImpl$manifestPlaceholdersCreationConfig$2: loaded 3 times (x 79B)
Class com.android.build.gradle.internal.publishing.AndroidArtifacts$ArtifactType      : loaded 3 times (x 79B)
Class com.android.build.api.variant.impl.HasTestFixtures                              : loaded 3 times (x 70B)
Class com.android.build.gradle.internal.core.dsl.impl.ApplicationVariantDslInfoImpl$signingConfigResolver$2: loaded 3 times (x 79B)
Class com.android.build.gradle.internal.core.dsl.impl.DslInfoUtilsKt$computeMergedOptions$1: loaded 3 times (x 79B)
Class org.jetbrains.kotlin.konan.target.UtilsKt$evaluatePresetName$1                  : loaded 3 times (x 78B)
Class org.jetbrains.kotlin.gradle.plugin.mpp.KotlinNativeTarget                       : loaded 3 times (x 171B)
Class org.jetbrains.kotlin.gradle.plugin.diagnostics.checkers.KotlinSourceSetTreeDependsOnMismatchChecker$runChecks$1: loaded 3 times (x 88B)
Class org.jetbrains.kotlin.gradle.plugin.diagnostics.checkers.PreHmppDependenciesUsageChecker$runChecks$1: loaded 3 times (x 88B)
Class org.jetbrains.kotlin.gradle.plugin.sources.android.KotlinAndroidSourceSets$applyKotlinAndroidSourceSetLayout$2: loaded 3 times (x 75B)
Class org.jetbrains.kotlin.gradle.utils.ProjectExtensionsKt                           : loaded 3 times (x 71B)
Class org.jetbrains.kotlin.gradle.plugin.KotlinSourceSetTree$Companion                : loaded 3 times (x 71B)
Class org.jetbrains.kotlin.gradle.plugin.diagnostics.KotlinGradleProjectChecker$Companion: loaded 3 times (x 71B)
Class org.jetbrains.kotlin.gradle.plugin.KotlinGradleBuildServices$Parameters         : loaded 3 times (x 70B)
Class org.jetbrains.kotlin.gradle.plugin.statistics.BuildFusService$Companion$registerIfAbsent$1$1$1: loaded 3 times (x 75B)
Class org.jetbrains.kotlin.statistics.fileloggers.MetricsContainer$Companion          : loaded 3 times (x 71B)
Class com.android.build.gradle.internal.tasks.ExtractProguardFiles$CreationAction     : loaded 3 times (x 90B)
Class com.android.build.gradle.internal.dsl.BundleOptionsAiModelVersion$AgpDecorated_Decorated: loaded 3 times (x 130B)
Class com.android.build.gradle.internal.variant.LegacyVariantInputManager$1           : loaded 3 times (x 75B)
Class com.android.builder.internal.BaseConfigImpl$Companion                           : loaded 3 times (x 71B)
Class com.android.build.api.variant.impl.JniLibsTestedApkPackagingImpl                : loaded 3 times (x 91B)
Class com.android.build.gradle.internal.tasks.SigningConfigWriterTask$CreationAction$handleProvider$1: loaded 3 times (x 127B)
Class com.google.gson.LongSerializationPolicy$2                                       : loaded 3 times (x 80B)
Class com.android.build.gradle.internal.errors.DeprecationReporter$DeprecationTarget  : loaded 3 times (x 79B)
Class com.android.build.gradle.tasks.ProcessTestManifest$CreationAction$handleProvider$1: loaded 3 times (x 127B)
Class com.android.build.gradle.internal.plugins.BasePlugin$sdkComponentsBuildService$2: loaded 3 times (x 79B)
Class com.android.build.gradle.internal.core.dsl.TestedVariantDslInfo                 : loaded 3 times (x 70B)
Class com.android.build.gradle.internal.variant.AbstractAppVariantFactory             : loaded 3 times (x 106B)
Class org.jetbrains.kotlin.metadata.ProtoBuf$TypeOrBuilder                            : loaded 3 times (x 70B)
Class org.jetbrains.kotlin.metadata.ProtoBuf$TypeTableOrBuilder                       : loaded 3 times (x 70B)
Class org.jetbrains.kotlin.metadata.ProtoBuf$Package                                  : loaded 3 times (x 129B)
Class com.android.build.gradle.internal.TaskManager$PreBuildCreationAction            : loaded 3 times (x 91B)
Class [Lorg.jetbrains.kotlin.metadata.ProtoBuf$MemberKind;                            : loaded 3 times (x 69B)
Class com.android.build.gradle.internal.attribution.CheckJetifierBuildService         : loaded 3 times (x 80B)
Class org.jetbrains.kotlin.gradle.plugin.mpp.compilationImpl.factory.KotlinCompilationImplFactory$KotlinCompilationSourceSetsContainerFactory: loaded 3 times (x 70B)
Class kotlin.comparisons.ComparisonsKt                                                : loaded 3 times (x 71B)
Class kotlin.comparisons.ComparisonsKt___ComparisonsKt                                : loaded 3 times (x 71B)
Class com.android.build.gradle.TestPlugin                                             : loaded 3 times (x 76B)
Class kotlin.sequences.FilteringSequence                                              : loaded 3 times (x 75B)
Class org.jetbrains.kotlin.gradle.report.UsesBuildMetricsService                      : loaded 3 times (x 70B)
Class com.google.gson.Gson$2                                                          : loaded 3 times (x 76B)
Class com.android.ide.common.blame.SourceFilePositionJsonSerializer                   : loaded 3 times (x 77B)
Class org.jetbrains.kotlin.gradle.plugin.hierarchy.KotlinSourceSetTreeClassifierKt    : loaded 3 times (x 71B)
Class org.jetbrains.kotlin.gradle.plugin.statistics.BuildFinishMetrics                : loaded 3 times (x 71B)
Class com.google.wireless.android.sdk.stats.GradleVersionCatalogDetectorEventOrBuilder: loaded 3 times (x 70B)
Class com.google.wireless.android.sdk.stats.OptInToMetricsOrBuilder                   : loaded 3 times (x 70B)
Class com.google.wireless.android.sdk.stats.StopEventOrBuilder                        : loaded 3 times (x 70B)
Class com.google.wireless.android.sdk.stats.DeviceInfoOrBuilder                       : loaded 3 times (x 70B)
Class com.google.wireless.android.sdk.stats.TestScenarioEventOrBuilder                : loaded 3 times (x 70B)
Class org.jetbrains.kotlin.compilerRunner.OutputItemsCollector                        : loaded 3 times (x 70B)
Class org.jetbrains.kotlin.gradle.plugin.DefaultKotlinBasePlugin$addKotlinCompilerConfiguration$2$1$1: loaded 3 times (x 75B)
Class com.android.build.gradle.internal.DependencyResourcesComputer$ResourceSourceSetInput: loaded 3 times (x 72B)
Class com.android.ide.common.resources.DataMap                                        : loaded 3 times (x 70B)
Class org.jetbrains.kotlin.gradle.tasks.configuration.AbstractKotlinCompileConfig$1$7 : loaded 3 times (x 75B)
Class com.android.build.gradle.tasks.ExtractDeepLinksTask$BaseCreationAction$configure$1$1: loaded 3 times (x 74B)
Class com.android.build.api.variant.impl.FlatSourceDirectoriesImpl$variantSourcesFileCollectionForModel$2$1: loaded 3 times (x 75B)
Class com.android.tools.lint.model.LintModelDependencies                              : loaded 3 times (x 70B)
Class com.android.build.gradle.internal.ide.dependencies.UsesLibraryDependencyCacheBuildService: loaded 3 times (x 70B)
Class com.sun.xml.bind.api.impl.NameConverter                                         : loaded 3 times (x 70B)
Class com.sun.xml.bind.v2.model.core.NonElement                                       : loaded 3 times (x 70B)
Class com.sun.xml.bind.v2.ContextFactory                                              : loaded 3 times (x 71B)
Class com.android.repository.impl.meta.SchemaModuleUtil                               : loaded 3 times (x 71B)
Class com.android.build.gradle.internal.errors.SyncIssueReporterImpl$GlobalSyncIssueService$Inject_: loaded 3 times (x 102B)
Class com.android.build.gradle.internal.scope.BuildArtifactType$JAVA_COMPILE_CLASSPATH: loaded 3 times (x 74B)
Class org.jetbrains.kotlin.gradle.plugin.mpp.compilationImpl.KotlinCompilationSourceSetInclusion$AddSourcesToCompileTask: loaded 3 times (x 70B)
Class com.android.build.gradle.api.SourceKind                                         : loaded 3 times (x 79B)
Class com.android.build.gradle.tasks.factory.AndroidUnitTest                          : loaded 3 times (x 577B)
Class [Lcom.android.build.gradle.internal.tasks.DeviceProviderInstrumentTestTask$CreationAction$Type;: loaded 3 times (x 69B)
Class com.android.build.gradle.internal.core.dsl.impl.InstrumentedTestDslInfoImpl$getInstrumentationRunner$1: loaded 3 times (x 75B)
Class com.android.build.gradle.internal.tasks.R8Task$CreationAction$handleProvider$10 : loaded 3 times (x 127B)
Class com.android.build.gradle.internal.scope.InternalArtifactType$JAVAC              : loaded 3 times (x 74B)
Class com.android.build.api.artifact.impl.OperationRequestsImplKt                     : loaded 3 times (x 71B)
Class com.android.build.gradle.internal.AndroidTestTaskManager$createTopLevelTasks$2  : loaded 3 times (x 75B)
Class com.android.tools.build.jetifier.processor.transform.proguard.ProGuardClassSpecParser$replacer$1: loaded 3 times (x 79B)
Class com.android.build.gradle.internal.core.dsl.features.UnitTestOptionsDslInfo      : loaded 3 times (x 70B)
Class com.android.build.gradle.internal.core.dsl.impl.ApplicationVariantDslInfoImpl$versionCode$2$versionCodeFromFlavors$1: loaded 3 times (x 78B)
Class com.android.build.api.component.impl.ComponentIdentityImpl                      : loaded 3 times (x 78B)
Class org.jetbrains.kotlin.konan.target.Architecture                                  : loaded 3 times (x 79B)
Class org.jetbrains.kotlin.gradle.plugin.internal.IdeaPropertiesValueSource$Inject_   : loaded 3 times (x 109B)
Class org.jetbrains.kotlin.gradle.plugin.internal.IdeaPropertiesValueSource$Parameters: loaded 3 times (x 70B)
Class org.jetbrains.kotlin.gradle.plugin.sources.android.KotlinAndroidSourceSets$applyKotlinAndroidSourceSetLayout$3: loaded 3 times (x 79B)
Class [Lorg.jetbrains.kotlin.gradle.plugin.HasProject;                                : loaded 3 times (x 69B)
Class org.jetbrains.kotlin.gradle.utils.MutableObservableSetImpl                      : loaded 3 times (x 163B)
Class org.jetbrains.kotlin.gradle.tasks.KotlinTasksProvider                           : loaded 3 times (x 72B)
Class org.jetbrains.kotlin.gradle.plugin.KotlinJsCompilerTypeHolder                   : loaded 3 times (x 70B)
Class org.jetbrains.kotlin.gradle.targets.native.internal.SetupKotlinNativePlatformDependenciesAndStdlibKt$ExcludeDefaultPlatformDependenciesFromKotlinNativeCompileTasks$1: loaded 3 times (x 74B)
Class org.jetbrains.kotlin.gradle.dsl.DefaultToolchainSupport$wireToolchainToTasks$1  : loaded 3 times (x 75B)
Class org.jetbrains.kotlin.gradle.dsl.KotlinCommonCompilerOptions                     : loaded 3 times (x 70B)
Class org.jetbrains.kotlin.gradle.internal.properties.PropertiesBuildService$MemoizedCallable: loaded 3 times (x 75B)
Class com.android.build.gradle.internal.tasks.factory.GlobalTaskNamesImpl             : loaded 3 times (x 81B)
Class com.android.build.gradle.internal.services.FakeDependencyJarBuildService$Inject_: loaded 3 times (x 102B)
Class com.android.build.gradle.internal.dsl.CommonExtensionImpl$lintOptions$2         : loaded 3 times (x 79B)
Class com.android.build.gradle.internal.variant.LegacyVariantInputManager$2           : loaded 3 times (x 74B)
Class com.android.build.api.component.impl.OldVariantApiLegacySupportImpl$getJavaClasspathArtifacts$extraArtifact$1: loaded 3 times (x 79B)
Class com.android.build.gradle.internal.dsl.PrivacySandboxSdkBundleImpl               : loaded 3 times (x 92B)
Class com.android.build.api.dsl.Splits                                                : loaded 3 times (x 70B)
Class com.android.build.gradle.internal.dsl.BundleOptionsStoreArchive                 : loaded 3 times (x 77B)
Class com.google.protobuf.Reader                                                      : loaded 3 times (x 70B)
Class com.google.common.collect.Maps$UnmodifiableBiMap                                : loaded 3 times (x 153B)
Class org.jetbrains.kotlin.gradle.plugin.mpp.compilationImpl.KotlinCompilationAssociatorKt: loaded 3 times (x 71B)
Class org.jetbrains.kotlin.metadata.ProtoBuf$Visibility                               : loaded 3 times (x 82B)
Class org.jetbrains.kotlin.metadata.ProtoBuf$ConstructorOrBuilder                     : loaded 3 times (x 70B)
Class org.jetbrains.kotlin.metadata.jvm.JvmProtoBuf                                   : loaded 3 times (x 71B)
Class com.android.tools.analytics.Environment$SystemProperty                          : loaded 3 times (x 79B)
Class org.jetbrains.kotlin.metadata.jvm.deserialization.JvmMemberSignature$Field      : loaded 3 times (x 75B)
Class com.google.wireless.android.sdk.stats.AndroidTestRetentionEvent                 : loaded 3 times (x 196B)
Class org.jetbrains.kotlin.statistics.metrics.OrMetricContainer                       : loaded 3 times (x 80B)
Class org.jetbrains.kotlin.build.report.metrics.BuildMetrics$Companion                : loaded 3 times (x 71B)
Class org.jetbrains.kotlin.compilerRunner.GradleCompilerRunnerWithWorkers$GradleKotlinCompilerWorkAction$Inject_: loaded 3 times (x 98B)
Class org.jetbrains.kotlin.buildtools.api.SourcesChanges$Unknown                      : loaded 3 times (x 73B)
Class org.jetbrains.kotlin.gradle.plugin.android.AndroidGradleWrapper                 : loaded 3 times (x 71B)
Class org.jetbrains.kotlin.gradle.tasks.AbstractKotlinCompile$friendPathsSet$1        : loaded 3 times (x 75B)
Class com.google.devtools.ksp.gradle.KgpUtilsKt                                       : loaded 3 times (x 71B)
Class org.jetbrains.kotlin.build.report.metrics.BuildAttributes                       : loaded 3 times (x 72B)
Class com.android.build.gradle.tasks.JavaCompileKt                                    : loaded 3 times (x 71B)
Class com.android.build.gradle.tasks.ExtractDeepLinksTask$BaseCreationAction$configure$1$2: loaded 3 times (x 74B)
Class com.android.build.gradle.internal.ide.dependencies.ArtifactCollectionsInputs$RuntimeType: loaded 3 times (x 79B)
Class com.sun.xml.bind.v2.runtime.unmarshaller.UnmarshallingContext$DefaultRootLoader : loaded 3 times (x 80B)
Class com.sun.xml.bind.v2.runtime.reflect.PrimitiveArrayListerLong                    : loaded 3 times (x 76B)
Class com.sun.xml.bind.v2.model.core.ClassInfo                                        : loaded 3 times (x 70B)
Class com.android.repository.impl.generated.v1.package-info                           : loaded 3 times (x 70B)
Class org.jetbrains.kotlin.gradle.plugin.cocoapods.KotlinCocoapodsPlugin$Companion    : loaded 3 times (x 71B)
Class org.jetbrains.kotlin.compose.compiler.gradle.ComposeCompilerGradleSubplugin$applyToCompilation$allPluginProperties$1$3: loaded 3 times (x 74B)
Class com.android.build.gradle.internal.SdkParsingUtilsKt                             : loaded 3 times (x 71B)
Class com.android.build.gradle.internal.dependency.ArtifactCollectionWithExtraArtifact: loaded 3 times (x 92B)
Class org.jetbrains.kotlin.gradle.plugin.AndroidProjectHandler$configureTarget$2$1    : loaded 3 times (x 79B)
Class org.jetbrains.kotlin.gradle.plugin.mpp.compilationImpl.KotlinCompilationImpl    : loaded 3 times (x 140B)
Class [Lorg.jetbrains.kotlin.gradle.plugin.mpp.compilationImpl.factory.KotlinCompilationImplFactory$PostConfigure;: loaded 3 times (x 69B)
Class com.android.build.gradle.internal.tasks.UnsafeOutputsTask                       : loaded 3 times (x 333B)
Class com.android.build.gradle.internal.dependency.RecalculateStackFramesTransform$Inject_1: loaded 3 times (x 110B)
Class com.android.build.gradle.internal.lint.AndroidLintTask$FixSingleVariantCreationAction: loaded 3 times (x 95B)
Class com.android.build.gradle.internal.tasks.R8Task$CreationAction$handleProvider$11 : loaded 3 times (x 127B)
Class com.android.build.gradle.internal.tasks.PerModuleBundleTask$CreationAction$handleProvider$1: loaded 3 times (x 127B)
Class com.android.build.gradle.tasks.JavaCompileCreationAction                        : loaded 3 times (x 90B)
Class com.android.build.gradle.tasks.MergeSourceSetFolders                            : loaded 3 times (x 342B)
Class com.android.build.gradle.internal.AndroidTestTaskManager$createTopLevelTasks$3  : loaded 3 times (x 74B)
Class com.android.tools.build.jetifier.processor.transform.proguard.ProGuardClassSpecParser$replacer$2: loaded 3 times (x 79B)
Class com.android.tools.build.jetifier.processor.Processor$Companion                  : loaded 3 times (x 71B)
Class com.android.build.gradle.internal.scope.HostTestBuildFeaturesValuesImpl         : loaded 3 times (x 100B)
Class com.android.build.api.variant.impl.VariantImpl$buildConfigCreationConfig$2      : loaded 3 times (x 79B)
Class org.jetbrains.kotlin.konan.target.KonanTarget$MACOS_X64                         : loaded 3 times (x 78B)
Class org.jetbrains.kotlin.konan.util.Named                                           : loaded 3 times (x 70B)
Class org.jetbrains.kotlin.gradle.testing.internal.KotlinTestsRegistryKt              : loaded 3 times (x 71B)
Class org.jetbrains.kotlin.gradle.plugin.KotlinSourceSet$Companion                    : loaded 3 times (x 71B)
Class org.jetbrains.kotlin.gradle.targets.native.toolchain.UnzipTransformationAction  : loaded 3 times (x 80B)
Class [Lorg.jetbrains.kotlin.gradle.report.BuildReportMode;                           : loaded 3 times (x 69B)
Class org.jetbrains.kotlin.statistics.metrics.BooleanOverridePolicy                   : loaded 3 times (x 85B)
Class com.android.build.gradle.internal.dsl.PackagingOptions$AgpDecorated             : loaded 3 times (x 115B)
Class com.android.build.api.dsl.EmulatorControl                                       : loaded 3 times (x 70B)
Class com.android.build.gradle.internal.variant.LegacyVariantInputManager$3           : loaded 3 times (x 75B)
Class com.android.build.gradle.internal.dsl.AarMetadataImpl$AgpDecorated_Decorated    : loaded 3 times (x 137B)
Class com.android.build.gradle.internal.dsl.CoreNdkOptions                            : loaded 3 times (x 70B)
Class com.android.build.gradle.internal.dsl.decorator.AndroidPluginDslDecoratorKt     : loaded 3 times (x 71B)
Class com.google.protobuf.AbstractMessage$BuilderParent                               : loaded 3 times (x 70B)
Class com.google.gson.reflect.TypeToken                                               : loaded 3 times (x 75B)
Class com.android.sdklib.repository.generated.repository.v1.LayoutlibType             : loaded 3 times (x 74B)
Class com.sun.xml.bind.v2.runtime.reflect.Accessor$1                                  : loaded 3 times (x 85B)
Class com.android.build.gradle.internal.plugins.BasePlugin$bootClasspathConfig$2      : loaded 3 times (x 79B)
Class com.android.build.gradle.internal.plugins.AndroidPluginBaseServices$settingsExtension$2: loaded 3 times (x 79B)
Class com.sun.xml.bind.v2.runtime.property.SingleReferenceNodeProperty                : loaded 3 times (x 102B)
Class com.google.common.base.CharMatcher$Ascii                                        : loaded 3 times (x 112B)
Class org.jetbrains.kotlin.gradle.plugin.AbstractKotlinAndroidPluginWrapper           : loaded 3 times (x 87B)
Class com.android.tools.analytics.Environment$Companion                               : loaded 3 times (x 71B)
Class com.sun.xml.bind.v2.runtime.unmarshaller.StructureLoader$1                      : loaded 3 times (x 71B)
Class com.android.sdklib.IAndroidTarget                                               : loaded 3 times (x 70B)
Class com.android.build.gradle.internal.lint.AndroidArtifactInput                     : loaded 3 times (x 94B)
Class org.jetbrains.kotlin.descriptors.DeclarationDescriptorWithVisibility            : loaded 3 times (x 70B)
Class org.jetbrains.kotlin.protobuf.SmallSortedMap                                    : loaded 3 times (x 130B)
Class org.jetbrains.org.objectweb.asm.tree.AbstractInsnNode                           : loaded 3 times (x 78B)
Class com.android.tools.analytics.Environment$Companion$SYSTEM$1                      : loaded 3 times (x 73B)
Class org.jetbrains.org.objectweb.asm.tree.InnerClassNode                             : loaded 3 times (x 73B)
Class kotlin.collections.CollectionsKt___CollectionsJvmKt                             : loaded 3 times (x 71B)
Class com.google.common.base.Converter$IdentityConverter                              : loaded 3 times (x 90B)
Class org.jetbrains.kotlin.gradle.plugin.statistics.DaemonReuseCounter$Companion      : loaded 3 times (x 71B)
Class com.google.wireless.android.sdk.stats.SigningWizardEvent                        : loaded 3 times (x 202B)
Class com.google.wireless.android.sdk.stats.AppQualityInsightsUsageEventOrBuilder     : loaded 3 times (x 70B)
Class [Lorg.jetbrains.kotlin.gradle.dsl.ExplicitApiMode;                              : loaded 3 times (x 69B)
Class com.android.build.gradle.internal.tasks.MergeNativeLibsTask$Companion           : loaded 3 times (x 71B)
Class com.android.build.gradle.tasks.MapSourceSetPathsTask$CreateAction$configure$1   : loaded 3 times (x 74B)
Class org.jetbrains.kotlin.gradle.tasks.DefaultKotlinJavaToolchain$DefaultJavaToolchainSetter: loaded 3 times (x 75B)
Class org.jetbrains.kotlin.build.report.metrics.BuildAttributeKind                    : loaded 3 times (x 79B)
Class com.android.build.gradle.tasks.ExtractDeepLinksTask_Decorated                   : loaded 3 times (x 387B)
Class org.jetbrains.kotlin.gradle.plugin.statistics.KotlinStdlibConfigurationMetrics  : loaded 3 times (x 71B)
Class com.android.build.gradle.internal.AndroidJarInput_Decorated                     : loaded 3 times (x 128B)
Class com.sun.xml.bind.AccessorFactoryImpl                                            : loaded 3 times (x 81B)
Class com.sun.xml.bind.v2.model.core.MapPropertyInfo                                  : loaded 3 times (x 70B)
Class javax.xml.bind.ModuleUtil                                                       : loaded 3 times (x 71B)
Class com.android.repository.impl.meta.RepoPackageImpl$Archives                       : loaded 3 times (x 72B)
Class com.android.sdklib.repository.meta.SysImgFactory                                : loaded 3 times (x 72B)
Class com.android.build.gradle.internal.services.VersionedSdkLoaderService$sam$java_util_concurrent_Callable$0: loaded 3 times (x 75B)
Class org.jetbrains.kotlin.compose.compiler.gradle.ComposeCompilerGradleSubplugin$applyToCompilation$allPluginProperties$1$4: loaded 3 times (x 74B)
Class com.android.build.gradle.internal.VariantTaskManager$configureKotlinPluginTasksIfNecessary$1: loaded 3 times (x 79B)
Class org.jetbrains.kotlin.gradle.plugin.mpp.KotlinCompilationsKt$moduleNameForCompilation$1: loaded 3 times (x 75B)
Class org.jetbrains.kotlin.gradle.plugin.sources.KotlinDependencyScopeKt              : loaded 3 times (x 71B)
Class org.jetbrains.kotlin.gradle.plugin.diagnostics.TransformActionUsingKotlinToolingDiagnostics$Parameters: loaded 3 times (x 70B)
Class org.jetbrains.kotlin.compilerRunner.CompilerSystemPropertiesService$Companion$registerIfAbsent$2$1: loaded 3 times (x 79B)
Class org.jetbrains.kotlin.gradle.plugin.mpp.KotlinCompilationsKt$addSourcesToKotlinCompileTask$1: loaded 3 times (x 75B)
Class com.android.build.gradle.internal.dependency.DexingOutputSplitTransformKt$registerTransformWithOutputType$1$1: loaded 3 times (x 75B)
Class com.android.build.gradle.internal.utils.DesugarLibConfigExtractor$Inject_1      : loaded 3 times (x 109B)
Class com.android.build.gradle.internal.dependency.MockableJarTransform$Parameters    : loaded 3 times (x 70B)
Class com.android.build.gradle.internal.cxx.logging.LoggingEnvironment                : loaded 3 times (x 70B)
Class com.android.build.gradle.internal.tasks.R8Task$CreationAction$handleProvider$12 : loaded 3 times (x 127B)
Class com.android.build.gradle.internal.TaskManager$basicCreateMergeResourcesTask$mergedNotCompiledDir$1: loaded 3 times (x 75B)
Class com.android.tools.r8.internal.Tt0                                               : loaded 3 times (x 73B)
Class com.android.build.gradle.internal.TaskManager$MergeType$MERGE                   : loaded 3 times (x 80B)
Class com.android.build.gradle.internal.scope.InternalArtifactType$MANIFEST_METADATA  : loaded 3 times (x 74B)
Class com.android.build.api.component.impl.features.OptimizationCreationConfigImpl$consumerProguardFilePaths$2: loaded 3 times (x 79B)
Class com.android.build.gradle.internal.AndroidTestTaskManager$createTopLevelTasks$4  : loaded 3 times (x 75B)
Class com.android.tools.build.jetifier.processor.transform.proguard.ProGuardClassSpecParser$replacer$3: loaded 3 times (x 79B)
Class com.android.tools.build.jetifier.processor.transform.proguard.patterns.PatternHelper: loaded 3 times (x 71B)
Class com.android.tools.build.jetifier.core.proguard.ProGuardType                     : loaded 3 times (x 72B)
Class com.android.build.api.variant.impl.VariantImpl$renderscriptCreationConfig$2     : loaded 3 times (x 79B)
Class com.android.build.gradle.internal.component.TestFixturesCreationConfig          : loaded 3 times (x 70B)
Class com.android.build.gradle.internal.plugins.BasePlugin$createAndroidTasks$1       : loaded 3 times (x 77B)
Class org.jetbrains.kotlin.gradle.internal.KotlinDependenciesManagementKt$configureDefaultVersionsResolutionStrategy$1$1: loaded 3 times (x 75B)
Class org.jetbrains.kotlin.gradle.utils.KotlinExtensionUtilsKt$forAllTargets$1        : loaded 3 times (x 95B)
Class org.jetbrains.kotlin.gradle.plugin.diagnostics.CheckKotlinGradlePluginConfigurationErrorsKt$locateOrRegisterCheckKotlinGradlePluginErrorsTask$taskProvider$1: loaded 3 times (x 75B)
Class org.jetbrains.kotlin.gradle.plugin.diagnostics.checkers.OverriddenKotlinNativeHomeChecker$StdlibExistenceCheckerValueSource$Params: loaded 3 times (x 70B)
Class org.jetbrains.kotlin.gradle.dsl.PlatformSourceSetConventionsChecker$nativeTargetPresets$1$1: loaded 3 times (x 79B)
Class org.jetbrains.kotlin.gradle.tooling.BuildKotlinToolingMetadataTaskKt$buildKotlinToolingMetadataTask$1: loaded 3 times (x 78B)
Class org.jetbrains.kotlin.gradle.internal.Kapt3GradleSubplugin$Companion             : loaded 3 times (x 71B)
Class org.jetbrains.kotlin.gradle.plugin.mpp.compilationImpl.KotlinCreateCompilationArchiveTaskKt$KotlinRegisterCompilationArchiveTasksExtension$1: loaded 3 times (x 74B)
Class [Lorg.jetbrains.kotlin.statistics.metrics.NumberOverridePolicy;                 : loaded 3 times (x 69B)
Class org.jetbrains.kotlin.gradle.internal.properties.PropertiesBuildService$GradleProperty: loaded 3 times (x 70B)
Class org.jetbrains.kotlin.gradle.utils.StoredPropertyKt$projectStoredProperty$1      : loaded 3 times (x 78B)
Class com.android.build.gradle.internal.lint.AndroidLintGlobalTask$LintFixCreationAction: loaded 3 times (x 92B)
Class com.android.build.gradle.internal.lint.AndroidLintGlobalTask$BaseGlobalCreationAction: loaded 3 times (x 92B)
Class com.android.build.gradle.ProguardFiles                                          : loaded 3 times (x 71B)
Class com.android.builder.core.DefaultDexOptions                                      : loaded 3 times (x 99B)
Class com.android.build.gradle.api.ApkVariant                                         : loaded 3 times (x 70B)
Class com.android.build.gradle.internal.dsl.ResourcesPackagingImpl$AgpDecorated_Decorated: loaded 3 times (x 129B)
Class com.android.build.gradle.internal.variant.LegacyVariantInputManager$4           : loaded 3 times (x 74B)
Class com.android.build.gradle.internal.api.artifact.SourceArtifactType$RENDERSCRIPT  : loaded 3 times (x 74B)
Class com.android.build.gradle.internal.dsl.NdkOptions_Decorated                      : loaded 3 times (x 166B)
Class com.android.build.gradle.internal.dsl.decorator.DslDecorator$ManagedProperty    : loaded 3 times (x 72B)
Class com.google.devtools.ksp.gradle.KspSubpluginKt$maybeRegisterTransform$2          : loaded 3 times (x 78B)
Class com.android.prefs.VariableType                                                  : loaded 3 times (x 79B)
Class org.jetbrains.kotlin.gradle.internal.kapt.incremental.ClasspathSnapshot         : loaded 3 times (x 72B)
Class com.android.tools.analytics.Environment                                         : loaded 3 times (x 73B)
Class com.android.build.gradle.internal.errors.DeprecationReporter                    : loaded 3 times (x 70B)
Class com.google.gson.internal.sql.SqlTimestampTypeAdapter$1                          : loaded 3 times (x 75B)
Class com.google.gson.JsonPrimitive                                                   : loaded 3 times (x 93B)
Class com.android.build.gradle.options.ApiStage$Stable                                : loaded 3 times (x 72B)
Class com.android.build.gradle.internal.crash.CrashReporting                          : loaded 3 times (x 71B)
Class com.android.build.api.variant.Component                                         : loaded 3 times (x 70B)
Class kotlin.TuplesKt                                                                 : loaded 3 times (x 71B)
Class org.jetbrains.kotlin.protobuf.SmallSortedMap$EmptySet                           : loaded 3 times (x 71B)
Class org.jetbrains.kotlin.protobuf.MessageLite                                       : loaded 3 times (x 70B)
Class kotlin.Unit                                                                     : loaded 3 times (x 71B)
Class org.jetbrains.kotlin.incremental.IncrementalJvmCacheKt                          : loaded 3 times (x 71B)
Class org.jetbrains.kotlin.load.kotlin.header.KotlinClassHeader$Kind$Companion        : loaded 3 times (x 71B)
Class kotlin.sequences.SequencesKt___SequencesJvmKt                                   : loaded 3 times (x 71B)
Class com.android.build.gradle.internal.profile.NoOpAnalyticsConfiguratorService$RegistrationAction: loaded 3 times (x 74B)
Class com.android.buildanalyzer.common.AndroidGradlePluginAttributionData$AttributionDataAdapter: loaded 3 times (x 73B)
Class com.google.wireless.android.sdk.stats.AndroidStudioEvent$EventKind              : loaded 3 times (x 87B)
Class com.google.wireless.android.sdk.stats.ProductDetails                            : loaded 3 times (x 217B)
Class com.google.protobuf.Internal$ListAdapter$Converter                              : loaded 3 times (x 70B)
Class com.google.common.collect.RegularImmutableTable$Values                          : loaded 3 times (x 207B)
Class com.android.build.gradle.tasks.ManifestProcessorTask$Companion                  : loaded 3 times (x 71B)
Class com.android.build.gradle.tasks.MapSourceSetPathsTask$CreateAction$configure$2   : loaded 3 times (x 74B)
Class org.jetbrains.kotlin.gradle.tasks.K2MultiplatformStructure$RefinesEdge          : loaded 3 times (x 72B)
Class com.sun.xml.bind.DatatypeConverterImpl                                          : loaded 3 times (x 111B)
Class com.sun.xml.bind.v2.ClassFactory                                                : loaded 3 times (x 71B)
Class com.android.sdklib.repository.generated.addon.v2.MavenType                      : loaded 3 times (x 80B)
Class com.android.repository.impl.generated.v2.LicenseRefType                         : loaded 3 times (x 77B)
Class com.android.repository.api.ProgressIndicatorAdapter                             : loaded 3 times (x 107B)
Class org.jetbrains.kotlin.gradle.plugin.mpp.SyncLanguageSettingsWithKotlinExtensionSetupActionKt$SyncLanguageSettingsWithKotlinExtensionSetupAction$1$1: loaded 3 times (x 75B)
Class org.jetbrains.kotlin.compose.compiler.gradle.ComposeCompilerGradleSubplugin$applyToCompilation$allPluginProperties$1$5: loaded 3 times (x 74B)
Class org.jetbrains.kotlin.daemon.common.CompilerId$Companion                         : loaded 3 times (x 71B)
Class org.jetbrains.kotlin.gradle.tasks.configuration.TaskConfigAction$configureTask$1: loaded 3 times (x 79B)
Class org.jetbrains.kotlin.gradle.internal.ClassLoadersCachingBuildService            : loaded 3 times (x 76B)
Class com.android.build.gradle.internal.SdkComponentsBuildService$VersionedSdkLoader  : loaded 3 times (x 72B)
Class com.android.build.gradle.internal.tasks.ExpandArtProfileWildcardsTask$CreationAction$handleProvider$1: loaded 3 times (x 127B)
Class com.android.build.gradle.internal.services.R8ParallelBuildService$RegistrationAction: loaded 3 times (x 74B)
Class com.android.build.gradle.internal.tasks.AsarsToCompatSplitsTask                 : loaded 3 times (x 343B)
Class com.android.build.gradle.internal.dependency.ShrinkerVersion                    : loaded 3 times (x 75B)
Class com.android.build.gradle.internal.scope.InternalArtifactType$LOCAL_ONLY_SYMBOL_LIST: loaded 3 times (x 74B)
Class com.android.build.gradle.internal.tasks.CheckAarMetadataTask$CreationAction     : loaded 3 times (x 90B)
Class com.android.build.gradle.tasks.MergeResources$CreationAction$handleProvider$1   : loaded 3 times (x 78B)
Class com.android.build.gradle.tasks.MergeResources$CreationAction                    : loaded 3 times (x 94B)
Class com.android.build.gradle.internal.core.dsl.impl.SigningConfigResolver$Companion : loaded 3 times (x 71B)
Class com.android.tools.build.jetifier.processor.transform.proguard.ProGuardClassSpecParser$replacer$4: loaded 3 times (x 79B)
Class com.android.tools.build.jetifier.core.proguard.ProGuardTypesMap$expandedRules$2 : loaded 3 times (x 79B)
Class [Lcom.google.gson.ReflectionAccessFilter$FilterResult;                          : loaded 3 times (x 69B)
Class com.android.build.gradle.internal.variant.VariantComponentInfo                  : loaded 3 times (x 72B)
Class com.android.build.api.variant.impl.ApplicationVariantImpl$targetSdk$2           : loaded 3 times (x 79B)
Class com.android.build.api.variant.GeneratesAar                                      : loaded 3 times (x 70B)
Class com.android.build.gradle.internal.utils.KgpUtils$syncAgpAndKgpSources$1         : loaded 3 times (x 75B)
Class org.jetbrains.kotlin.gradle.plugin.diagnostics.checkers.DuplicateSourceSetChecker$runChecks$1: loaded 3 times (x 88B)
Class org.jetbrains.kotlin.gradle.plugin.sources.android.KotlinAndroidSourceSetFactory$Companion: loaded 3 times (x 71B)
Class org.jetbrains.kotlin.gradle.plugin.diagnostics.ToolingDiagnostic$Severity       : loaded 3 times (x 79B)
Class org.jetbrains.kotlin.gradle.dsl.JvmTarget                                       : loaded 3 times (x 79B)
Class org.jetbrains.kotlin.gradle.plugin.VariantImplementationFactoriesConfigurator$Companion: loaded 3 times (x 71B)
Class com.android.build.api.variant.Aidl                                              : loaded 3 times (x 70B)
Class com.android.build.gradle.internal.tasks.factory.BootClasspathConfigImpl$fullBootClasspath$2: loaded 3 times (x 79B)
Class com.android.build.gradle.internal.dsl.EmulatorControl                           : loaded 3 times (x 84B)
Class com.android.build.gradle.internal.dsl.TestOptions_Decorated                     : loaded 3 times (x 179B)
Class com.android.build.gradle.internal.variant.LegacyVariantInputManager$5           : loaded 3 times (x 75B)
Class org.jetbrains.kotlin.daemon.common.ReportCategory$Companion                     : loaded 3 times (x 71B)
Class org.jetbrains.kotlin.build.report.metrics.GcMetric                              : loaded 3 times (x 71B)
Class com.android.build.gradle.api.ViewBindingOptions                                 : loaded 3 times (x 70B)
Class com.android.build.api.dsl.Split                                                 : loaded 3 times (x 70B)
Class com.android.build.api.dsl.LibraryDefaultConfig                                  : loaded 3 times (x 70B)
Class [Lcom.android.builder.model.v2.ide.ProjectType;                                 : loaded 3 times (x 69B)
Class com.android.tools.analytics.CommonMetricsData$GarbageCollectionStatsDiffs       : loaded 3 times (x 71B)
Class com.google.gson.JsonElement                                                     : loaded 3 times (x 92B)
Class com.android.build.gradle.options.Version                                        : loaded 3 times (x 79B)
Class com.android.build.gradle.internal.plugins.BasePlugin$versionedSdkLoaderService$2: loaded 3 times (x 79B)
Class com.android.build.gradle.internal.plugins.AppPlugin$1                           : loaded 3 times (x 86B)
Class com.google.wireless.android.sdk.stats.TSdkUAEvent                               : loaded 3 times (x 203B)
Class com.google.protobuf.Message                                                     : loaded 3 times (x 70B)
Class com.google.wireless.android.sdk.stats.AppLinksAssistantEvent                    : loaded 3 times (x 227B)
Class org.jetbrains.kotlin.cli.common.ModuleVisibilityHelperImpl                      : loaded 3 times (x 74B)
Class kotlin.ranges.RangesKt                                                          : loaded 3 times (x 71B)
Class com.google.wireless.android.sdk.stats.OptInToMetrics                            : loaded 3 times (x 192B)
Class com.google.wireless.android.sdk.stats.AdbUsageEventOrBuilder                    : loaded 3 times (x 70B)
Class com.google.wireless.android.sdk.stats.DynamicLayoutInspectorEventOrBuilder      : loaded 3 times (x 70B)
Class org.jetbrains.kotlin.config.Services$Builder                                    : loaded 3 times (x 72B)
Class org.jetbrains.kotlin.gradle.tasks.KotlinCompile$createCompilerArguments$1$3$1   : loaded 3 times (x 79B)
Class com.android.ide.common.resources.FileValidity                                   : loaded 3 times (x 76B)
Class com.android.build.gradle.tasks.MapSourceSetPathsTask$CreateAction$configure$3   : loaded 3 times (x 74B)
Class org.jetbrains.kotlin.gradle.tasks.KotlinCompile_Decorated                       : loaded 3 times (x 600B)
Class [Lorg.jetbrains.kotlin.compilerRunner.KotlinCompilerArgumentsLogLevel;          : loaded 3 times (x 69B)
Class com.android.build.gradle.internal.dependency.JdkImageTransformKt$getJdkImageFromTransform$1$1: loaded 3 times (x 75B)
Class com.sun.xml.bind.v2.runtime.reflect.ListIterator                                : loaded 3 times (x 70B)
Class com.sun.xml.bind.v2.model.impl.RuntimeModelBuilder$IDTransducerImpl             : loaded 3 times (x 88B)
Class com.android.sdklib.repository.generated.repository.v1.PlatformDetailsType       : loaded 3 times (x 117B)
Class javax.xml.bind.annotation.XmlElementRefs                                        : loaded 3 times (x 70B)
Class com.sun.xml.bind.v2.model.runtime.RuntimeElement                                : loaded 3 times (x 70B)
Class com.android.repository.impl.generated.v2.LicenseType                            : loaded 3 times (x 87B)
Class com.android.repository.impl.generated.v1.RepositoryType                         : loaded 3 times (x 86B)
Class com.android.sdklib.repository.generated.common.v2.LibraryType                   : loaded 3 times (x 90B)
Class com.android.sdklib.repository.generated.sysimg.v3.ObjectFactory                 : loaded 3 times (x 75B)
Class [Lcom.android.build.gradle.internal.SdkLocator$SdkLocationSource;               : loaded 3 times (x 69B)
Class [Lcom.android.build.gradle.internal.SdkType;                                    : loaded 3 times (x 69B)
Class org.jetbrains.kotlin.gradle.plugin.mpp.SyncLanguageSettingsWithKotlinExtensionSetupActionKt$SyncLanguageSettingsWithKotlinExtensionSetupAction$1$2: loaded 3 times (x 75B)
Class org.jetbrains.kotlin.compose.compiler.gradle.ComposeCompilerGradleSubplugin$applyToCompilation$allPluginProperties$1$6: loaded 3 times (x 74B)
Class com.google.wireless.android.sdk.stats.KotlinGradlePerformance                   : loaded 3 times (x 226B)
Class com.android.build.gradle.internal.scope.BuildArtifactType                       : loaded 3 times (x 74B)
Class com.android.build.gradle.internal.scope.InternalArtifactType$LIBRARY_ASSETS     : loaded 3 times (x 74B)
Class org.jetbrains.kotlin.gradle.plugin.internal.BuildIdService$Companion            : loaded 3 times (x 71B)
Class com.android.build.gradle.internal.api.AndroidArtifactVariantImpl                : loaded 3 times (x 230B)
Class com.android.build.gradle.internal.dependency.ModelArtifactCompatibilityRule     : loaded 3 times (x 76B)
Class com.android.build.gradle.internal.dependency.DesugarGraph                       : loaded 3 times (x 75B)
Class com.android.build.gradle.internal.dependency.DexingRegistration$ComponentSpecificParameters$Companion: loaded 3 times (x 71B)
Class com.android.build.gradle.internal.utils.DesugarLibUtils$registerDesugarLibConfigExtractorTransformIfAbsent$1: loaded 3 times (x 74B)
Class com.android.build.gradle.internal.dependency.MockableJarTransform               : loaded 3 times (x 78B)
Class com.android.build.gradle.internal.cxx.logging.ThreadLoggingEnvironment          : loaded 3 times (x 82B)
Class com.android.build.gradle.internal.tasks.CheckJetifierTask$CreationAction        : loaded 3 times (x 90B)
Class com.android.build.gradle.internal.lint.AndroidLintAnalysisTask                  : loaded 3 times (x 350B)
Class com.android.build.gradle.internal.tasks.ExtractVersionControlInfoTask$CreationAction: loaded 3 times (x 90B)
Class com.android.build.gradle.internal.tasks.R8Task$CreationAction$handleProvider$5  : loaded 3 times (x 127B)
Class com.android.build.gradle.tasks.MergeResources$CreationAction$handleProvider$2   : loaded 3 times (x 78B)
Class com.android.build.gradle.internal.tasks.MergeNativeDebugMetadataTask            : loaded 3 times (x 335B)
Class com.android.build.gradle.internal.tasks.BundleToApkTask                         : loaded 3 times (x 338B)
Class com.android.build.gradle.internal.tasks.ApplicationTaskManager$doCreateTasksForVariant$r8DexStartupOptimizationEnabled$1: loaded 3 times (x 74B)
Class com.android.build.gradle.internal.tasks.DexMergingAction                        : loaded 3 times (x 79B)
Class com.android.ide.common.gradle.Version$Companion$ParseState                      : loaded 3 times (x 70B)
Class com.android.tools.build.jetifier.core.pom.PomRewriteRule$Companion              : loaded 3 times (x 71B)
Class com.android.build.api.component.impl.DeviceTestImpl$renderscript$2              : loaded 3 times (x 79B)
Class com.android.build.api.component.impl.DeviceTestImpl$signingConfig$2             : loaded 3 times (x 79B)
Class com.android.build.gradle.internal.plugins.BasePlugin$createAndroidTasks$3       : loaded 3 times (x 79B)
Class org.jetbrains.kotlin.gradle.plugin.diagnostics.checkers.OverriddenKotlinNativeHomeChecker$StdlibExistenceCheckerValueSource$Companion: loaded 3 times (x 71B)
Class org.jetbrains.kotlin.gradle.targets.js.dsl.KotlinWasmSubTargetContainerDsl      : loaded 3 times (x 70B)
Class org.jetbrains.kotlin.gradle.plugin.diagnostics.checkers.WasmWasiEnvironmentChecker$1: loaded 3 times (x 78B)
Class org.jetbrains.kotlin.gradle.plugin.diagnostics.checkers.DisabledCinteropCommonizationInHmppProjectChecker: loaded 3 times (x 74B)
Class org.jetbrains.kotlin.gradle.plugin.diagnostics.checkers.NoKotlinTargetsDeclaredChecker: loaded 3 times (x 74B)
Class org.jetbrains.kotlin.gradle.utils.StoredPropertyStorage                         : loaded 3 times (x 72B)
Class org.jetbrains.kotlin.gradle.plugin.KotlinSourceSetContainer                     : loaded 3 times (x 70B)
Class com.android.build.gradle.internal.lint.AndroidLintGlobalTask$UpdateBaselineCreationAction: loaded 3 times (x 92B)
Class com.android.build.gradle.internal.ide.v2.ModelBuilder$Companion                 : loaded 3 times (x 71B)
Class com.android.build.gradle.internal.api.TestedVariant                             : loaded 3 times (x 70B)
Class com.android.build.gradle.internal.variant.LegacyVariantInputManager$6           : loaded 3 times (x 74B)
Class org.jetbrains.org.objectweb.asm.tree.Util                                       : loaded 3 times (x 71B)
Class com.android.build.gradle.internal.dsl.PrivacySandboxImpl                        : loaded 3 times (x 78B)
Class com.android.build.gradle.internal.services.Aapt2ThreadPoolBuildServiceKt        : loaded 3 times (x 71B)
Class com.android.tools.analytics.HostData$memoryBean$2                               : loaded 3 times (x 78B)
Class com.android.build.api.dsl.VcsInfo                                               : loaded 3 times (x 70B)
Class com.google.gson.internal.bind.CollectionTypeAdapterFactory                      : loaded 3 times (x 75B)
Class com.android.build.gradle.options.SyncOptions$ErrorFormatMode                    : loaded 3 times (x 79B)
Class com.android.build.gradle.internal.errors.SyncIssueReporter                      : loaded 3 times (x 76B)
Class com.android.build.gradle.internal.plugins.AppPlugin$2                           : loaded 3 times (x 86B)
Class com.android.build.gradle.internal.dsl.InternalTestedExtension                   : loaded 3 times (x 70B)
Class com.google.wireless.android.sdk.stats.JavaProcessStats                          : loaded 3 times (x 206B)
Class com.android.prefs.PathLocator$WhenMappings                                      : loaded 3 times (x 71B)
Class org.gradle.internal.Cast                                                        : loaded 3 times (x 71B)
Class org.gradle.api.Action                                                           : loaded 3 times (x 70B)
Class com.android.build.api.dsl.DependenciesInfo                                      : loaded 3 times (x 70B)
Class kotlin.collections.ArraysUtilJVM                                                : loaded 3 times (x 71B)
Class kotlin.jvm.functions.Function0                                                  : loaded 3 times (x 70B)
Class com.google.common.base.Verify                                                   : loaded 3 times (x 71B)
Class com.google.wireless.android.sdk.stats.LayoutInspectorEvent                      : loaded 3 times (x 200B)
Class com.google.wireless.android.sdk.stats.FirebaseErrorDetails                      : loaded 3 times (x 196B)
Class com.google.wireless.android.sdk.stats.GradlePluginUpgradeDialogStats            : loaded 3 times (x 207B)
Class com.google.wireless.android.sdk.stats.DefaultActivityLocatorStats               : loaded 3 times (x 200B)
Class com.google.wireless.android.sdk.stats.LintSessionOrBuilder                      : loaded 3 times (x 70B)
Class com.google.wireless.android.sdk.stats.StudioToolWindowActionStatsOrBuilder      : loaded 3 times (x 70B)
Class com.google.wireless.android.sdk.stats.ProductDetailsOrBuilder                   : loaded 3 times (x 70B)
Class org.jetbrains.kotlin.daemon.common.CompilationOptions$Companion                 : loaded 3 times (x 71B)
Class com.android.build.gradle.internal.DependencyResourcesComputer_Decorated         : loaded 3 times (x 141B)
Class com.android.build.gradle.tasks.MapSourceSetPathsTask$CreateAction$configure$4   : loaded 3 times (x 74B)
Class com.android.build.gradle.internal.signing.SigningConfigDataProvider             : loaded 3 times (x 72B)
Class com.android.build.gradle.internal.tasks.ProcessJavaResTaskKt$getProjectJavaRes$1: loaded 3 times (x 79B)
Class com.sun.xml.bind.v2.runtime.unmarshaller.Scope                                  : loaded 3 times (x 72B)
Class javax.xml.bind.helpers.DefaultValidationEventHandler                            : loaded 3 times (x 75B)
Class [Ljavax.xml.bind.annotation.adapters.XmlJavaTypeAdapter;                        : loaded 3 times (x 69B)
Class javax.xml.bind.annotation.XmlElement$DEFAULT                                    : loaded 3 times (x 71B)
Class com.sun.xml.bind.v2.runtime.InternalBridge                                      : loaded 3 times (x 87B)
Class com.android.build.gradle.internal.SdkLocator$SdkLocationSource$TEST_SDK_DIRECTORY: loaded 3 times (x 80B)
Class org.jetbrains.kotlin.gradle.plugin.statistics.plugins.ObservablePlugins         : loaded 3 times (x 79B)
Class org.jetbrains.kotlin.gradle.plugin.sources.FragmentConsistencyChecks$unstableFeaturesCheck$1$1: loaded 3 times (x 78B)
Class org.jetbrains.kotlin.gradle.plugin.sources.InternalKotlinSourceSetKt$awaitPlatformCompilations$1: loaded 3 times (x 88B)
Class org.jetbrains.kotlin.compose.compiler.gradle.ComposeCompilerGradleSubplugin$applyToCompilation$allPluginProperties$1$7: loaded 3 times (x 76B)
Class [Lorg.jetbrains.kotlin.gradle.plugin.sources.KotlinDependencyScope;             : loaded 3 times (x 69B)
Class org.jetbrains.kotlin.gradle.tasks.configuration.BaseKotlinCompileConfig$configureCommonParameters$1: loaded 3 times (x 74B)
Class org.jetbrains.kotlin.gradle.plugin.mpp.compilationImpl.factory.ConfigurationNaming: loaded 3 times (x 70B)
Class org.jetbrains.kotlin.gradle.plugin.mpp.compilationImpl.DefaultKotlinCompilationPostConfigureKt: loaded 3 times (x 71B)
Class com.android.build.api.component.impl.OldVariantApiLegacySupportImpl$getVariantOutputs$1: loaded 3 times (x 75B)
Class com.android.build.gradle.internal.api.BaseVariantOutputImpl                     : loaded 3 times (x 112B)
Class com.android.build.gradle.internal.ApiObjectFactory                              : loaded 3 times (x 73B)
Class com.android.build.gradle.internal.utils.D8BackportedMethodsGenerator$Parameters : loaded 3 times (x 70B)
Class com.android.build.gradle.internal.dependency.SubtractingArtifactCollection$SubtractingArtifactResult$artifactResults$1: loaded 3 times (x 79B)
Class com.android.build.gradle.internal.tasks.R8Task$CreationAction$handleProvider$6  : loaded 3 times (x 127B)
Class com.android.build.gradle.internal.scope.Java8LangSupport                        : loaded 3 times (x 79B)
Class com.android.build.api.variant.impl.ResourcesApkPackagingImpl$excludes$1         : loaded 3 times (x 75B)
Class com.android.build.gradle.tasks.MergeResources$CreationAction$handleProvider$3   : loaded 3 times (x 78B)
Class com.android.build.gradle.internal.attributes.VariantAttr$ImplFactory            : loaded 3 times (x 75B)
Class com.android.build.gradle.internal.core.dsl.impl.VariantDslInfoImpl$initApplicationId$2: loaded 3 times (x 75B)
Class com.android.build.api.variant.DependenciesInfoBuilder                           : loaded 3 times (x 70B)
Class com.android.build.gradle.internal.core.dsl.impl.VariantDslInfoImpl$applicationId$2: loaded 3 times (x 79B)
Class com.android.build.gradle.internal.api.DefaultAndroidSourceDirectorySet$getSourceDirectoryTrees$1$1: loaded 3 times (x 75B)
Class com.android.build.gradle.internal.plugins.DslContainerProvider$lock$1           : loaded 3 times (x 74B)
Class com.android.build.gradle.internal.dsl.ValidationUtilKt                          : loaded 3 times (x 71B)
Class org.jetbrains.kotlin.konan.target.KonanTarget$WATCHOS_X64                       : loaded 3 times (x 78B)
Class org.jetbrains.kotlin.gradle.plugin.diagnostics.KotlinGradleProjectCheckersRunnerKt: loaded 3 times (x 71B)
Class [Lorg.jetbrains.kotlin.tooling.core.HasExtras;                                  : loaded 3 times (x 69B)
Class org.jetbrains.kotlin.gradle.plugin.diagnostics.checkers.IncorrectCompileOnlyDependenciesChecker: loaded 3 times (x 74B)
Class org.jetbrains.kotlin.gradle.plugin.diagnostics.checkers.WasmWasiEnvironmentChecker$2: loaded 3 times (x 78B)
Class org.jetbrains.kotlin.gradle.artifacts.KotlinLegacyCompatibilityMetadataArtifactKt$KotlinLegacyCompatibilityMetadataArtifact$1: loaded 3 times (x 74B)
Class org.jetbrains.kotlin.gradle.dsl.DefaultToolchainSupport$wireToolchainToTasks$1$1: loaded 3 times (x 75B)
Class org.jetbrains.kotlin.gradle.utils.SingleActionPerProject                        : loaded 3 times (x 73B)
Class com.android.build.gradle.internal.tasks.factory.TaskFactory                     : loaded 3 times (x 70B)
Class com.android.builder.core.DexOptions                                             : loaded 3 times (x 70B)
Class com.android.build.gradle.internal.dsl.LintImpl$AgpDecorated                     : loaded 3 times (x 219B)
Class com.android.build.gradle.internal.api.DefaultAndroidSourceSet                   : loaded 3 times (x 232B)
Class com.google.common.util.concurrent.AbstractFuture$Waiter                         : loaded 3 times (x 72B)
Class com.android.build.gradle.internal.dependency.SourceSetManager                   : loaded 3 times (x 72B)
Class com.android.prefs.AbstractAndroidLocations                                      : loaded 3 times (x 82B)
Class com.google.protobuf.ExtensionRegistryLite                                       : loaded 3 times (x 74B)
Class com.google.common.base.Converter$FunctionBasedConverter                         : loaded 3 times (x 90B)
Class com.android.build.gradle.internal.attribution.BuildAnalyzerConfiguratorService$Inject_: loaded 3 times (x 96B)
Class com.android.build.gradle.internal.plugins.AndroidPluginBaseServices$optionService$2: loaded 3 times (x 79B)
Class com.android.build.api.variant.AndroidComponentsExtension                        : loaded 3 times (x 70B)
Class org.jetbrains.kotlin.gradle.plugin.DefaultKotlinBasePlugin                      : loaded 3 times (x 82B)
Class com.android.utils.StringHelper                                                  : loaded 3 times (x 71B)
Class org.gradle.toolchains.foojay.AbstractFoojayToolchainPlugin                      : loaded 3 times (x 76B)
Class com.google.common.util.concurrent.AbstractFuture$SetFuture                      : loaded 3 times (x 75B)
Class org.jetbrains.kotlin.protobuf.CodedOutputStream                                 : loaded 3 times (x 72B)
Class org.jetbrains.kotlin.metadata.ProtoBuf$Annotation                               : loaded 3 times (x 109B)
Class org.jetbrains.org.objectweb.asm.tree.TypeInsnNode                               : loaded 3 times (x 78B)
Class kotlin.jvm.functions.Function1                                                  : loaded 3 times (x 70B)
Class org.jetbrains.kotlin.gradle.plugin.statistics.KotlinBuildStatsBeanService$close$1: loaded 3 times (x 79B)
Class com.google.wireless.android.sdk.stats.NavEditorEventOrBuilder                   : loaded 3 times (x 70B)
Class com.google.wireless.android.sdk.stats.InstantRunOrBuilder                       : loaded 3 times (x 70B)
Class org.jetbrains.kotlin.daemon.client.KotlinCompilerClientKt                       : loaded 3 times (x 71B)
Class org.jetbrains.kotlin.compilerRunner.CompilerEnvironment                         : loaded 3 times (x 73B)
Class org.jetbrains.kotlin.cli.common.messages.GradleStyleMessageRenderer             : loaded 3 times (x 78B)
Class org.jetbrains.kotlin.statistics.metrics.StatisticsValuesConsumer$DefaultImpls   : loaded 3 times (x 71B)
Class com.android.build.gradle.tasks.MergeResources$CreationAction$configure$1        : loaded 3 times (x 75B)
Class com.android.build.gradle.tasks.MapSourceSetPathsTask$CreateAction$configure$5   : loaded 3 times (x 74B)
Class com.android.build.gradle.internal.tasks.ProcessJavaResTaskKt$getProjectJavaRes$2: loaded 3 times (x 75B)
Class com.android.build.api.component.impl.features.OptimizationCreationConfigImpl$proguardFiles$2$1: loaded 3 times (x 79B)
Class com.sun.xml.bind.v2.runtime.unmarshaller.LocatorEx                              : loaded 3 times (x 70B)
Class com.android.sdklib.repository.meta.DetailsTypes$MavenType                       : loaded 3 times (x 70B)
Class com.sun.xml.bind.v2.model.core.ElementPropertyInfo                              : loaded 3 times (x 70B)
Class com.sun.xml.bind.v2.model.impl.RuntimeElementInfoImpl                           : loaded 3 times (x 119B)
Class com.android.repository.api.RemotePackage                                        : loaded 3 times (x 70B)
Class com.android.sdklib.repository.generated.sysimg.v1.package-info                  : loaded 3 times (x 70B)
Class com.android.sdklib.repository.meta.DetailsTypes$SourceDetailsType               : loaded 3 times (x 70B)
Class org.jetbrains.kotlin.compose.compiler.gradle.ComposeCompilerGradleSubplugin$applyToCompilation$allPluginProperties$1$8: loaded 3 times (x 76B)
Class org.jetbrains.kotlin.gradle.tasks.configuration.BaseKotlinCompileConfig$configureCommonParameters$2: loaded 3 times (x 75B)
Class org.jetbrains.kotlin.gradle.plugin.mpp.compilationImpl.KotlinCompilationCompilerOptionsFromTargetConfigurator: loaded 3 times (x 74B)
Class [Lorg.jetbrains.kotlin.gradle.plugin.mpp.compilationImpl.DefaultKotlinCompilationFriendPathsResolver$FriendArtifactResolver;: loaded 3 times (x 69B)
Class com.android.build.gradle.internal.dependency.DexingOutputSplitTransformKt       : loaded 3 times (x 71B)
Class com.android.build.gradle.internal.attribution.CheckJetifierBuildService$Parameters: loaded 3 times (x 70B)
Class com.android.build.gradle.internal.test.AbstractTestDataImpl$testCoverageEnabled$1: loaded 3 times (x 79B)
Class com.android.build.gradle.internal.tasks.R8Task$CreationAction$handleProvider$7  : loaded 3 times (x 127B)
Class com.android.ide.common.gradle.Version$Companion                                 : loaded 3 times (x 71B)
Class com.android.build.gradle.tasks.MergeResources$CreationAction$handleProvider$4   : loaded 3 times (x 78B)
Class com.android.build.gradle.internal.component.NestedComponentCreationConfig       : loaded 3 times (x 70B)
Class com.android.build.api.variant.TestedComponentPackaging                          : loaded 3 times (x 70B)
Class [Lcom.android.builder.errors.IssueReporter$Type;                                : loaded 3 times (x 69B)
Class com.android.build.gradle.internal.core.InternalBaseVariant$MergedFlavor         : loaded 3 times (x 70B)
Class com.android.build.gradle.internal.core.dsl.impl.DslInfoBuilder                  : loaded 3 times (x 72B)
Class com.android.build.gradle.internal.plugins.DslContainerProvider$lock$2           : loaded 3 times (x 74B)
Class org.jetbrains.kotlin.gradle.plugin.internal.IdeaPropertiesValueSource           : loaded 3 times (x 78B)
Class org.jetbrains.kotlin.gradle.utils.FailuresKt$ideaSyncClasspathModeUtil$1        : loaded 3 times (x 72B)
Class org.jetbrains.kotlin.gradle.artifacts.KotlinJsKlibArtifactKt                    : loaded 3 times (x 71B)
Class org.jetbrains.kotlin.gradle.dsl.KotlinTargetContainerWithWasmPresetFunctions    : loaded 3 times (x 70B)
Class org.jetbrains.kotlin.gradle.plugin.GradleUtilsKt                                : loaded 3 times (x 71B)
Class org.jetbrains.kotlin.gradle.internal.properties.PropertiesBuildService$Params$Inject_: loaded 3 times (x 108B)
Class org.jetbrains.kotlin.gradle.internal.properties.PropertiesBuildService          : loaded 3 times (x 76B)
Class com.android.build.api.artifact.impl.PropertyAdapter                             : loaded 3 times (x 70B)
Class com.android.build.gradle.ProguardFiles$ProguardFile                             : loaded 3 times (x 79B)
Class com.android.builder.testing.api.DeviceProvider                                  : loaded 3 times (x 77B)
Class com.android.build.gradle.internal.dsl.ExternalNativeBuild$AgpDecorated_Decorated: loaded 3 times (x 144B)
Class com.android.build.gradle.internal.dsl.DeviceGroupFactory                        : loaded 3 times (x 75B)
Class [Lorg.jetbrains.kotlin.metadata.ProtoBuf$Modality;                              : loaded 3 times (x 69B)
Class com.android.build.gradle.internal.model.CoreCmakeOptions                        : loaded 3 times (x 70B)
Class com.android.build.api.dsl.Ndk                                                   : loaded 3 times (x 70B)
Class com.android.build.api.dsl.BundleStoreArchive                                    : loaded 3 times (x 70B)
Class com.android.build.api.dsl.BundleCodeTransparency                                : loaded 3 times (x 70B)
Class com.android.builder.profile.ThreadRecorder                                      : loaded 3 times (x 76B)
Class com.android.build.gradle.internal.plugins.AndroidPluginBaseServices             : loaded 3 times (x 78B)
Class com.android.tools.analytics.AnalyticsSettingsData$Companion                     : loaded 3 times (x 71B)
Class com.google.gson.internal.bind.TreeTypeAdapter                                   : loaded 3 times (x 75B)
Class com.google.gson.internal.sql.SqlTimeTypeAdapter                                 : loaded 3 times (x 74B)
Class com.google.gson.InstanceCreator                                                 : loaded 3 times (x 70B)
Class com.android.build.gradle.internal.plugins.AndroidPluginBaseServices$optionService$2$1: loaded 3 times (x 78B)
Class com.android.build.gradle.internal.ClasspathVerifier                             : loaded 3 times (x 71B)
Class com.android.build.gradle.internal.core.dsl.ApplicationVariantDslInfo            : loaded 3 times (x 70B)
Class com.android.build.gradle.internal.variant.DimensionCombination                  : loaded 3 times (x 70B)
Class com.android.build.gradle.internal.core.dsl.VariantDslInfo                       : loaded 3 times (x 70B)
Class com.android.build.gradle.internal.variant.VariantFactory                        : loaded 3 times (x 70B)
Class com.android.build.gradle.internal.plugins.BasePlugin$dslServices$2              : loaded 3 times (x 79B)
Class com.android.build.gradle.options.TestRunnerArguments$Companion                  : loaded 3 times (x 71B)
Class [Lorg.jetbrains.kotlin.metadata.jvm.JvmProtoBuf$StringTableTypes$Record$Operation;: loaded 3 times (x 69B)
Class [Lorg.jetbrains.kotlin.load.kotlin.header.KotlinClassHeader$Kind;               : loaded 3 times (x 69B)
Class kotlin.jvm.functions.Function2                                                  : loaded 3 times (x 70B)
Class com.android.resources.ResourceEnum                                              : loaded 3 times (x 70B)
Class com.android.build.gradle.internal.CompileOptions$AgpDecorated_Decorated         : loaded 3 times (x 164B)
Class com.google.wireless.android.sdk.stats.EmulatorHostOrBuilder                     : loaded 3 times (x 70B)
Class com.android.tools.analytics.TestSupportLibraries$setters$1$30                   : loaded 3 times (x 125B)
Class org.jetbrains.kotlin.compilerRunner.GradleCompilerRunnerWithWorkers$GradleKotlinCompilerWorkAction: loaded 3 times (x 78B)
Class org.jetbrains.kotlin.gradle.internal.kapt.incremental.KaptClasspathChanges$Unknown: loaded 3 times (x 71B)
Class com.android.build.gradle.tasks.MergeResources$CreationAction$configure$2        : loaded 3 times (x 75B)
Class com.android.build.gradle.tasks.MapSourceSetPathsTask$CreateAction$configure$6   : loaded 3 times (x 79B)
Class org.jetbrains.kotlin.gradle.tasks.KotlinCompile$javaSources$1                   : loaded 3 times (x 75B)
Class org.jetbrains.kotlin.incremental.IncrementalCompilationFeatures                 : loaded 3 times (x 71B)
Class com.sun.xml.bind.v2.runtime.unmarshaller.StructureLoader                        : loaded 3 times (x 78B)
Class com.sun.xml.bind.v2.runtime.reflect.Accessor$SetterOnlyReflection               : loaded 3 times (x 85B)
Class com.sun.xml.bind.v2.model.impl.ElementPropertyInfoImpl                          : loaded 3 times (x 123B)
Class com.sun.xml.bind.v2.model.impl.TypeInfoSetImpl$1                                : loaded 3 times (x 80B)
Class com.sun.xml.bind.v2.model.runtime.RuntimeArrayInfo                              : loaded 3 times (x 70B)
Class com.android.repository.impl.generated.generic.v2.ObjectFactory                  : loaded 3 times (x 75B)
Class com.android.repository.impl.generated.v1.DependenciesType                       : loaded 3 times (x 75B)
Class org.jetbrains.kotlin.gradle.plugin.mpp.compilationImpl.KotlinCompilationAssociatorKt$addAllDependenciesFromOtherConfigurations$1: loaded 3 times (x 75B)
Class org.jetbrains.kotlin.compose.compiler.gradle.ComposeCompilerGradleSubplugin$applyToCompilation$allPluginProperties$1$9: loaded 3 times (x 76B)
Class com.android.build.gradle.internal.scope.InternalArtifactType$LINT_VITAL_LINT_MODEL: loaded 3 times (x 74B)
Class com.android.build.gradle.internal.dependency.IdentityTransform$Parameters_Decorated: loaded 3 times (x 135B)
Class com.android.build.gradle.internal.cxx.gradle.generator.CxxConfigurationModelKt$ENABLE_CHECK_CONFIG_TIME_CONSTRUCTION$2: loaded 3 times (x 78B)
Class com.android.build.gradle.internal.scope.InternalArtifactType$UNIT_TEST_CONFIG_DIRECTORY: loaded 3 times (x 74B)
Class com.android.build.gradle.tasks.ProcessTestManifest                              : loaded 3 times (x 353B)
Class com.android.build.gradle.internal.tasks.ExtractNativeDebugMetadataTask          : loaded 3 times (x 340B)
Class com.android.build.gradle.internal.scope.InternalArtifactType$EXTERNAL_FILE_LIB_DEX_ARCHIVES: loaded 3 times (x 74B)
Class com.android.build.gradle.internal.scope.InternalArtifactType$COMPILE_APP_CLASSES_JAR: loaded 3 times (x 74B)
Class com.android.build.api.variant.impl.ResSourceDirectoriesImpl                     : loaded 3 times (x 92B)
Class com.android.build.api.variant.impl.DexPackagingOptionsImpl                      : loaded 3 times (x 75B)
Class com.android.build.gradle.internal.tasks.MergeNativeLibsTaskKt                   : loaded 3 times (x 71B)
Class com.android.build.gradle.tasks.MergeResources$CreationAction$handleProvider$5   : loaded 3 times (x 78B)
Class com.android.build.api.component.impl.MutableListBackedUpWithListProperty        : loaded 3 times (x 205B)
Class com.google.gson.internal.LinkedTreeMap$EntrySet                                 : loaded 3 times (x 136B)
Class com.android.build.api.variant.VariantExtensionConfig                            : loaded 3 times (x 70B)
Class com.android.build.gradle.internal.core.dsl.AndroidTestComponentDslInfo          : loaded 3 times (x 70B)
Class com.android.build.api.variant.impl.VariantOutputConfigurationImplKt$WhenMappings: loaded 3 times (x 71B)
Class com.android.build.gradle.internal.dependency.VariantDependencies                : loaded 3 times (x 76B)
Class com.android.build.gradle.internal.plugins.DslContainerProvider$lock$3           : loaded 3 times (x 74B)
Class org.jetbrains.kotlin.gradle.plugin.KotlinTarget$DefaultImpls                    : loaded 3 times (x 71B)
Class org.jetbrains.kotlin.gradle.plugin.diagnostics.KotlinToolingDiagnosticsCollector: loaded 3 times (x 76B)
Class org.jetbrains.kotlin.gradle.plugin.sources.android.configurator.SingleTargetSourceDirConfigurator: loaded 3 times (x 75B)
Class org.jetbrains.kotlin.gradle.plugin.mpp.compilationImpl.KotlinCreateCompilationArchiveTaskKt: loaded 3 times (x 71B)
Class org.jetbrains.kotlin.tooling.core.MutableExtrasImpl                             : loaded 3 times (x 165B)
Class org.jetbrains.kotlin.gradle.plugin.statistics.KotlinBuildStatsMXBean            : loaded 3 times (x 70B)
Class org.jetbrains.kotlin.gradle.utils.FileUtilsKt                                   : loaded 3 times (x 71B)
Class com.android.build.gradle.internal.api.artifact.SourceArtifactType               : loaded 3 times (x 74B)
Class com.android.build.gradle.internal.dsl.PrivacySandboxSdkOptimizationImpl         : loaded 3 times (x 75B)
Class [Lcom.android.build.gradle.internal.dsl.decorator.SupportedPropertyType;        : loaded 3 times (x 69B)
Class com.android.builder.profile.NameAnonymizer                                      : loaded 3 times (x 72B)
Class com.google.protobuf.CodedInputStream$UnsafeDirectNioDecoder                     : loaded 3 times (x 120B)
Class com.android.build.api.dsl.DynamicFeatureVariantDimension                        : loaded 3 times (x 70B)
Class [Lcom.android.tools.analytics.Environment$EnvironmentVariable;                  : loaded 3 times (x 69B)
Class com.android.SdkConstants                                                        : loaded 3 times (x 71B)
Class com.google.gson.internal.bind.TypeAdapters$20                                   : loaded 3 times (x 75B)
Class [Lcom.android.build.gradle.options.TestRunnerArguments;                         : loaded 3 times (x 69B)
Class com.android.build.gradle.internal.dsl.decorator.SupportedPropertyType$Collection$Set: loaded 3 times (x 74B)
Class com.android.build.api.instrumentation.manageddevice.ManagedDeviceRegistry       : loaded 3 times (x 70B)
Class com.android.build.gradle.internal.services.GlobalServiceRegistrationAction$execute$1: loaded 3 times (x 75B)
Class com.android.build.gradle.internal.services.RunOnceBuildService                  : loaded 3 times (x 70B)
Class com.android.build.gradle.internal.dsl.ConsumerKeepRulesImpl                     : loaded 3 times (x 92B)
Class com.google.devtools.ksp.gradle.KspGradleSubplugin$Companion                     : loaded 3 times (x 71B)
Class [Lcom.android.tools.lint.model.LintModelSeverity;                               : loaded 3 times (x 69B)
Class com.android.build.gradle.api.TestVariant                                        : loaded 3 times (x 70B)
Class org.jetbrains.kotlin.serialization.deserialization.ProtoEnumFlags               : loaded 3 times (x 71B)
Class com.android.build.api.artifact.impl.StorageProviderImpl$directory$1             : loaded 3 times (x 78B)
Class org.jetbrains.kotlin.protobuf.Internal$EnumLite                                 : loaded 3 times (x 70B)
Class kotlin.jvm.functions.Function3                                                  : loaded 3 times (x 70B)
Class kotlin.collections.MapsKt___MapsJvmKt                                           : loaded 3 times (x 71B)
Class com.android.buildanalyzer.common.TaskCategoryIssue$Severity                     : loaded 3 times (x 79B)
Class org.jetbrains.kotlin.gradle.plugin.statistics.KotlinBuildStatsConfiguration$Companion: loaded 3 times (x 71B)
Class com.android.utils.concurrency.ReadWriteProcessLock$1                            : loaded 3 times (x 73B)
Class [Lcom.google.wireless.android.sdk.stats.ProductDetails$ProductKind;             : loaded 3 times (x 69B)
Class com.google.wireless.android.sdk.stats.TSdkUAEventOrBuilder                      : loaded 3 times (x 70B)
Class com.google.wireless.android.sdk.stats.UserSentimentOrBuilder                    : loaded 3 times (x 70B)
Class com.google.wireless.android.sdk.stats.ComposePreviewCanvasEventOrBuilder        : loaded 3 times (x 70B)
Class com.android.tools.analytics.TestSupportLibraries$setters$1$31                   : loaded 3 times (x 125B)
Class com.google.common.collect.RowSortedTable                                        : loaded 3 times (x 70B)
Class org.jetbrains.kotlin.daemon.common.LoopbackNetworkInterface                     : loaded 3 times (x 71B)
Class org.jetbrains.kotlin.compilerRunner.GradleKotlinCompilerWork$compileWithDaemonOrFallbackImpl$1$3: loaded 3 times (x 79B)
Class com.android.build.gradle.internal.tasks.DeviceProviderInstrumentTestTask$DeviceProviderFactory: loaded 3 times (x 74B)
Class com.android.build.gradle.internal.utils.CompileData                             : loaded 3 times (x 72B)
Class com.android.build.gradle.tasks.MapSourceSetPathsTask$CreateAction$configure$7   : loaded 3 times (x 74B)
Class com.android.build.gradle.internal.dependency.JdkImageTransform$Inject_1         : loaded 3 times (x 110B)
Class com.android.build.gradle.internal.dependency.JdkImageTransformKt$registerJdkImageTransform$1: loaded 3 times (x 75B)
Class com.sun.xml.bind.v2.runtime.unmarshaller.Intercepter                            : loaded 3 times (x 70B)
Class [Ljavax.xml.bind.annotation.XmlAccessOrder;                                     : loaded 3 times (x 69B)
Class javax.xml.bind.annotation.adapters.XmlJavaTypeAdapters                          : loaded 3 times (x 70B)
Class com.android.sdklib.repository.meta.AddonFactory                                 : loaded 3 times (x 74B)
Class com.android.build.gradle.internal.SdkDirectLoadingStrategy$Companion            : loaded 3 times (x 71B)
Class org.jetbrains.kotlin.gradle.plugin.mpp.compilationImpl.KotlinCompilationAssociatorKt$addAllDependenciesFromOtherConfigurations$1$1: loaded 3 times (x 79B)
Class com.android.build.gradle.internal.scope.InternalArtifactType$FULL_JAR           : loaded 3 times (x 74B)
Class org.jetbrains.kotlin.gradle.internal.ClassLoadersCachingBuildService$Companion$registerIfAbsent$1$1: loaded 3 times (x 79B)
Class org.jetbrains.kotlin.gradle.plugin.mpp.KotlinCompilationFactory$DefaultImpls    : loaded 3 times (x 71B)
Class org.jetbrains.kotlin.gradle.plugin.mpp.compilationImpl.factory.DefaultKotlinCompilationDependencyConfigurationsFactory: loaded 3 times (x 75B)
Class com.android.build.gradle.internal.dependency.DexingRegistration$ComponentSpecificParameters: loaded 3 times (x 72B)
Class com.android.build.gradle.internal.utils.DesugarLibUtils                         : loaded 3 times (x 71B)
Class com.android.build.gradle.internal.dependency.AarResourcesCompilerTransform$Inject_1: loaded 3 times (x 109B)
Class com.android.build.gradle.internal.cxx.configure.NdkLocator                      : loaded 3 times (x 72B)
Class com.android.build.gradle.internal.tasks.SdkDependencyDataGeneratorTask$CreationAction: loaded 3 times (x 90B)
Class com.android.build.gradle.internal.tasks.BundleReportDependenciesTask            : loaded 3 times (x 335B)
Class com.android.build.gradle.internal.res.ConvertResourcesTask$CreationAction       : loaded 3 times (x 91B)
Class com.android.build.gradle.internal.tasks.CheckDuplicateClassesTask               : loaded 3 times (x 334B)
Class com.android.build.api.variant.JniLibsTestedApkPackaging                         : loaded 3 times (x 70B)
Class com.android.build.gradle.internal.scope.InternalArtifactType$JAVA_RES           : loaded 3 times (x 74B)
Class com.android.build.gradle.tasks.MergeResources$CreationAction$handleProvider$6   : loaded 3 times (x 78B)
Class [Lcom.android.build.gradle.tasks.MergeResources$Flag;                           : loaded 3 times (x 69B)
Class com.android.build.gradle.internal.dependency.ProvidedClasspathSubtractor$excludes$1: loaded 3 times (x 79B)
Class com.android.build.api.component.impl.features.OptimizationCreationConfigImpl    : loaded 3 times (x 84B)
Class com.android.build.gradle.internal.dependency.VariantDependencies$WhenMappings   : loaded 3 times (x 71B)
Class [Lcom.android.tools.build.jetifier.processor.transform.Transformer;             : loaded 3 times (x 69B)
Class com.android.tools.build.jetifier.core.pom.PomRewriteRule                        : loaded 3 times (x 72B)
Class com.google.gson.stream.JsonToken                                                : loaded 3 times (x 79B)
Class com.android.build.api.variant.impl.CodeTransparencyImpl                         : loaded 3 times (x 75B)
Class com.android.build.api.variant.InternalSources                                   : loaded 3 times (x 70B)
Class com.android.build.gradle.internal.dsl.VcsInfoImpl                               : loaded 3 times (x 77B)
Class com.android.build.gradle.internal.plugins.DslContainerProvider$lock$4           : loaded 3 times (x 75B)
Class com.google.devtools.ksp.gradle.AndroidPluginIntegration$forEachAndroidSourceSet$1: loaded 3 times (x 79B)
Class org.jetbrains.kotlin.gradle.plugin.sources.android.KotlinAndroidSourceSetLayoutKt$multiplatformAndroidSourceSetLayoutV1$1: loaded 3 times (x 78B)
Class org.jetbrains.kotlin.gradle.plugin.diagnostics.checkers.InternalGradlePropertiesUsageChecker: loaded 3 times (x 74B)
Class org.jetbrains.kotlin.gradle.plugin.mpp.compilationImpl.CreateCInteropTasksSideEffectKt: loaded 3 times (x 71B)
Class org.jetbrains.kotlin.gradle.targets.metadata.KotlinMetadataTargetConfiguratorKt : loaded 3 times (x 71B)
Class org.jetbrains.kotlin.gradle.testing.internal.KotlinTestsRegistry$Companion      : loaded 3 times (x 71B)
Class org.jetbrains.kotlin.gradle.dsl.KotlinCommonCompilerToolOptions                 : loaded 3 times (x 70B)
Class org.jetbrains.kotlin.gradle.internal.properties.PropertiesBuildService$Companion$registerIfAbsent$1: loaded 3 times (x 75B)
Class org.jetbrains.kotlin.gradle.plugin.internal.DefaultConfigurationCacheStartParameterAccessorVariantFactory: loaded 3 times (x 76B)
Class com.android.build.api.transform.Transform                                       : loaded 3 times (x 88B)
Class com.android.build.gradle.internal.core.InternalBaseVariant                      : loaded 3 times (x 70B)
Class com.android.build.gradle.internal.scope.DelayedActionsExecutor                  : loaded 3 times (x 72B)
Class [Lcom.android.prefs.LocationValue;                                              : loaded 3 times (x 69B)
Class com.android.build.gradle.internal.dsl.CoreExternalNativeCmakeOptions            : loaded 3 times (x 70B)
Class com.android.build.api.dsl.AndroidSourceFile                                     : loaded 3 times (x 70B)
Class com.google.gson.internal.bind.TypeAdapters$21                                   : loaded 3 times (x 75B)
Class com.google.gson.FieldNamingPolicy$1                                             : loaded 3 times (x 83B)
Class com.android.utils.Environment                                                   : loaded 3 times (x 74B)
Class com.android.build.gradle.internal.plugins.LibraryPlugin                         : loaded 3 times (x 97B)
Class com.android.build.gradle.internal.dsl.ManagedDevices                            : loaded 3 times (x 82B)
Class com.android.build.gradle.AssetPackPluginKt                                      : loaded 3 times (x 71B)
Class com.android.build.gradle.internal.dsl.CmakeOptions$AgpDecorated_Decorated       : loaded 3 times (x 146B)
Class org.gradle.api.GradleException                                                  : loaded 3 times (x 82B)
Class org.jetbrains.kotlin.gradle.plugin.BuildFinishFlowAction$Parameters             : loaded 3 times (x 70B)
Class org.jetbrains.kotlin.protobuf.RopeByteString                                    : loaded 3 times (x 110B)
Class kotlin.collections.EmptySet                                                     : loaded 3 times (x 122B)
Class org.jetbrains.kotlin.metadata.jvm.deserialization.JvmNameResolverBase           : loaded 3 times (x 80B)
Class org.jetbrains.org.objectweb.asm.tree.IincInsnNode                               : loaded 3 times (x 78B)
Class org.jetbrains.org.objectweb.asm.tree.MultiANewArrayInsnNode                     : loaded 3 times (x 79B)
Class kotlin.collections.CollectionsKt___CollectionsKt                                : loaded 3 times (x 71B)
Class org.jetbrains.kotlin.gradle.utils.Future                                        : loaded 3 times (x 70B)
Class com.android.build.gradle.internal.attribution.BuildAnalyzerPartialResult$Companion: loaded 3 times (x 71B)
Class com.android.utils.concurrency.ReadWriteProcessLock$2                            : loaded 3 times (x 73B)
Class com.google.wireless.android.sdk.stats.AndroidProfilerDbStats                    : loaded 3 times (x 202B)
Class com.google.wireless.android.sdk.stats.IdePluginInfoOrBuilder                    : loaded 3 times (x 70B)
Class com.google.wireless.android.sdk.stats.AndroidStudioEvent                        : loaded 3 times (x 806B)
Class com.android.tools.analytics.TestSupportLibraries$setters$1$32                   : loaded 3 times (x 125B)
Class org.jetbrains.kotlin.gradle.tasks.AbstractKotlinCompile$kotlinLogger$2          : loaded 3 times (x 79B)
Class org.jetbrains.kotlin.build.report.metrics.BuildPerformanceMetrics$Companion     : loaded 3 times (x 71B)
Class com.android.build.gradle.internal.dsl.SdkComponentsImpl_Decorated               : loaded 3 times (x 128B)
Class com.android.build.gradle.internal.tasks.featuresplit.PackagedDependenciesWriterTask_Decorated: loaded 3 times (x 383B)
Class com.android.build.gradle.internal.tasks.ProcessJavaResTaskKt                    : loaded 3 times (x 71B)
Class [Lcom.sun.xml.bind.v2.runtime.property.PropertyImpl;                            : loaded 3 times (x 69B)
Class com.sun.xml.bind.v2.runtime.IllegalAnnotationException                          : loaded 3 times (x 86B)
Class com.sun.xml.bind.v2.model.impl.RuntimeEnumLeafInfoImpl                          : loaded 3 times (x 149B)
Class javax.xml.bind.JAXBIntrospector                                                 : loaded 3 times (x 73B)
Class com.android.repository.api.SettingsController                                   : loaded 3 times (x 70B)
Class com.android.build.gradle.internal.AndroidTestTaskManager$createMockableJarTask$1$1: loaded 3 times (x 74B)
Class org.jetbrains.kotlin.gradle.plugin.mpp.KotlinCommonCompilation                  : loaded 3 times (x 194B)
Class com.android.build.gradle.internal.services.FakeDependencyJarBuildService$FakeDependencyJarCreator$Params: loaded 3 times (x 70B)
Class org.jetbrains.kotlin.gradle.plugin.AndroidProjectHandler$postprocessVariant$2   : loaded 3 times (x 75B)
Class com.android.build.gradle.internal.scope.InternalArtifactType$AIDL_PARCELABLE    : loaded 3 times (x 74B)
Class org.jetbrains.kotlin.gradle.plugin.mpp.compilationImpl.DefaultKotlinCompilationSourceSetsContainer$source$1: loaded 3 times (x 79B)
Class com.android.build.gradle.internal.dependency.FilterShrinkerRulesTransform$Inject_1: loaded 3 times (x 109B)
Class com.android.build.gradle.internal.lint.AndroidLintAnalysisTask$PerComponentCreationAction: loaded 3 times (x 90B)
Class com.android.build.gradle.internal.core.dsl.DynamicFeatureVariantDslInfo         : loaded 3 times (x 70B)
Class com.android.build.gradle.internal.tasks.DexMergingTask$CreationAction$WhenMappings: loaded 3 times (x 71B)
Class com.android.build.gradle.internal.tasks.CheckDuplicateClassesTask$CreationAction: loaded 3 times (x 90B)
Class com.android.build.gradle.internal.tasks.MergeJavaResourceTask                   : loaded 3 times (x 342B)
Class com.android.build.api.variant.SourceDirectories                                 : loaded 3 times (x 70B)
Class com.android.build.gradle.tasks.MergeSourceSetFolders$MergeAssetBaseCreationAction: loaded 3 times (x 91B)
Class com.android.build.gradle.internal.scope.InternalArtifactType$CHECK_MANIFEST_RESULT: loaded 3 times (x 74B)
Class com.android.build.api.component.impl.OldVariantApiLegacySupportImpl             : loaded 3 times (x 89B)
Class com.android.build.api.component.impl.features.OptimizationCreationConfigImpl$proguardFiles$2: loaded 3 times (x 79B)
Class com.android.build.gradle.internal.scope.InternalArtifactType$NESTED_RESOURCES_VALIDATION_REPORT: loaded 3 times (x 74B)
Class com.android.build.gradle.internal.HostTestTaskManager$createTopLevelTasksCore$1 : loaded 3 times (x 75B)
Class com.android.tools.build.jetifier.core.utils.Log                                 : loaded 3 times (x 71B)
Class com.android.build.gradle.internal.core.MergedExternalNativeBuildOptions         : loaded 3 times (x 87B)
Class com.android.build.api.variant.impl.ApplicationVariantImpl$dexing$2              : loaded 3 times (x 79B)
Class com.android.build.gradle.internal.VariantManager$getFlavorSelection$1           : loaded 3 times (x 78B)
Class com.android.build.gradle.internal.dsl.ModulePropertyKey                         : loaded 3 times (x 70B)
Class com.android.build.gradle.internal.core.dsl.impl.ComponentDslInfoImpl$androidResourcesDsl$2: loaded 3 times (x 79B)
Class com.android.build.gradle.internal.VariantManager$getLazyManifestParser$1        : loaded 3 times (x 79B)
Class com.android.build.gradle.internal.plugins.DslContainerProvider$lock$5           : loaded 3 times (x 75B)
Class org.jetbrains.kotlin.gradle.internal.KotlinTestDependencyManagementKt           : loaded 3 times (x 71B)
Class org.jetbrains.kotlin.konan.target.KonanTarget$ANDROID_X64                       : loaded 3 times (x 78B)
Class [Lorg.jetbrains.kotlin.gradle.plugin.sources.ConsistencyCheck;                  : loaded 3 times (x 69B)
Class org.jetbrains.kotlin.gradle.plugin.sources.android.configurator.MultiplatformLayoutV1DependsOnConfigurator: loaded 3 times (x 75B)
Class org.jetbrains.kotlin.gradle.report.ReportingSettings                            : loaded 3 times (x 72B)
Class org.jetbrains.kotlin.statistics.metrics.StringAnonymizationPolicy$ComponentVersionAnonymizer: loaded 3 times (x 78B)
Class org.jetbrains.kotlin.gradle.plugin.internal.BasePluginConfiguration$BasePluginConfigurationVariantFactory: loaded 3 times (x 70B)
Class com.android.build.gradle.internal.tasks.SourceSetsTask                          : loaded 3 times (x 340B)
Class com.android.build.gradle.internal.dsl.BundleOptionsStoreArchive$AgpDecorated    : loaded 3 times (x 81B)
Class com.android.build.gradle.internal.dsl.ApplicationExtensionImpl$AgpDecorated_Decorated: loaded 3 times (x 461B)
Class com.android.build.gradle.internal.ManagedDeviceUtilsKt                          : loaded 3 times (x 71B)
Class com.android.buildanalyzer.common.AndroidGradlePluginAttributionData$JavaInfo    : loaded 3 times (x 72B)
Class com.google.gson.internal.bind.TypeAdapters$22                                   : loaded 3 times (x 75B)
Class com.google.gson.TypeAdapter$1                                                   : loaded 3 times (x 74B)
Class com.google.gson.FieldNamingPolicy$2                                             : loaded 3 times (x 83B)
Class com.google.gson.internal.Excluder$1                                             : loaded 3 times (x 74B)
Class com.android.build.gradle.internal.tasks.SigningConfigUtils$Companion$gson$2     : loaded 3 times (x 78B)
Class com.android.build.api.artifact.impl.SingleInitialProviderRequestImpl$on$2       : loaded 3 times (x 75B)
Class org.jetbrains.kotlin.gradle.plugin.internal.ConfigurationCacheStartParameterAccessorKt: loaded 3 times (x 71B)
Class com.android.build.gradle.internal.services.GlobalServiceRegistrationAction      : loaded 3 times (x 73B)
Class com.google.common.base.AbstractIterator$1                                       : loaded 3 times (x 71B)
Class com.google.common.base.CharMatcher$Digit                                        : loaded 3 times (x 112B)
Class org.jetbrains.kotlin.gradle.plugin.KotlinBasePluginWrapper                      : loaded 3 times (x 87B)
Class org.jetbrains.kotlin.gradle.plugin.diagnostics.checkers.UnusedSourceSetsChecker : loaded 3 times (x 74B)
Class org.jetbrains.kotlin.gradle.plugin.KotlinPlatformType$Companion                 : loaded 3 times (x 71B)
Class kotlin.reflect.KDeclarationContainer                                            : loaded 3 times (x 70B)
Class org.jetbrains.kotlin.gradle.plugin.mpp.AbstractKotlinCompilation                : loaded 3 times (x 191B)
Class org.jetbrains.org.objectweb.asm.tree.LocalVariableAnnotationNode                : loaded 3 times (x 81B)
Class org.jetbrains.kotlin.gradle.plugin.KotlinPlatformType$DisambiguationRule        : loaded 3 times (x 76B)
Class org.jetbrains.kotlin.metadata.deserialization.BinaryVersion                     : loaded 3 times (x 74B)
Class kotlin.text.StringsKt___StringsJvmKt                                            : loaded 3 times (x 71B)
Class com.android.utils.concurrency.ReadWriteProcessLock$3                            : loaded 3 times (x 73B)
Class com.google.wireless.android.sdk.stats.DesignEditorHelpPanelEvent                : loaded 3 times (x 198B)
Class com.google.wireless.android.sdk.stats.KotlinSupport                             : loaded 3 times (x 201B)
Class com.google.wireless.android.sdk.stats.VsPluginEvent                             : loaded 3 times (x 201B)
Class com.android.tools.analytics.TestSupportLibraries$setters$1$33                   : loaded 3 times (x 125B)
Class org.jetbrains.kotlin.daemon.common.StringPropMapper$3                           : loaded 3 times (x 125B)
Class org.jetbrains.kotlin.gradle.plugin.statistics.NonSynchronizedMetricsContainer$MetricDescriptor: loaded 3 times (x 75B)
Class com.google.devtools.ksp.gradle.KspTaskJvm$javaSources$1                         : loaded 3 times (x 79B)
Class com.android.repository.impl.generated.v1.PatchType                              : loaded 3 times (x 87B)
Class com.sun.xml.bind.v2.runtime.reflect.Accessor$ReadOnlyFieldReflection            : loaded 3 times (x 85B)
Class com.sun.xml.bind.v2.model.impl.RuntimeReferencePropertyInfoImpl                 : loaded 3 times (x 141B)
Class com.sun.xml.bind.v2.model.core.AttributePropertyInfo                            : loaded 3 times (x 70B)
Class javax.xml.bind.Binder                                                           : loaded 3 times (x 85B)
Class javax.xml.bind.JAXBContext                                                      : loaded 3 times (x 78B)
Class [Lcom.android.repository.Revision$PreviewComparison;                            : loaded 3 times (x 69B)
Class com.android.builder.sdk.SdkLibData                                              : loaded 3 times (x 77B)
Class com.android.build.gradle.internal.scope.InternalArtifactType$CONSUMER_PROGUARD_DIR: loaded 3 times (x 74B)
Class com.android.build.gradle.internal.tasks.SigningReportTask                       : loaded 3 times (x 322B)
Class com.android.build.gradle.internal.scope.InternalArtifactType$SHRUNK_RESOURCES_BINARY_FORMAT: loaded 3 times (x 74B)
Class com.android.build.gradle.internal.tasks.ListingFileRedirectTask$CreationAction$handleProvider$1: loaded 3 times (x 127B)
Class com.android.ide.common.gradle.Version                                           : loaded 3 times (x 75B)
Class com.android.build.api.variant.impl.SourcesImpl$artProfile$1                     : loaded 3 times (x 75B)
Class com.android.build.gradle.internal.res.LinkApplicationAndroidResourcesTask$CreationAction: loaded 3 times (x 96B)
Class com.android.build.gradle.tasks.ProcessApplicationManifest$CreationAction$handleProvider$1: loaded 3 times (x 127B)
Class com.android.build.gradle.internal.HostTestTaskManager$createTopLevelTasksCore$2 : loaded 3 times (x 75B)
Class com.android.build.api.instrumentation.FramesComputationMode                     : loaded 3 times (x 79B)
Class com.android.build.api.variant.DependenciesInfo                                  : loaded 3 times (x 70B)
Class com.android.build.gradle.internal.VariantManager$getFlavorSelection$2           : loaded 3 times (x 79B)
Class com.android.build.api.variant.impl.GlobalVariantBuilderConfigImpl               : loaded 3 times (x 76B)
Class com.android.build.gradle.internal.plugins.DslContainerProvider$lock$6           : loaded 3 times (x 75B)
Class org.jetbrains.kotlin.gradle.plugin.diagnostics.KotlinToolingDiagnostics$JsEnvironmentNotChosenExplicitly: loaded 3 times (x 73B)
Class org.jetbrains.kotlin.gradle.targets.native.internal.SetupKotlinNativePlatformDependenciesAndStdlibKt$special$$inlined$KotlinCompilationSideEffectCoroutine$1: loaded 3 times (x 74B)
Class org.jetbrains.kotlin.gradle.plugin.ProjectLocalConfigurations$ProjectLocalCompatibility: loaded 3 times (x 76B)
Class org.jetbrains.kotlin.gradle.dsl.KotlinJvmCompilerOptions                        : loaded 3 times (x 70B)
Class org.jetbrains.kotlin.gradle.plugin.internal.DefaultProjectIsolationStartParameterAccessor$Factory: loaded 3 times (x 76B)
Class com.android.build.gradle.internal.lint.AndroidLintGlobalTask$LintFixCreationAction$Companion: loaded 3 times (x 71B)
Class com.android.build.api.artifact.impl.SinglePropertyAdapter                       : loaded 3 times (x 79B)
Class com.android.build.api.dsl.PostProcessing                                        : loaded 3 times (x 70B)
Class com.android.build.api.artifact.impl.TypedStorageProvider                        : loaded 3 times (x 72B)
Class com.android.build.gradle.internal.plugins.BasePlugin$globalConfig$2$1           : loaded 3 times (x 79B)
Class com.android.build.gradle.internal.dsl.VariantDimensionBinaryCompatibilityFixParent: loaded 3 times (x 70B)
Class com.android.build.gradle.internal.services.VersionedSdkLoaderService$versionedSdkLoader$2$1: loaded 3 times (x 75B)
Class com.android.build.gradle.internal.ide.dependencies.LibraryDependencyCacheBuildService$Parameters: loaded 3 times (x 70B)
Class com.google.wireless.android.sdk.stats.GradleBuildMemorySample                   : loaded 3 times (x 202B)
Class com.android.build.gradle.internal.res.Aapt2FromMaven$Companion$create$aapt2Directory$1$1: loaded 3 times (x 74B)
Class com.google.gson.internal.bind.TypeAdapters$23                                   : loaded 3 times (x 75B)
Class com.google.common.collect.ForwardingMap                                         : loaded 3 times (x 132B)
Class com.google.gson.FieldNamingPolicy$3                                             : loaded 3 times (x 83B)
Class com.android.build.gradle.options.ProjectOptions$OptionValue                     : loaded 3 times (x 72B)
Class com.android.build.api.dsl.ApkExtension                                          : loaded 3 times (x 70B)
Class org.jetbrains.kotlin.gradle.targets.native.KotilnNativeConfigureBinariesSideEffectKt: loaded 3 times (x 71B)
Class com.google.common.base.CharMatcher$JavaIsoControl                               : loaded 3 times (x 112B)
Class org.jetbrains.kotlin.gradle.dsl.IosSourceSetConventionChecker$runChecks$1       : loaded 3 times (x 88B)
Class org.jetbrains.kotlin.metadata.ProtoBuf$EnumEntry$1                              : loaded 3 times (x 144B)
Class org.jetbrains.kotlin.metadata.ProtoBuf$Type$Argument$Projection                 : loaded 3 times (x 82B)
Class org.jetbrains.org.objectweb.asm.tree.InvokeDynamicInsnNode                      : loaded 3 times (x 78B)
Class kotlin.collections.MapsKt___MapsKt                                              : loaded 3 times (x 71B)
Class kotlin.io.FilesKt                                                               : loaded 3 times (x 71B)
Class kotlin.collections.ArraysKt___ArraysKt                                          : loaded 3 times (x 71B)
Class com.android.build.gradle.internal.utils.KgpUtils                                : loaded 3 times (x 71B)
Class com.android.build.gradle.internal.variant.DimensionCombinationImpl              : loaded 3 times (x 76B)
Class com.google.wireless.android.sdk.stats.RenderSecurityManagerEvent                : loaded 3 times (x 198B)
Class com.google.wireless.android.sdk.stats.JniInspectionEventOrBuilder               : loaded 3 times (x 70B)
Class com.google.wireless.android.sdk.stats.DeviceTestSpanProfile                     : loaded 3 times (x 224B)
Class com.google.wireless.android.sdk.stats.TestRunOrBuilder                          : loaded 3 times (x 70B)
Class com.android.tools.analytics.TestSupportLibraries$setters$1$34                   : loaded 3 times (x 125B)
Class org.jetbrains.kotlin.daemon.common.ReportSeverity$Companion                     : loaded 3 times (x 71B)
Class org.jetbrains.kotlin.daemon.common.DaemonWithMetadata                           : loaded 3 times (x 72B)
Class org.jetbrains.kotlin.daemon.common.LoopbackNetworkInterface$AbstractClientLoopbackSocketFactory: loaded 3 times (x 72B)
Class org.jetbrains.kotlin.gradle.tasks.CompilerPluginOptionsKt                       : loaded 3 times (x 71B)
Class org.jetbrains.kotlin.buildtools.api.SourcesChanges                              : loaded 3 times (x 70B)
Class com.android.build.gradle.internal.lint.ProjectInputs                            : loaded 3 times (x 89B)
Class com.sun.xml.bind.v2.runtime.reflect.PrimitiveArrayListerBoolean                 : loaded 3 times (x 76B)
Class com.sun.xml.bind.v2.runtime.property.Property                                   : loaded 3 times (x 70B)
Class com.android.sdklib.repository.generated.sysimg.v3.SysImgDetailsType             : loaded 3 times (x 136B)
Class com.android.repository.api.RepositorySource                                     : loaded 3 times (x 70B)
Class com.sun.xml.bind.v2.model.impl.ClassInfoImpl$1                                  : loaded 3 times (x 71B)
Class com.sun.xml.bind.v2.runtime.reflect.Accessor$GetterOnlyReflection               : loaded 3 times (x 85B)
Class javax.xml.bind.annotation.XmlMixed                                              : loaded 3 times (x 70B)
Class com.sun.xml.bind.v2.model.nav.ReflectionNavigator                               : loaded 3 times (x 123B)
Class com.sun.xml.bind.v2.model.annotation.AnnotationReader                           : loaded 3 times (x 70B)
Class com.android.repository.impl.generated.v1.LicenseType                            : loaded 3 times (x 87B)
Class com.android.sdklib.repository.generated.common.v1.LibraryType                   : loaded 3 times (x 90B)
Class com.android.sdklib.repository.meta.DetailsTypes$AddonDetailsType                : loaded 3 times (x 70B)
Class com.android.sdklib.repository.legacy.remote.internal.DownloadCache              : loaded 3 times (x 77B)
Class com.android.build.gradle.internal.scope.InternalArtifactType$PUBLIC_RES         : loaded 3 times (x 74B)
Class com.android.build.gradle.internal.publishing.PublishingSpecs$Companion$1        : loaded 3 times (x 78B)
Class org.jetbrains.kotlin.gradle.plugin.sources.android.KotlinAndroidSourceSetNaming$DefaultImpls: loaded 3 times (x 71B)
Class com.android.build.api.variant.impl.JniLibsTestedApkPackagingImpl$testOnly$1     : loaded 3 times (x 75B)
Class com.android.build.gradle.internal.tasks.CompressAssetsTask$CreationAction$handleProvider$1: loaded 3 times (x 127B)
Class com.android.build.api.component.impl.features.AndroidResourcesCreationConfigImpl$pseudoLocalesEnabled$2: loaded 3 times (x 79B)
Class com.android.build.gradle.tasks.ProcessMultiApkApplicationManifest$CreationAction: loaded 3 times (x 90B)
Class com.android.build.gradle.tasks.ProcessApplicationManifest$CreationAction$handleProvider$2: loaded 3 times (x 127B)
Class com.android.build.gradle.internal.tasks.PrepareLintJarForPublish                : loaded 3 times (x 329B)
Class com.android.build.gradle.internal.VariantTaskManager$Companion                  : loaded 3 times (x 71B)
Class com.android.build.api.variant.VariantOutputConfiguration                        : loaded 3 times (x 70B)
Class com.android.build.gradle.internal.core.dsl.impl.ApplicationVariantDslInfoImpl$versionCode$2: loaded 3 times (x 79B)
Class com.google.devtools.ksp.gradle.KspConfigurations$1                              : loaded 3 times (x 79B)
Class org.jetbrains.kotlin.konan.target.HostManager$Companion$targetAliases$2         : loaded 3 times (x 78B)
Class org.jetbrains.kotlin.gradle.plugin.KotlinPluginLifecycleImpl$launch$1           : loaded 3 times (x 79B)
Class org.jetbrains.kotlin.gradle.utils.Completable                                   : loaded 3 times (x 72B)
Class org.jetbrains.kotlin.gradle.plugin.DefaultKotlinBasePlugin$addKotlinCompilerConfiguration$2$1: loaded 3 times (x 75B)
Class org.jetbrains.kotlin.gradle.plugin.statistics.KotlinBuildStatsServicesRegistry$Companion: loaded 3 times (x 71B)
Class org.jetbrains.kotlin.gradle.targets.js.nodejs.DefaultUnameExecutorVariantFactory: loaded 3 times (x 76B)
Class org.jetbrains.kotlin.gradle.plugin.internal.DefaultCompatibilityConventionRegistrar$Factory: loaded 3 times (x 76B)
Class com.android.build.gradle.internal.tasks.ExtractProguardFiles$CreationAction$handleProvider$1: loaded 3 times (x 127B)
Class com.android.build.gradle.internal.dsl.SdkComponentsImpl$ndkDirectory$2          : loaded 3 times (x 79B)
Class com.android.build.gradle.internal.dsl.Splits$AgpDecorated_Decorated             : loaded 3 times (x 141B)
Class com.android.build.api.dsl.FailureRetention                                      : loaded 3 times (x 70B)
Class com.android.repository.Revision$Precision                                       : loaded 3 times (x 79B)
Class com.android.build.api.dsl.ConfigurableFiles                                     : loaded 3 times (x 70B)
Class com.android.builder.internal.StringCachingService                               : loaded 3 times (x 70B)
Class com.google.protobuf.Internal$EnumLiteMap                                        : loaded 3 times (x 70B)
Class com.google.wireless.android.sdk.stats.GradleBuildMemorySample$1                 : loaded 3 times (x 151B)
Class com.android.build.gradle.internal.res.Aapt2FromMaven$Companion$Aapt2Version$BUILD_NUMBER$2: loaded 3 times (x 78B)
Class com.google.gson.internal.bind.TypeAdapters$34$1                                 : loaded 3 times (x 74B)
Class com.google.gson.internal.bind.TypeAdapters$24                                   : loaded 3 times (x 75B)
Class com.google.gson.FieldNamingPolicy$4                                             : loaded 3 times (x 83B)
Class [Lcom.android.build.gradle.internal.errors.DeprecationReporter$DeprecationTarget;: loaded 3 times (x 69B)
Class com.android.build.gradle.options.FeatureStage$Experimental                      : loaded 3 times (x 72B)
Class org.jetbrains.kotlin.gradle.plugin.diagnostics.checkers.MissingNativeStdlibChecker: loaded 3 times (x 74B)
Class com.android.build.api.dsl.ApplicationInstallation                               : loaded 3 times (x 70B)
Class com.android.build.gradle.internal.services.ProjectServices                      : loaded 3 times (x 72B)
Class com.google.common.base.CharMatcher$JavaLowerCase                                : loaded 3 times (x 111B)
Class org.jetbrains.kotlin.gradle.targets.js.npm.NpmDependencyExtensionKt$defaultNpmDependencyDelegate$1: loaded 3 times (x 167B)
Class org.jetbrains.kotlin.metadata.jvm.JvmProtoBuf$JvmPropertySignature$Builder      : loaded 3 times (x 141B)
Class org.jetbrains.kotlin.gradle.plugin.KotlinPluginLifecycleImpl$launch$coroutine$1 : loaded 3 times (x 76B)
Class kotlin.collections.MapsKt__MapWithDefaultKt                                     : loaded 3 times (x 71B)
Class com.android.build.gradle.internal.dsl.ModulePropertyKey$BooleanWithDefault$Companion: loaded 3 times (x 71B)
Class [Lcom.google.wireless.android.sdk.stats.ProductDetails$CpuArchitecture;         : loaded 3 times (x 69B)
Class com.google.wireless.android.sdk.stats.GradleVersionCatalogDetectorEvent         : loaded 3 times (x 194B)
Class com.google.wireless.android.sdk.stats.WhatsNewAssistantUpdateEvent              : loaded 3 times (x 212B)
Class com.google.wireless.android.sdk.stats.NonTransitiveRClassMigrationEventOrBuilder: loaded 3 times (x 70B)
Class com.android.tools.analytics.TestSupportLibraries$setters$1$35                   : loaded 3 times (x 125B)
Class com.android.build.gradle.internal.profile.AnalyticsService$Params$Inject_       : loaded 3 times (x 120B)
Class org.jetbrains.kotlin.gradle.plugin.FilesSubpluginOption$2                       : loaded 3 times (x 79B)
Class com.android.tools.utp.plugins.result.listener.gradle.proto.GradleAndroidTestResultListenerProto$TestResultEventOrBuilder: loaded 3 times (x 70B)
Class com.android.build.gradle.internal.res.ParseLibraryResourcesTask_Decorated       : loaded 3 times (x 391B)
Class org.jetbrains.kotlin.gradle.tasks.DefaultKotlinJavaToolchain$DefaultJdkSetter   : loaded 3 times (x 76B)
Class org.jetbrains.kotlin.gradle.internal.KotlinDomApiDependencyManagementKt         : loaded 3 times (x 71B)
Class com.android.build.gradle.internal.ide.dependencies.BuildIdentifierMethods       : loaded 3 times (x 71B)
Class com.sun.xml.bind.v2.model.impl.PropertyInfoImpl$1                               : loaded 3 times (x 71B)
Class javax.xml.bind.annotation.XmlInlineBinaryData                                   : loaded 3 times (x 70B)
Class com.sun.xml.bind.v2.runtime.Location                                            : loaded 3 times (x 70B)
Class javax.xml.bind.JAXBContextFactory                                               : loaded 3 times (x 70B)
Class com.android.build.gradle.internal.SystemPropertiesFactory                       : loaded 3 times (x 71B)
Class org.jetbrains.kotlin.gradle.plugin.KotlinPluginLifecycleKt$awaitFinalValue$1    : loaded 3 times (x 88B)
Class com.android.build.gradle.internal.scope.InternalArtifactType$DATA_BINDING_ARTIFACT: loaded 3 times (x 74B)
Class com.android.build.gradle.internal.publishing.PublishingSpecs$Companion$2        : loaded 3 times (x 78B)
Class com.android.build.gradle.internal.dependency.ClassesDirToClassesTransform$Inject_1: loaded 3 times (x 109B)
Class com.android.build.gradle.internal.services.Aapt2Input                           : loaded 3 times (x 70B)
Class com.android.build.gradle.internal.SdkLocationSourceSet                          : loaded 3 times (x 72B)
Class com.android.build.gradle.internal.scope.InternalArtifactType$ANDROID_TEST_LINT_PARTIAL_RESULTS: loaded 3 times (x 74B)
Class com.android.build.api.variant.impl.SigningConfigImpl$storeType$1                : loaded 3 times (x 75B)
Class com.android.build.gradle.tasks.ProcessApplicationManifest$CreationAction$handleProvider$3: loaded 3 times (x 127B)
Class com.android.build.gradle.internal.scope.InternalArtifactType$APK_IDE_MODEL      : loaded 3 times (x 74B)
Class com.android.build.gradle.internal.ScreenshotTestTaskManager                     : loaded 3 times (x 81B)
Class com.google.gson.internal.LinkedTreeMap$EntrySet$1                               : loaded 3 times (x 81B)
Class com.android.build.api.component.impl.HostTestImpl$androidResourcesCreationConfig$2: loaded 3 times (x 79B)
Class com.android.build.gradle.internal.variant.TestVariantData                       : loaded 3 times (x 72B)
Class com.android.build.gradle.internal.scope.MutableTaskContainer                    : loaded 3 times (x 96B)
Class com.android.build.api.attributes.AgpVersionAttr$Companion                       : loaded 3 times (x 71B)
Class com.android.build.api.variant.impl.DeviceTestBuilderImpl$Companion              : loaded 3 times (x 71B)
Class com.android.build.gradle.internal.core.MergedOptimization                       : loaded 3 times (x 76B)
Class com.android.build.gradle.internal.core.dsl.impl.ComponentDslInfoImpl            : loaded 3 times (x 118B)
Class com.android.build.gradle.internal.manifest.ManifestValueSource$Params           : loaded 3 times (x 70B)
Class com.google.devtools.ksp.gradle.KspConfigurations$2                              : loaded 3 times (x 79B)
Class org.jetbrains.kotlin.gradle.plugin.diagnostics.checkers.IncorrectCompileOnlyDependenciesChecker$runChecks$1: loaded 3 times (x 88B)
Class org.jetbrains.kotlin.gradle.plugin.mpp.KotlinOnlyTarget                         : loaded 3 times (x 157B)
Class org.jetbrains.kotlin.gradle.targets.js.npm.BaseNpmDependencyExtension           : loaded 3 times (x 70B)
Class org.jetbrains.kotlin.gradle.dsl.KotlinVersion$Companion                         : loaded 3 times (x 71B)
Class org.jetbrains.kotlin.gradle.InternalKotlinGradlePluginApi                       : loaded 3 times (x 70B)
Class org.jetbrains.kotlin.gradle.dsl.DefaultToolchainSupport                         : loaded 3 times (x 76B)
Class org.jetbrains.kotlin.gradle.plugin.VariantImplementationFactories$Inject_       : loaded 3 times (x 106B)
Class org.jetbrains.kotlin.gradle.plugin.internal.CustomPropertiesFileValueSource     : loaded 3 times (x 82B)
Class com.android.build.gradle.internal.services.VariantBuilderServicesImpl           : loaded 3 times (x 89B)
Class com.android.build.gradle.internal.dsl.BundleOptionsDensity$AgpDecorated_Decorated: loaded 3 times (x 125B)
Class com.android.build.gradle.internal.dsl.AdbOptions                                : loaded 3 times (x 92B)
Class com.android.build.api.artifact.ArtifactKind                                     : loaded 3 times (x 72B)
Class com.android.build.gradle.internal.dsl.PackagingOptions                          : loaded 3 times (x 111B)
Class com.android.build.api.dsl.JavaCompileOptions                                    : loaded 3 times (x 70B)
Class com.android.build.gradle.internal.dsl.BundleOptionsTexture                      : loaded 3 times (x 81B)
Class org.bouncycastle.operator.OperatorCreationException                             : loaded 3 times (x 82B)
Class com.android.build.gradle.internal.plugins.BasePlugin$versionedSdkLoaderService$2$1: loaded 3 times (x 79B)
Class [Lcom.android.prefs.VariableType;                                               : loaded 3 times (x 69B)
Class com.android.build.gradle.internal.attributes.VariantAttr                        : loaded 3 times (x 70B)
Class com.google.protobuf.LazyStringList                                              : loaded 3 times (x 70B)
Class com.google.gson.internal.bind.TypeAdapters$25                                   : loaded 3 times (x 75B)
Class com.google.gson.FieldNamingPolicy$5                                             : loaded 3 times (x 83B)
Class com.android.utils.Environment$Companion                                         : loaded 3 times (x 71B)
Class com.android.build.gradle.internal.plugins.VersionCheckPlugin$apply$1            : loaded 3 times (x 79B)
Class com.google.gson.internal.UnsafeAllocator$1                                      : loaded 3 times (x 73B)
Class org.gradle.internal.IoActions                                                   : loaded 3 times (x 71B)
Class com.android.build.gradle.internal.scope.InternalArtifactType$METADATA_FEATURE_MANIFEST: loaded 3 times (x 74B)
Class com.android.build.gradle.internal.res.LinkApplicationAndroidResourcesTask       : loaded 3 times (x 368B)
Class com.android.build.gradle.tasks.ProcessPackagedManifestTask$CreationAction$handleProvider$2: loaded 3 times (x 127B)
Class org.jetbrains.kotlin.metadata.ProtoBuf$VersionRequirementTable$1                : loaded 3 times (x 144B)
Class org.jetbrains.kotlin.metadata.ProtoBuf$Contract                                 : loaded 3 times (x 107B)
Class com.android.build.api.variant.impl.JniLibsPackagingImpl$pickFirsts$1            : loaded 3 times (x 75B)
Class kotlin.collections.CollectionsKt__MutableCollectionsJVMKt                       : loaded 3 times (x 71B)
Class kotlin.text.StringsKt___StringsKt                                               : loaded 3 times (x 71B)
Class com.android.build.gradle.internal.scope.InternalArtifactType$GENERATED_PROGUARD_FILE: loaded 3 times (x 74B)
Class com.android.builder.utils.ExceptionFunction                                     : loaded 3 times (x 70B)
Class com.android.build.gradle.internal.tasks.UninstallTask                           : loaded 3 times (x 338B)
Class com.android.build.gradle.internal.tasks.BundleToStandaloneApkTask               : loaded 3 times (x 336B)
Class com.google.wireless.android.sdk.stats.WearHealthServicesEvent                   : loaded 3 times (x 194B)
Class com.google.wireless.android.sdk.stats.OomDialogEvent                            : loaded 3 times (x 210B)
Class com.google.wireless.android.sdk.stats.GradleBuildDetailsOrBuilder               : loaded 3 times (x 70B)
Class com.google.wireless.android.sdk.stats.DeviceTestSpanProfileOrBuilder            : loaded 3 times (x 70B)
Class com.android.tools.analytics.TestSupportLibraries$setters$1$36                   : loaded 3 times (x 125B)
Class org.jetbrains.kotlin.gradle.tasks.TasksUtilsKt$WhenMappings                     : loaded 3 times (x 71B)
Class org.jetbrains.kotlin.cli.common.messages.GradleStyleMessageRenderer$WhenMappings: loaded 3 times (x 71B)
Class com.android.build.gradle.internal.DependencyResourcesComputer                   : loaded 3 times (x 79B)
Class org.jetbrains.kotlin.gradle.tasks.TaskOutputsBackup                             : loaded 3 times (x 72B)
Class com.android.build.gradle.internal.ide.Utils                                     : loaded 3 times (x 71B)
Class com.sun.xml.bind.v2.runtime.JaxBeanInfo$1                                       : loaded 3 times (x 77B)
Class javax.xml.bind.ValidationEvent                                                  : loaded 3 times (x 70B)
Class com.sun.xml.bind.v2.model.impl.Utils                                            : loaded 3 times (x 71B)
Class com.android.repository.api.Channel                                              : loaded 3 times (x 81B)
Class com.android.sdklib.repository.meta.Library                                      : loaded 3 times (x 89B)
Class com.android.sdklib.repository.generated.sysimg.v4.ObjectFactory                 : loaded 3 times (x 75B)
Class com.android.build.gradle.internal.PlatformToolsComponents$Companion$build$fileExists$1: loaded 3 times (x 75B)
Class com.android.build.gradle.internal.SdkComponentsBuildService$VersionedSdkLoader$coreForSystemModulesProvider$1: loaded 3 times (x 75B)
Class org.jetbrains.kotlin.gradle.plugin.cocoapods.KotlinCocoapodsPlugin              : loaded 3 times (x 76B)
Class com.android.build.api.variant.impl.FlatSourceDirectoriesImpl$getAsFileTreesForOldVariantAPI$1: loaded 3 times (x 75B)
Class com.android.build.gradle.internal.publishing.PublishingSpecs$Companion$3        : loaded 3 times (x 78B)
Class com.android.build.gradle.internal.scope.InternalArtifactType$FEATURE_NAME       : loaded 3 times (x 74B)
Class org.jetbrains.kotlin.gradle.internal.CompilerOptionsDslHelpersKt                : loaded 3 times (x 71B)
Class org.jetbrains.kotlin.gradle.internal.transforms.BuildToolsApiClasspathEntrySnapshotTransform$Inject_1: loaded 3 times (x 113B)
Class org.jetbrains.kotlin.gradle.internal.ClassLoadersCachingBuildService$Companion$registerIfAbsent$1$1$1: loaded 3 times (x 75B)
Class com.android.build.gradle.internal.dependency.DexingOutputSplitTransform$DexOutput: loaded 3 times (x 79B)
Class com.android.build.gradle.internal.dependency.LibrarySymbolTableTransform$Inject_1: loaded 3 times (x 109B)
Class com.android.build.gradle.internal.NdkHandlerInput                               : loaded 3 times (x 73B)
Class com.android.build.gradle.internal.scope.InternalArtifactType$CODE_COVERAGE      : loaded 3 times (x 74B)
Class com.android.build.api.artifact.SingleArtifact$OBFUSCATION_MAPPING_FILE          : loaded 3 times (x 74B)
Class com.android.build.gradle.internal.res.ConvertShrunkResourcesToBinaryTask$CreationAction: loaded 3 times (x 91B)
Class com.android.build.gradle.internal.scope.InternalArtifactType$AAPT_PROGUARD_FILE : loaded 3 times (x 74B)
Class com.android.build.gradle.internal.scope.InternalArtifactType$NATIVE_SYMBOL_TABLES: loaded 3 times (x 74B)
Class [Lcom.android.build.gradle.internal.scope.Java8LangSupport;                     : loaded 3 times (x 69B)
Class [Lcom.android.ide.common.gradle.Separator;                                      : loaded 3 times (x 69B)
Class com.android.build.gradle.internal.tasks.MergeGeneratedProguardFilesCreationAction$Companion: loaded 3 times (x 71B)
Class com.android.build.api.variant.impl.FileBasedDirectoryEntryImpl                  : loaded 3 times (x 84B)
Class com.android.build.gradle.internal.component.KmpComponentCreationConfig          : loaded 3 times (x 70B)
Class com.android.build.gradle.tasks.ProcessApplicationManifest$CreationAction$handleProvider$4: loaded 3 times (x 74B)
Class com.android.build.gradle.tasks.ProcessApplicationManifest                       : loaded 3 times (x 357B)
Class com.android.build.gradle.internal.scope.AndroidTestBuildFeatureValuesImpl       : loaded 3 times (x 100B)
Class org.jetbrains.kotlin.gradle.internal.StdlibDependencyManagementKt$configureStdlibVersionAlignment$1$1: loaded 3 times (x 75B)
Class org.jetbrains.kotlin.gradle.dsl.KotlinProjectExtension$awaitSourceSets$1        : loaded 3 times (x 88B)
Class org.jetbrains.kotlin.konan.target.Family                                        : loaded 3 times (x 79B)
Class org.jetbrains.kotlin.gradle.plugin.KotlinPluginLifecycle$CoroutineStart         : loaded 3 times (x 79B)
Class org.jetbrains.kotlin.gradle.plugin.internal.DefaultIdeaSyncDetector             : loaded 3 times (x 75B)
Class org.jetbrains.kotlin.gradle.tasks.TasksProviderKt$sam$org_gradle_api_Action$0   : loaded 3 times (x 75B)
Class org.jetbrains.kotlin.gradle.tooling.BuildKotlinToolingMetadataTask$FromKotlinExtension: loaded 3 times (x 322B)
Class org.jetbrains.kotlin.gradle.utils.FailuresKt                                    : loaded 3 times (x 71B)
Class org.jetbrains.kotlin.gradle.targets.native.internal.CInteropConfigurationsKt$special$$inlined$KotlinTargetSideEffect$1: loaded 3 times (x 74B)
Class org.jetbrains.kotlin.gradle.plugin.KotlinGradleBuildServices$Inject_            : loaded 3 times (x 100B)
Class org.jetbrains.kotlin.gradle.targets.native.toolchain.KotlinNativeBundleArtifactFormat: loaded 3 times (x 71B)
Class org.jetbrains.kotlin.gradle.internal.properties.NativePropertiesLoader$konanDataDirProperty$1: loaded 3 times (x 75B)
Class org.jetbrains.kotlin.gradle.plugin.statistics.BuildFusService$Parameters_Decorated: loaded 3 times (x 139B)
Class org.jetbrains.kotlin.gradle.plugin.VariantImplementationFactoriesConfigurator$Inject_: loaded 3 times (x 96B)
Class com.android.build.gradle.internal.plugins.BasePlugin$variantManager$2$1         : loaded 3 times (x 79B)
Class com.android.build.gradle.internal.dsl.PostProcessingBlock_Decorated             : loaded 3 times (x 169B)
Class com.android.builder.model.CodeShrinker                                          : loaded 3 times (x 79B)
Class com.android.build.gradle.internal.tasks.factory.GlobalTaskCreationConfigImpl$Companion: loaded 3 times (x 71B)
Class com.android.build.api.dsl.UnitTestOptions                                       : loaded 3 times (x 70B)
Class com.android.builder.core.ToolsRevisionUtils                                     : loaded 3 times (x 71B)
Class com.android.build.gradle.internal.tasks.ProguardConfigurableTask$CreationAction$handleProvider$1: loaded 3 times (x 127B)
Class com.android.builder.model.BaseConfig                                            : loaded 3 times (x 70B)
Class com.android.build.gradle.internal.dsl.AndroidSourceSetFactory                   : loaded 3 times (x 77B)
Class [Lcom.google.wireless.android.sdk.stats.GradleBuildVariant$VariantType;         : loaded 3 times (x 69B)
Class com.android.prefs.QueryResult                                                   : loaded 3 times (x 84B)
Class com.android.tools.analytics.HostData$runtimeBean$2                              : loaded 3 times (x 78B)
Class com.google.protobuf.GeneratedMessageV3$Builder                                  : loaded 3 times (x 276B)
Class com.google.gson.internal.bind.ArrayTypeAdapter                                  : loaded 3 times (x 74B)
Class com.google.gson.internal.bind.TypeAdapters$26                                   : loaded 3 times (x 75B)
Class com.google.gson.FieldNamingPolicy$6                                             : loaded 3 times (x 83B)
Class com.android.build.gradle.options.ApiStage$Removed                               : loaded 3 times (x 72B)
Class com.android.build.gradle.internal.plugins.BasePlugin$apply$1                    : loaded 3 times (x 75B)
Class com.google.common.base.Splitter$1$1                                             : loaded 3 times (x 86B)
Class com.android.build.gradle.internal.dependency.SubtractingArtifactCollection$SubtractingArtifactResult$initFileCollection$1: loaded 3 times (x 75B)
Class com.android.build.gradle.internal.services.UsesAapt2ThreadPoolBuildService      : loaded 3 times (x 70B)
Class com.android.build.gradle.internal.tasks.factory.features.DexingTaskCreationActionImpl: loaded 3 times (x 75B)
Class org.jetbrains.kotlin.descriptors.Visibilities$Local                             : loaded 3 times (x 79B)
Class org.jetbrains.kotlin.metadata.jvm.deserialization.JvmNameResolverBase$WhenMappings: loaded 3 times (x 71B)
Class com.android.build.gradle.internal.scope.InternalArtifactType$LINT_VITAL_PARTIAL_RESULTS: loaded 3 times (x 74B)
Class com.android.build.gradle.internal.SdkComponentsBuildService$Environment         : loaded 3 times (x 73B)
Class org.jetbrains.kotlin.protobuf.WireFormat                                        : loaded 3 times (x 71B)
Class org.jetbrains.kotlin.metadata.jvm.deserialization.BitEncoding                   : loaded 3 times (x 71B)
Class com.android.build.gradle.internal.publishing.OutputSpecImpl                     : loaded 3 times (x 78B)
Class com.android.build.api.variant.impl.ArtifactMetadataProcessor$Companion$handleFinalizedByForType$1$1$1: loaded 3 times (x 75B)
Class com.google.common.base.VerifyException                                          : loaded 3 times (x 82B)
Class com.android.utils.concurrency.ReadWriteProcessLock$ReadLock                     : loaded 3 times (x 77B)
Class com.google.wireless.android.sdk.stats.ComposeAnimationToolingEvent              : loaded 3 times (x 196B)
Class com.google.wireless.android.sdk.stats.InstantRun                                : loaded 3 times (x 206B)
Class com.google.wireless.android.sdk.stats.SmlAiExcludeEventOrBuilder                : loaded 3 times (x 70B)
Class com.google.wireless.android.sdk.stats.ApkDebugProjectOrBuilder                  : loaded 3 times (x 70B)
Class com.android.tools.analytics.TestSupportLibraries$setters$1$37                   : loaded 3 times (x 125B)
Class com.google.common.collect.SingletonImmutableTable                               : loaded 3 times (x 139B)
Class org.jetbrains.kotlin.cli.common.arguments.InternalArgument                      : loaded 3 times (x 70B)
Class org.jetbrains.kotlin.statistics.BuildSession                                    : loaded 3 times (x 72B)
Class com.android.builder.testing.api.DeviceException                                 : loaded 3 times (x 82B)
Class com.android.ide.common.resources.FileValidity$FileStatus                        : loaded 3 times (x 79B)
Class com.sun.xml.bind.v2.runtime.property.ArrayERProperty$ReceiverImpl               : loaded 3 times (x 75B)
Class [Ljavax.xml.bind.annotation.XmlElement;                                         : loaded 3 times (x 69B)
Class com.sun.xml.bind.v2.runtime.reflect.Utils$1                                     : loaded 3 times (x 77B)
Class javax.xml.bind.annotation.XmlAccessType                                         : loaded 3 times (x 79B)
Class javax.xml.bind.annotation.XmlType                                               : loaded 3 times (x 70B)
Class com.sun.xml.bind.v2.model.annotation.XmlEnumQuick                               : loaded 3 times (x 91B)
Class com.sun.xml.bind.v2.model.annotation.RuntimeInlineAnnotationReader              : loaded 3 times (x 106B)
Class org.jetbrains.kotlin.gradle.plugin.sources.FragmentConsistencyChecks$languageVersionCheck$1$1: loaded 3 times (x 79B)
Class org.jetbrains.kotlin.gradle.internal.Kapt3KotlinGradleSubpluginKt               : loaded 3 times (x 71B)
Class com.android.build.gradle.internal.publishing.PublishingSpecs$Companion$4        : loaded 3 times (x 78B)
Class org.jetbrains.kotlin.gradle.dsl.KotlinJvmCompile                                : loaded 3 times (x 70B)
Class com.android.build.gradle.tasks.AidlCompile                                      : loaded 3 times (x 338B)
Class com.android.build.gradle.tasks.GenerateBuildConfig                              : loaded 3 times (x 346B)
Class com.android.build.gradle.internal.dependency.RecalculateStackFramesTransform$Companion$registerRecalculateStackFramesTransform$1$1: loaded 3 times (x 75B)
Class com.android.build.gradle.internal.dependency.RecalculateStackFramesTransform    : loaded 3 times (x 79B)
Class com.android.build.gradle.internal.testing.utp.UtpDependency$1                   : loaded 3 times (x 127B)
Class com.android.build.gradle.internal.lint.AndroidLintAnalysisTask$Companion$registerOutputArtifacts$1: loaded 3 times (x 127B)
Class com.android.build.api.artifact.SingleArtifact$BUNDLE                            : loaded 3 times (x 74B)
Class com.android.build.gradle.internal.tasks.ApplicationTaskManager$doCreateTasksForVariant$d8DexStartupOptimizationEnabled$1: loaded 3 times (x 74B)
Class com.android.build.gradle.internal.scope.InternalArtifactType$DEX_METADATA_DIRECTORY: loaded 3 times (x 74B)
Class com.android.build.gradle.internal.scope.InternalArtifactType$ANNOTATION_PROCESSOR_LIST: loaded 3 times (x 74B)
Class com.android.build.gradle.tasks.GenerateManifestJarTask$CreationAction           : loaded 3 times (x 90B)
Class com.google.gson.internal.reflect.ReflectionHelper                               : loaded 3 times (x 71B)
Class com.android.tools.build.jetifier.processor.archive.ArchiveItemVisitor           : loaded 3 times (x 70B)
Class com.android.build.gradle.internal.tasks.ExtractNativeDebugMetadataTask$CreationAction: loaded 3 times (x 91B)
Class com.android.build.gradle.internal.core.dsl.InstrumentedTestComponentDslInfo     : loaded 3 times (x 70B)
Class com.android.build.api.variant.impl.VariantImpl$pseudoLocalesEnabled$2           : loaded 3 times (x 79B)
Class com.android.build.api.component.impl.ComponentImpl$oldVariantApiLegacySupport$2 : loaded 3 times (x 79B)
Class com.android.build.gradle.internal.core.dsl.impl.DslInfoBuilder$Companion        : loaded 3 times (x 71B)
Class org.jetbrains.kotlin.gradle.plugin.mpp.AbstractKotlinNativeCompilation          : loaded 3 times (x 192B)
Class org.jetbrains.kotlin.konan.target.KonanTarget$LINUX_ARM32_HFP                   : loaded 3 times (x 78B)
Class org.jetbrains.kotlin.gradle.internal.Kapt3GradleSubplugin                       : loaded 3 times (x 83B)
Class org.jetbrains.kotlin.gradle.plugin.sources.android.KotlinAndroidSourceSetInfoKt : loaded 3 times (x 71B)
Class org.jetbrains.kotlin.gradle.plugin.sources.android.configurator.AndroidKaptSourceSetConfigurator: loaded 3 times (x 75B)
Class org.jetbrains.kotlin.gradle.plugin.diagnostics.checkers.CInteropInputChecker    : loaded 3 times (x 74B)
Class org.jetbrains.kotlin.gradle.plugin.statistics.FinalizeConfigurationFusMetricActionKt$FinalizeConfigurationFusMetricAction$1: loaded 3 times (x 95B)
Class org.jetbrains.kotlin.gradle.internal.KotlinDependenciesManagementKt$CustomizeKotlinDependenciesSetupAction$1: loaded 3 times (x 74B)
Class org.jetbrains.kotlin.gradle.plugin.KotlinGradlePluginExtensionPointInternal$registeredExtensions$2: loaded 3 times (x 78B)
Class org.jetbrains.kotlin.statistics.metrics.BooleanOverridePolicy$OR                : loaded 3 times (x 85B)
Class org.jetbrains.kotlin.gradle.plugin.UsesVariantImplementationFactories           : loaded 3 times (x 70B)
Class com.android.build.gradle.internal.api.ReadOnlyObjectProvider                    : loaded 3 times (x 76B)
Class com.android.build.gradle.internal.ProguardFileType                              : loaded 3 times (x 79B)
Class com.android.builder.core.LibraryRequest                                         : loaded 3 times (x 72B)
Class com.android.builder.model.VectorDrawablesOptions                                : loaded 3 times (x 70B)
Class org.jetbrains.kotlin.gradle.tasks.CInteropProcess                               : loaded 3 times (x 329B)
Class com.android.build.gradle.internal.dsl.PrivacySandboxKeepRulesImpl               : loaded 3 times (x 88B)
Class com.android.build.gradle.internal.dsl.DefaultConfig                             : loaded 3 times (x 425B)
Class com.android.build.gradle.internal.services.AndroidLocationsBuildService$AndroidDirectoryCreator$Inject_: loaded 3 times (x 111B)
Class com.android.build.gradle.internal.utils.ResolutionResultUtils                   : loaded 3 times (x 71B)
Class com.google.common.base.Enums                                                    : loaded 3 times (x 71B)
Class com.google.gson.internal.bind.TypeAdapters$27                                   : loaded 3 times (x 75B)
Class com.google.gson.FieldNamingPolicy$7                                             : loaded 3 times (x 83B)
Class [Lcom.android.build.gradle.options.BooleanOption;                               : loaded 3 times (x 69B)
Class com.android.sdklib.repository.meta.DetailsTypes$PlatformDetailsType$LayoutlibType: loaded 3 times (x 73B)
Class com.android.build.gradle.internal.services.ServiceRegistrationAction$execute$1  : loaded 3 times (x 75B)
Class [Lcom.google.common.util.concurrent.DirectExecutor;                             : loaded 3 times (x 69B)
Class com.google.common.base.CharMatcher$SingleWidth                                  : loaded 3 times (x 112B)
Class org.gradle.toolchains.foojay.FoojayToolchainsPlugin                             : loaded 3 times (x 76B)
Class com.android.build.gradle.internal.DependencyConfigurator$configureGeneralTransforms$8$1: loaded 3 times (x 74B)
Class com.android.build.gradle.internal.DependencyConfigurator$configureGeneralTransforms$14: loaded 3 times (x 78B)
Class com.android.repository.impl.generated.v1.ObjectFactory                          : loaded 3 times (x 107B)
Class org.jetbrains.kotlin.gradle.plugin.mpp.KotlinCompilationFactory                 : loaded 3 times (x 70B)
Class kotlin.reflect.KAnnotatedElement                                                : loaded 3 times (x 70B)
Class com.sun.xml.bind.v2.model.impl.ArrayInfoImpl                                    : loaded 3 times (x 98B)
Class org.jetbrains.kotlin.incremental.classpathDiff.DirectoryOrJarReader$Companion   : loaded 3 times (x 71B)
Class com.google.wireless.android.sdk.stats.StudioToolWindowActionStats               : loaded 3 times (x 200B)
Class com.google.wireless.android.sdk.stats.MlModelBindingEvent                       : loaded 3 times (x 202B)
Class com.google.wireless.android.sdk.stats.GradleBuildDetails                        : loaded 3 times (x 232B)
Class com.android.tools.analytics.TestSupportLibraries$setters$1$38                   : loaded 3 times (x 125B)
Class org.jetbrains.kotlin.daemon.common.IncrementalCompilationOptions$Companion      : loaded 3 times (x 71B)
Class org.jetbrains.kotlin.cli.common.ExitCode                                        : loaded 3 times (x 79B)
Class org.jetbrains.kotlin.daemon.common.FileAgeComparator                            : loaded 3 times (x 89B)
Class org.jetbrains.kotlin.daemon.common.DaemonJVMOptions$restMapper$1                : loaded 3 times (x 137B)
Class org.jetbrains.kotlin.compilerRunner.ArgumentsToStrings                          : loaded 3 times (x 71B)
Class org.jetbrains.kotlin.gradle.utils.CompilerArgsUtilsKt                           : loaded 3 times (x 71B)
Class org.jetbrains.kotlin.gradle.tasks.CacheableTasksKt$cacheOnlyIfEnabledForKotlin$1$1: loaded 3 times (x 74B)
Class com.android.build.gradle.internal.dependency.JdkImageTransform                  : loaded 3 times (x 79B)
Class com.sun.xml.bind.v2.runtime.Utils$1                                             : loaded 3 times (x 77B)
Class com.sun.xml.bind.v2.runtime.reflect.PrimitiveArrayListerFloat                   : loaded 3 times (x 76B)
Class com.sun.xml.bind.v2.util.FlattenIterator                                        : loaded 3 times (x 79B)
Class com.sun.xml.bind.v2.model.impl.RuntimeElementInfoImpl$RuntimePropertyImpl       : loaded 3 times (x 160B)
Class com.sun.xml.bind.v2.model.runtime.RuntimePropertyInfo                           : loaded 3 times (x 70B)
Class com.sun.xml.bind.v2.model.annotation.XmlElementRefsQuick                        : loaded 3 times (x 91B)
Class javax.xml.bind.annotation.XmlElementRef                                         : loaded 3 times (x 70B)
Class com.android.repository.impl.generated.v1.ArchivesType                           : loaded 3 times (x 75B)
Class com.android.sdklib.BuildToolInfo                                                : loaded 3 times (x 76B)
Class com.android.build.gradle.internal.EnvironmentVariablesPropertiesFactory         : loaded 3 times (x 71B)
Class com.google.devtools.ksp.gradle.KspTaskJvm                                       : loaded 3 times (x 512B)
Class com.android.build.gradle.internal.publishing.PublishingSpecs$Companion$5        : loaded 3 times (x 78B)
Class com.android.build.gradle.internal.publishing.LibraryVariantSpecBuilder          : loaded 3 times (x 90B)
Class org.jetbrains.kotlin.gradle.tasks.configuration.BaseKotlinCompileConfig$1$1     : loaded 3 times (x 74B)
Class org.jetbrains.kotlin.gradle.plugin.mpp.KotlinJvmAndroidCompilationFactory$WhenMappings: loaded 3 times (x 71B)
Class org.jetbrains.kotlin.gradle.plugin.mpp.compilationImpl.factory.KotlinCompilationImplFactory$PostConfigure: loaded 3 times (x 70B)
Class org.jetbrains.kotlin.gradle.plugin.mpp.compilationImpl.factory.DefaultKotlinCompilationDependencyConfigurationsFactory$WithRuntime$1: loaded 3 times (x 78B)
Class com.android.build.gradle.internal.dependency.RecalculateStackFramesTransform$Companion$registerRecalculateStackFramesTransform$1$2: loaded 3 times (x 77B)
Class com.android.build.gradle.internal.dependency.DexingRegistration                 : loaded 3 times (x 71B)
Class com.android.build.gradle.internal.dependency.ExtractProGuardRulesTransform$Companion: loaded 3 times (x 71B)
Class com.android.build.gradle.internal.SdkComponentsBuildService$VersionedNdkHandler : loaded 3 times (x 72B)
Class com.android.build.gradle.internal.testing.utp.UtpDependency$2                   : loaded 3 times (x 127B)
Class com.android.build.gradle.internal.tasks.ApplicationTaskManager$createDynamicBundleTask$1: loaded 3 times (x 75B)
Class com.android.build.api.variant.impl.SourcesImpl$manifestFile$1                   : loaded 3 times (x 75B)
Class com.android.build.gradle.internal.scope.InternalArtifactType$MERGED_RES_BLAME_FOLDER: loaded 3 times (x 74B)
Class com.android.build.gradle.internal.AndroidTestTaskManager                        : loaded 3 times (x 81B)
Class com.android.build.gradle.internal.core.dsl.impl.HostTestComponentDslInfoImpl$namespace$2: loaded 3 times (x 79B)
Class com.android.build.api.variant.TestFixtures                                      : loaded 3 times (x 70B)
Class com.android.build.api.variant.DeviceTest                                        : loaded 3 times (x 70B)
Class com.android.build.gradle.internal.core.dsl.impl.ConsumableComponentDslInfoImpl$renderscriptDslInfo$2: loaded 3 times (x 79B)
Class org.jetbrains.kotlin.gradle.utils.KotlinExtensionUtilsKt                        : loaded 3 times (x 71B)
Class [Lorg.jetbrains.kotlin.konan.util.Named;                                        : loaded 3 times (x 69B)
Class org.jetbrains.kotlin.gradle.plugin.diagnostics.checkers.NoKotlinTargetsDeclaredChecker$runChecks$1: loaded 3 times (x 88B)
Class org.jetbrains.kotlin.gradle.plugin.sources.android.KotlinAndroidSourceSetFactory: loaded 3 times (x 72B)
Class org.jetbrains.kotlin.gradle.plugin.sources.android.KotlinAndroidSourceSetLayoutExtensionKt: loaded 3 times (x 71B)
Class org.jetbrains.kotlin.gradle.plugin.mpp.AbstractKotlinTarget$kotlinComponents$2  : loaded 3 times (x 79B)
Class org.jetbrains.kotlin.gradle.plugin.KotlinAndroidPlugin$apply$1                  : loaded 3 times (x 79B)
Class org.jetbrains.kotlin.gradle.plugin.KotlinPlatformType$CompatibilityRule         : loaded 3 times (x 76B)
Class org.jetbrains.kotlin.gradle.internal.properties.NativePropertiesLoader$actualNativeHomeDirectory$1: loaded 3 times (x 75B)
Class org.jetbrains.kotlin.gradle.internal.properties.NativePropertiesKt              : loaded 3 times (x 71B)
Class org.jetbrains.kotlin.gradle.plugin.BuildEventsListenerRegistryHolder            : loaded 3 times (x 72B)
Class [Lorg.jetbrains.kotlin.statistics.metrics.BooleanOverridePolicy;                : loaded 3 times (x 69B)
Class com.android.build.gradle.internal.dsl.SdkComponentsImpl$aidl$2                  : loaded 3 times (x 79B)
Class com.android.build.gradle.internal.dsl.CmakeOptions$AgpDecorated                 : loaded 3 times (x 102B)
Class com.android.build.gradle.internal.dependency.SourceSetManager$createConfigurationsForSourceSet$createKaptConfiguration$1: loaded 3 times (x 79B)
Class com.android.build.gradle.internal.dsl.JavaCompileOptions$AgpDecorated           : loaded 3 times (x 86B)
Class com.android.build.api.dsl.NdkBuildFlags                                         : loaded 3 times (x 70B)
Class com.android.build.gradle.internal.dsl.CoreExternalNativeNdkBuildOptions         : loaded 3 times (x 70B)
Class com.android.build.gradle.internal.dsl.DefaultConfig$AgpDecorated_Decorated      : loaded 3 times (x 502B)
Class com.sun.xml.bind.v2.model.impl.ModelBuilder$1                                   : loaded 3 times (x 76B)
Class com.sun.xml.bind.v2.runtime.property.Utils                                      : loaded 3 times (x 71B)
Class com.android.build.api.variant.MultiOutputHandler                                : loaded 3 times (x 70B)
Class com.google.common.base.CaseFormat                                               : loaded 3 times (x 83B)
Class com.google.gson.internal.bind.TypeAdapters$EnumTypeAdapter                      : loaded 3 times (x 74B)
Class com.google.gson.internal.bind.TypeAdapters$28                                   : loaded 3 times (x 75B)
Class [Lcom.google.gson.LongSerializationPolicy;                                      : loaded 3 times (x 69B)
Class com.android.build.api.variant.CanMinifyCodeBuilder                              : loaded 3 times (x 70B)
Class com.android.build.gradle.internal.utils.KgpUtils$recordKgpPropertiesForAnalytics$1: loaded 3 times (x 78B)
Class com.android.build.gradle.internal.scope.InternalArtifactType$AAPT_FRIENDLY_MERGED_MANIFESTS: loaded 3 times (x 74B)
Class com.android.build.gradle.internal.scope.InternalArtifactType$GLOBAL_SYNTHETICS_MERGED: loaded 3 times (x 74B)
Class org.jetbrains.kotlin.gradle.plugin.mpp.InternalKotlinTargetKt$isSourcesPublishableFuture$2: loaded 3 times (x 95B)
Class org.jetbrains.kotlin.metadata.ProtoBuf$Type$Argument                            : loaded 3 times (x 110B)
Class com.android.build.api.component.impl.OldVariantApiLegacySupportImpl$getJavaClasspathArtifacts$1: loaded 3 times (x 79B)
Class org.jetbrains.org.objectweb.asm.tree.ClassNode                                  : loaded 3 times (x 90B)
Class org.jetbrains.kotlin.load.kotlin.FileBasedKotlinClass$InnerClassesInfo          : loaded 3 times (x 74B)
Class kotlin.collections.MapsKt                                                       : loaded 3 times (x 71B)
Class kotlin.collections.CollectionsKt__IterablesKt                                   : loaded 3 times (x 71B)
Class com.google.wireless.android.sdk.stats.IntellijProjectSizeStats                  : loaded 3 times (x 198B)
Class com.google.wireless.android.sdk.stats.VfsRefreshOrBuilder                       : loaded 3 times (x 70B)
Class com.google.wireless.android.sdk.stats.WhatsNewAssistantUpdateEventOrBuilder     : loaded 3 times (x 70B)
Class com.google.wireless.android.sdk.stats.EditorNotificationOrBuilder               : loaded 3 times (x 70B)
Class org.jetbrains.kotlin.statistics.metrics.ConcatMetricContainer                   : loaded 3 times (x 77B)
Class org.jetbrains.kotlin.gradle.internal.kapt.incremental.KaptClasspathChanges$Known: loaded 3 times (x 72B)
Class com.android.build.gradle.tasks.MapSourceSetPathsTask$CreateAction$configure$6$1$2$asFiles$1: loaded 3 times (x 75B)
Class com.android.ide.common.build.CommonBuiltArtifact                                : loaded 3 times (x 70B)
Class org.jetbrains.kotlin.gradle.tasks.GradleCompileTaskProvider                     : loaded 3 times (x 72B)
Class com.android.build.gradle.internal.tasks.ProcessJavaResTask_Decorated            : loaded 3 times (x 637B)
Class com.android.build.gradle.internal.lint.AndroidArtifactInput$getGeneratedResourceFolders$1$1: loaded 3 times (x 79B)
Class com.android.ide.common.process.ProcessException                                 : loaded 3 times (x 82B)
Class javax.xml.bind.annotation.W3CDomHandler                                         : loaded 3 times (x 85B)
Class com.sun.xml.bind.v2.runtime.reflect.TransducedAccessor$IDREFTransducedAccessorImpl: loaded 3 times (x 80B)
Class com.sun.xml.bind.v2.runtime.unmarshaller.WildcardLoader                         : loaded 3 times (x 79B)
Class com.sun.xml.bind.v2.runtime.unmarshaller.XsiTypeLoader                          : loaded 3 times (x 78B)
Class com.sun.xml.bind.v2.runtime.reflect.AdaptedAccessor                             : loaded 3 times (x 85B)
Class com.sun.xml.bind.v2.model.impl.LeafInfoImpl                                     : loaded 3 times (x 102B)
Class com.android.sdklib.repository.generated.addon.v1.LibrariesType                  : loaded 3 times (x 75B)
Class com.android.sdklib.repository.AndroidSdkHandler                                 : loaded 3 times (x 72B)
Class [Lcom.android.sdklib.repository.legacy.remote.internal.DownloadCache$Strategy;  : loaded 3 times (x 69B)
Class com.android.build.gradle.internal.GradleLocalPropertiesFactory$get$propertiesContent$1: loaded 3 times (x 75B)
Class com.google.devtools.ksp.gradle.KspGradleSubplugin$applyToCompilation$5          : loaded 3 times (x 79B)
Class org.jetbrains.kotlin.gradle.plugin.AndroidTestedVariantArtifactsFilter$initFilteredFiles$1: loaded 3 times (x 79B)
Class org.jetbrains.kotlin.gradle.tasks.configuration.BaseKotlinCompileConfig$registerBuildToolsApiTransformations$1: loaded 3 times (x 75B)
Class org.jetbrains.kotlin.gradle.plugin.internal.BuildIdService                      : loaded 3 times (x 76B)
Class org.jetbrains.kotlin.gradle.plugin.mpp.compilationImpl.factory.KotlinCompilationDependencyConfigurationsFactoriesKt: loaded 3 times (x 71B)
Class org.jetbrains.kotlin.gradle.plugin.mpp.compilationImpl.DefaultKotlinCompilationFriendPathsResolver: loaded 3 times (x 75B)
Class com.android.build.gradle.internal.dependency.RecalculateStackFramesTransform$Parameters_Decorated: loaded 3 times (x 138B)
Class com.android.build.gradle.internal.testing.utp.UtpDependency$3                   : loaded 3 times (x 127B)
Class com.android.build.gradle.internal.scope.InternalArtifactType$DEVICE_PROVIDER_CODE_COVERAGE: loaded 3 times (x 74B)
Class com.android.build.gradle.internal.tasks.factory.features.OptimizationTaskCreationActionImpl: loaded 3 times (x 75B)
Class com.android.build.gradle.internal.tasks.ApplicationTaskManager$createDynamicBundleTask$2: loaded 3 times (x 75B)
Class com.android.build.gradle.internal.res.ParseLibraryResourcesTask                 : loaded 3 times (x 339B)
Class com.android.build.gradle.internal.res.LinkApplicationAndroidResourcesTask$CreationAction$handleProvider$1: loaded 3 times (x 127B)
Class com.android.build.gradle.internal.TaskManager$MergeType$PACKAGE                 : loaded 3 times (x 80B)
Class com.android.build.gradle.internal.tasks.ValidateResourcesTask                   : loaded 3 times (x 335B)
Class com.android.build.gradle.internal.core.dsl.impl.AndroidTestComponentDslInfoImpl$signingConfigResolver$2: loaded 3 times (x 79B)
Class com.android.build.gradle.internal.variant.BaseVariantData$DiscoverableFilterType$DENSITY: loaded 3 times (x 80B)
Class com.android.build.api.variant.Renderscript                                      : loaded 3 times (x 70B)
Class com.android.build.api.variant.SigningConfig                                     : loaded 3 times (x 70B)
Class com.android.build.gradle.internal.component.features.DexingCreationConfig       : loaded 3 times (x 70B)
Class org.jetbrains.kotlin.gradle.plugin.SubpluginArtifact                            : loaded 3 times (x 72B)
Class org.jetbrains.kotlin.gradle.plugin.diagnostics.checkers.WasmSourceSetsNotFoundChecker$runChecks$1: loaded 3 times (x 88B)
Class org.jetbrains.kotlin.konan.target.KonanTarget$IOS_SIMULATOR_ARM64               : loaded 3 times (x 78B)
Class org.jetbrains.kotlin.gradle.plugin.KotlinAndroidPlugin$apply$2                  : loaded 3 times (x 79B)
Class org.jetbrains.kotlin.gradle.plugin.mpp.compilationImpl.KotlinCreateCompilationArchiveTaskKt$KotlinCreateCompilationArchivesTask$1: loaded 3 times (x 74B)
Class org.jetbrains.kotlin.gradle.dsl.KotlinVersion                                   : loaded 3 times (x 79B)
Class org.jetbrains.kotlin.gradle.internal.properties.NativePropertiesLoader$actualNativeHomeDirectory$2: loaded 3 times (x 74B)
Class org.jetbrains.kotlin.gradle.utils.StoredPropertyKt                              : loaded 3 times (x 71B)
Class com.android.build.gradle.internal.dsl.BaseAppModuleExtension_Decorated          : loaded 3 times (x 527B)
Class com.android.build.gradle.internal.api.artifact.SourceArtifactType$JNI           : loaded 3 times (x 74B)
Class com.google.devtools.ksp.gradle.KspSubpluginKt$maybeRegisterTransform$1          : loaded 3 times (x 78B)
Class com.android.build.gradle.internal.model.CoreExternalNativeBuild                 : loaded 3 times (x 70B)
Class com.android.ide.common.resources.ResourcePreprocessor                           : loaded 3 times (x 70B)
Class com.google.protobuf.AbstractProtobufList                                        : loaded 3 times (x 229B)
Class com.android.sdklib.AndroidVersion$AndroidVersionException                       : loaded 3 times (x 82B)
Class com.google.gson.internal.bind.MapTypeAdapterFactory                             : loaded 3 times (x 75B)
Class com.google.gson.internal.bind.TypeAdapters$29                                   : loaded 3 times (x 75B)
Class com.google.gson.JsonNull                                                        : loaded 3 times (x 92B)
Class com.google.wireless.android.sdk.stats.TestLibraries                             : loaded 3 times (x 322B)
Class com.google.common.util.concurrent.ListeningScheduledExecutorService             : loaded 3 times (x 70B)
Class com.android.build.api.dsl.ApplicationProductFlavor                              : loaded 3 times (x 70B)
Class com.android.build.gradle.internal.tasks.VariantTask$ConfigureAction             : loaded 3 times (x 71B)
Class com.google.wireless.android.sdk.stats.StudioUpdateFlowEventOrBuilder            : loaded 3 times (x 70B)
Class com.android.build.gradle.internal.SdkComponentsBuildService$VersionedSdkLoader$sdkLoadStrategy$2$1$1: loaded 3 times (x 79B)
Class org.jetbrains.kotlin.resolve.scopes.receivers.Receiver                          : loaded 3 times (x 70B)
Class com.android.repository.Revision$1                                               : loaded 3 times (x 71B)
Class org.jetbrains.kotlin.metadata.ProtoBuf$Modality$1                               : loaded 3 times (x 74B)
Class org.jetbrains.org.objectweb.asm.tree.TypeAnnotationNode                         : loaded 3 times (x 80B)
Class com.google.wireless.android.sdk.stats.CoroutineDebuggerEvent                    : loaded 3 times (x 196B)
Class com.google.wireless.android.sdk.stats.AppInspectionEvent                        : loaded 3 times (x 213B)
Class com.google.wireless.android.sdk.stats.DebuggerEvent                             : loaded 3 times (x 201B)
Class com.google.wireless.android.sdk.stats.FileUsage                                 : loaded 3 times (x 207B)
Class com.google.wireless.android.sdk.stats.EmulatorUiEvent                           : loaded 3 times (x 202B)
Class com.google.wireless.android.sdk.stats.SurveyResponseOrBuilder                   : loaded 3 times (x 70B)
Class com.google.wireless.android.sdk.stats.MlModelBindingEventOrBuilder              : loaded 3 times (x 70B)
Class org.jetbrains.kotlin.build.report.metrics.BuildMetrics                          : loaded 3 times (x 72B)
Class org.jetbrains.kotlin.daemon.common.ClientUtilsKt                                : loaded 3 times (x 71B)
Class com.google.wireless.android.sdk.stats.DeviceExplorerEventOrBuilder              : loaded 3 times (x 70B)
Class com.android.build.gradle.internal.tasks.featuresplit.FeatureSetMetadataWriterTask_Decorated: loaded 3 times (x 384B)
Class com.android.build.gradle.tasks.MapSourceSetPathsTask$CreateAction$configure$6$1$2$asFiles$2: loaded 3 times (x 74B)
Class javax.xml.bind.ValidationEventLocator                                           : loaded 3 times (x 70B)
Class com.sun.xml.bind.v2.runtime.ElementBeanInfoImpl$IntercepterLoader               : loaded 3 times (x 81B)
Class com.android.sdklib.repository.generated.repository.v2.PlatformDetailsType       : loaded 3 times (x 118B)
Class [Lcom.sun.xml.bind.v2.model.impl.PropertyInfoImpl;                              : loaded 3 times (x 69B)
Class com.sun.xml.bind.v2.model.annotation.XmlElementDeclQuick                        : loaded 3 times (x 96B)
Class com.android.repository.impl.generated.v2.ChannelRefType                         : loaded 3 times (x 77B)
Class com.android.build.gradle.internal.SdkComponentsBuildService$VersionedSdkLoader$emulatorDirectoryProvider$1: loaded 3 times (x 75B)
Class com.android.repository.impl.downloader.LocalFileAwareDownloader                 : loaded 3 times (x 84B)
Class com.google.devtools.ksp.gradle.KspGradleSubplugin$applyToCompilation$6          : loaded 3 times (x 79B)
Class com.android.build.gradle.internal.publishing.PublishingSpecs$VariantSpecBuilder : loaded 3 times (x 70B)
Class org.jetbrains.kotlin.gradle.plugin.sources.KotlinDependencyScope$Companion      : loaded 3 times (x 71B)
Class org.jetbrains.kotlin.gradle.plugin.KotlinPluginLifecycleKt$launchInStage$1      : loaded 3 times (x 95B)
Class org.jetbrains.kotlin.gradle.tasks.configuration.BaseKotlinCompileConfig$1$3     : loaded 3 times (x 75B)
Class org.jetbrains.kotlin.gradle.tasks.configuration.BaseKotlinCompileConfig$registerBuildToolsApiTransformations$2: loaded 3 times (x 75B)
Class org.jetbrains.kotlin.gradle.tasks.KotlinJvmCompile                              : loaded 3 times (x 70B)
Class org.jetbrains.kotlin.gradle.plugin.mpp.compilationImpl.KotlinCompilationSourceSetsContainerKt: loaded 3 times (x 71B)
Class com.android.build.gradle.internal.testing.utp.UtpDependency$4                   : loaded 3 times (x 127B)
Class com.android.build.gradle.internal.tasks.ValidateSigningTask$CreationAction      : loaded 3 times (x 90B)
Class com.android.ide.common.gradle.Version$Companion$ParseState$EMPTY                : loaded 3 times (x 74B)
Class com.android.build.gradle.internal.tasks.CheckDuplicateClassesTask$CreationAction$handleProvider$1: loaded 3 times (x 127B)
Class com.android.build.api.variant.impl.SourceDirectoriesImpl                        : loaded 3 times (x 86B)
Class com.android.build.api.variant.impl.ResourcesPackagingImpl$excludes$1            : loaded 3 times (x 75B)
Class com.android.build.gradle.internal.res.LinkApplicationAndroidResourcesTask$CreationAction$handleProvider$2: loaded 3 times (x 127B)
Class com.android.build.api.component.impl.HostTestImpl_Decorated                     : loaded 3 times (x 477B)
Class org.jetbrains.kotlin.gradle.utils.ObjectCollectionExtKt$sam$org_gradle_api_Action$0: loaded 3 times (x 75B)
Class org.jetbrains.kotlin.gradle.targets.NativeForwardImplementationToApiElementsSideEffectKt: loaded 3 times (x 71B)
Class org.jetbrains.kotlin.gradle.internal.properties.NativePropertiesLoader$actualNativeHomeDirectory$3: loaded 3 times (x 75B)
Class org.jetbrains.kotlin.gradle.report.BuildReportMode                              : loaded 3 times (x 79B)
Class org.jetbrains.kotlin.statistics.metrics.StringAnonymizationPolicy$RegexControlled: loaded 3 times (x 79B)
Class org.jetbrains.kotlin.statistics.ValueAnonymizer                                 : loaded 3 times (x 70B)
Class org.jetbrains.kotlin.gradle.plugin.VariantImplementationFactories$Companion$getProvider$2$1$1: loaded 3 times (x 75B)
Class org.jetbrains.kotlin.gradle.plugin.internal.ProjectIsolationStartParameterAccessor$Factory: loaded 3 times (x 70B)
Class com.android.build.gradle.internal.variant.VariantModelImpl                      : loaded 3 times (x 86B)
Class com.android.build.api.variant.VariantSelector                                   : loaded 3 times (x 70B)
Class com.android.build.gradle.api.InstallableVariant                                 : loaded 3 times (x 70B)
Class com.android.build.gradle.internal.dsl.LintImpl$AgpDecorated_Decorated           : loaded 3 times (x 299B)
Class com.android.build.gradle.internal.dsl.PackagingOptions$AgpDecorated_Decorated   : loaded 3 times (x 162B)
Class com.android.build.gradle.internal.dsl.CoreProductFlavor                         : loaded 3 times (x 70B)
Class com.android.tools.analytics.HostData$graphicsEnvironment$2                      : loaded 3 times (x 78B)
Class com.google.protobuf.Message$Builder                                             : loaded 3 times (x 70B)
Class com.android.tools.analytics.Environment$EnvironmentVariable                     : loaded 3 times (x 79B)
Class com.android.build.api.dsl.BuildType                                             : loaded 3 times (x 70B)
Class com.google.wireless.android.sdk.stats.Hypervisor                                : loaded 3 times (x 194B)
Class com.google.wireless.android.sdk.stats.DataBindingEvent                          : loaded 3 times (x 203B)
Class com.android.builder.utils.SynchronizedFile$ActionExecutionException             : loaded 3 times (x 82B)
Class com.android.build.gradle.internal.PlatformToolsComponents$Companion             : loaded 3 times (x 71B)
Class com.android.repository.api.SchemaModule$SchemaModuleVersion                     : loaded 3 times (x 76B)
Class kotlin.ranges.RangesKt___RangesKt                                               : loaded 3 times (x 71B)
Class com.android.repository.impl.generated.v2.CompleteType                           : loaded 3 times (x 84B)
Class com.android.build.gradle.internal.dsl.decorator.SupportedPropertyType$Collection: loaded 3 times (x 74B)
Class org.jetbrains.kotlin.gradle.plugin.statistics.KotlinBuildStatsLoggerService$reportBuildFinished$1: loaded 3 times (x 79B)
Class com.google.wireless.android.sdk.stats.JvmDetails$1                              : loaded 3 times (x 151B)
Class com.google.wireless.android.sdk.stats.EditorCompletionStats                     : loaded 3 times (x 198B)
Class com.google.wireless.android.sdk.stats.ComposeSampleEvent                        : loaded 3 times (x 194B)
Class com.google.wireless.android.sdk.stats.NavEditorEvent                            : loaded 3 times (x 214B)
Class com.google.wireless.android.sdk.stats.VsPluginEventOrBuilder                    : loaded 3 times (x 70B)
Class com.google.wireless.android.sdk.stats.DeviceScreenshotEventOrBuilder            : loaded 3 times (x 70B)
Class com.google.wireless.android.sdk.stats.DirectAccessUsageEventOrBuilder           : loaded 3 times (x 70B)
Class com.google.wireless.android.sdk.stats.SdkIndexLoadingDetailsOrBuilder           : loaded 3 times (x 70B)
Class org.jetbrains.kotlin.daemon.common.OSKind                                       : loaded 3 times (x 79B)
Class com.android.build.gradle.internal.dsl.decorator.SupportedPropertyType$Var$Enum  : loaded 3 times (x 74B)
Class org.jetbrains.kotlin.gradle.tasks.KotlinCompile$disableMultiModuleIC$2$1        : loaded 3 times (x 75B)
Class com.android.build.gradle.internal.tasks.MergeNativeLibsTaskKt$getExternalNativeLibs$1: loaded 3 times (x 74B)
Class com.android.build.gradle.tasks.MergeResources_Decorated                         : loaded 3 times (x 419B)
Class com.android.build.gradle.internal.tasks.factory.GlobalTaskCreationConfigImpl$platformAttrs$2$attributes$1: loaded 3 times (x 74B)
Class com.google.devtools.ksp.gradle.KspGradleSubplugin$applyToCompilation$configureAsAbstractKotlinCompileTool$4$1: loaded 3 times (x 79B)
Class org.jetbrains.kotlin.gradle.tasks.DefaultKotlinJavaToolchain$javaExecutable$1   : loaded 3 times (x 75B)
Class org.jetbrains.kotlin.build.report.metrics.BuildAttribute                        : loaded 3 times (x 79B)
Class com.android.build.gradle.tasks.JavaCompileOptionsForRoom                        : loaded 3 times (x 75B)
Class com.android.build.api.component.impl.features.OptimizationCreationConfigImpl$consumerProguardFiles$2$consumerProguardFilesProperty$1: loaded 3 times (x 79B)
Class com.android.build.gradle.internal.ide.dependencies.ArtifactUtils                : loaded 3 times (x 71B)
Class com.sun.xml.bind.v2.runtime.property.SingleMapNodeProperty$1                    : loaded 3 times (x 78B)
Class javax.xml.bind.annotation.XmlList                                               : loaded 3 times (x 70B)
Class com.sun.xml.bind.v2.model.core.EnumLeafInfo                                     : loaded 3 times (x 70B)
Class com.android.build.gradle.internal.SupportToolsComponents                        : loaded 3 times (x 72B)
Class com.android.build.gradle.internal.PlatformToolsComponents                       : loaded 3 times (x 72B)
Class [Lcom.android.build.gradle.internal.SdkLocator$PropertyLocation;                : loaded 3 times (x 69B)
Class com.android.repository.io.FileOpUtils                                           : loaded 3 times (x 71B)
Class com.android.build.gradle.internal.api.ReadOnlyBuildType                         : loaded 3 times (x 138B)
Class org.jetbrains.kotlin.gradle.plugin.mpp.compilationImpl.KotlinCompilationRegisterInSourceSetsConfigurator: loaded 3 times (x 74B)
Class org.jetbrains.kotlin.gradle.plugin.mpp.compilationImpl.factory.DefaultKotlinCompilationTaskNamesContainerFactory: loaded 3 times (x 74B)
Class org.jetbrains.kotlin.gradle.plugin.mpp.compilationImpl.DefaultKotlinCompilationFriendPathsResolver$FriendArtifactResolver$Companion: loaded 3 times (x 71B)
Class com.android.build.gradle.internal.scope.InternalArtifactType$LINT_VITAL_INTERMEDIATE_TEXT_REPORT: loaded 3 times (x 74B)
Class com.android.build.gradle.internal.scope.InternalArtifactType$LINT_MODEL         : loaded 3 times (x 74B)
Class com.android.build.gradle.internal.testing.utp.UtpDependency$5                   : loaded 3 times (x 127B)
Class com.android.build.gradle.internal.core.dsl.impl.InstrumentedTestDslInfoImpl$getInstrumentationRunner$fromFlavor$1: loaded 3 times (x 78B)
Class com.android.build.gradle.tasks.ProcessTestManifest$CreationAction               : loaded 3 times (x 90B)
Class com.android.build.gradle.internal.tasks.ExtractApksTask$CreationAction$handleProvider$1: loaded 3 times (x 127B)
Class com.android.build.gradle.internal.tasks.ParseIntegrityConfigTask$CreationAction$handleProvider$1: loaded 3 times (x 127B)
Class com.android.build.gradle.internal.scope.InternalArtifactType$BINARY_ART_PROFILE_METADATA: loaded 3 times (x 74B)
Class com.android.build.gradle.tasks.PackageApplication$CreationAction                : loaded 3 times (x 92B)
Class com.android.build.gradle.internal.res.LinkApplicationAndroidResourcesTask$CreationAction$handleProvider$3: loaded 3 times (x 127B)
Class com.android.build.gradle.internal.dependency.ProvidedClasspathSubtractor        : loaded 3 times (x 72B)
Class [Lcom.android.build.gradle.internal.dependency.AdditionalArtifactType;          : loaded 3 times (x 69B)
Class com.android.tools.build.jetifier.processor.transform.resource.XmlResourcesTransformer: loaded 3 times (x 77B)
Class com.android.build.api.component.impl.DeviceTestImpl$buildConfigFields$2         : loaded 3 times (x 79B)
Class com.android.build.gradle.internal.core.dsl.impl.AndroidTestComponentDslInfoImpl$instrumentedTestDelegate$2: loaded 3 times (x 79B)
Class org.jetbrains.kotlin.gradle.targets.native.internal.CommonizerTasksKt           : loaded 3 times (x 71B)
Class [Lorg.jetbrains.kotlin.gradle.targets.js.npm.NpmDependency$Scope;               : loaded 3 times (x 69B)
Class org.jetbrains.kotlin.gradle.plugin.mpp.AbstractKotlinTarget$components$2        : loaded 3 times (x 79B)
Class org.jetbrains.kotlin.gradle.utils.AndroidPluginIdsKt                            : loaded 3 times (x 71B)
Class org.jetbrains.kotlin.gradle.plugin.mpp.KotlinUsages$setupAttributesMatchingStrategy$1: loaded 3 times (x 74B)
Class com.android.build.gradle.internal.tasks.factory.BootClasspathConfigImpl$1       : loaded 3 times (x 79B)
Class com.android.build.gradle.internal.api.DefaultAndroidSourceSet$AndroidSourceDirectorySetFactory: loaded 3 times (x 75B)
Class com.android.build.gradle.internal.dsl.KmpOptimizationImpl                       : loaded 3 times (x 83B)
Class com.android.build.api.dsl.BundleTexture                                         : loaded 3 times (x 70B)
Class com.android.build.api.dsl.ApkSigningConfig                                      : loaded 3 times (x 70B)
Class com.android.builder.core.ComponentType                                          : loaded 3 times (x 70B)
Class com.android.build.gradle.internal.services.FakeDependencyJarBuildService        : loaded 3 times (x 82B)
Class com.android.build.gradle.internal.dependency.JacocoInstrumentationService$RegistrationAction: loaded 3 times (x 74B)
Class org.jetbrains.kotlin.incremental.classpathDiff.DirectoryOrJarReader             : loaded 3 times (x 70B)
Class com.android.build.gradle.internal.plugins.AndroidPluginBaseServices$projectServices$2$1$1: loaded 3 times (x 125B)
Class com.google.gson.internal.bind.DefaultDateTypeAdapter$DateType$1                 : loaded 3 times (x 73B)
Class [Lcom.android.build.gradle.options.ReplacedOption;                              : loaded 3 times (x 69B)
Class com.android.build.gradle.internal.plugins.BasePlugin$Companion                  : loaded 3 times (x 71B)
Class kotlin.collections.CollectionsKt__ReversedViewsKt                               : loaded 3 times (x 71B)
Class kotlin.sequences.SequencesKt__SequenceBuilderKt                                 : loaded 3 times (x 71B)
Class org.jetbrains.kotlin.gradle.plugin.KotlinCompilerPluginSupportPlugin            : loaded 3 times (x 70B)
Class org.jetbrains.kotlin.gradle.plugin.KotlinBasePlugin                             : loaded 3 times (x 70B)
Class kotlin.sequences.FilteringSequence$iterator$1                                   : loaded 3 times (x 79B)
Class org.jetbrains.kotlin.descriptors.annotations.Annotated                          : loaded 3 times (x 70B)
Class javax.xml.bind.annotation.XmlElementDecl                                        : loaded 3 times (x 70B)
Class kotlin.io.FilesKt__FileTreeWalkKt                                               : loaded 3 times (x 71B)
Class org.jetbrains.kotlin.descriptors.SourceElement$1                                : loaded 3 times (x 74B)
Class kotlin.collections.ArraysKt                                                     : loaded 3 times (x 71B)
Class org.jetbrains.org.objectweb.asm.Opcodes                                         : loaded 3 times (x 70B)
Class [Ljavax.xml.bind.annotation.XmlAccessType;                                      : loaded 3 times (x 69B)
Class com.google.wireless.android.sdk.stats.GradleBuildProject$Builder                : loaded 3 times (x 358B)
Class com.google.protobuf.AbstractMessageLite$Builder                                 : loaded 3 times (x 126B)
Class com.google.wireless.android.sdk.stats.SystemHealthEvent                         : loaded 3 times (x 209B)
Class com.google.wireless.android.sdk.stats.ImportSampleEvent                         : loaded 3 times (x 196B)
Class com.google.wireless.android.sdk.stats.AndroidStudioEvent$TemplatesUsage         : loaded 3 times (x 205B)
Class com.google.wireless.android.sdk.stats.LintActionOrBuilder                       : loaded 3 times (x 70B)
Class com.google.wireless.android.sdk.stats.DefaultActivityLocatorStatsOrBuilder      : loaded 3 times (x 70B)
Class com.google.wireless.android.sdk.stats.JvmDetailsOrBuilder                       : loaded 3 times (x 70B)
Class com.android.build.gradle.internal.DependencyResourcesComputer$initFromVariantScope$2$1: loaded 3 times (x 78B)
Class com.android.build.api.variant.FilterConfiguration$FilterType                    : loaded 3 times (x 79B)
Class org.jetbrains.kotlin.gradle.tasks.internal.KotlinJvmOptionsCompat               : loaded 3 times (x 103B)
Class org.jetbrains.kotlin.load.kotlin.FileBasedKotlinClass$OuterAndInnerName         : loaded 3 times (x 72B)
Class com.android.build.gradle.internal.core.dsl.features.ManifestPlaceholdersDslInfo : loaded 3 times (x 70B)
Class com.android.build.gradle.internal.ide.dependencies.ArtifactCollectionsInputs    : loaded 3 times (x 70B)
Class com.android.build.gradle.internal.lint.SourceProviderInput                      : loaded 3 times (x 87B)
Class com.android.build.gradle.internal.lint.LintModelWriterTask_Decorated            : loaded 3 times (x 385B)
Class com.android.sdklib.repository.targets.PlatformTarget                            : loaded 3 times (x 129B)
Class javax.xml.bind.helpers.AbstractUnmarshallerImpl                                 : loaded 3 times (x 130B)
Class com.sun.xml.bind.v2.runtime.property.SingleMapNodeProperty$2                    : loaded 3 times (x 78B)
Class com.android.repository.impl.meta.Archive$PatchType                              : loaded 3 times (x 81B)
Class com.sun.xml.bind.v2.model.core.ValuePropertyInfo                                : loaded 3 times (x 70B)
Class com.sun.xml.bind.v2.runtime.RuntimeUtil                                         : loaded 3 times (x 71B)
Class com.android.sdklib.repository.meta.DetailsTypes$SysImgDetailsType               : loaded 3 times (x 70B)
Class com.android.build.gradle.internal.dependency.IdentityTransform                  : loaded 3 times (x 78B)
Class com.android.build.gradle.internal.testing.utp.UtpDependency$6                   : loaded 3 times (x 127B)
Class com.android.build.gradle.internal.testing.utp.UtpDependencies                   : loaded 3 times (x 86B)
Class com.android.build.gradle.internal.tasks.ClasspathComparisonTask                 : loaded 3 times (x 336B)
Class com.android.build.gradle.internal.res.ConvertLinkedResourcesToProtoTask         : loaded 3 times (x 341B)
Class com.android.build.gradle.internal.tasks.ExtractApksTask$CreationAction$handleProvider$2: loaded 3 times (x 127B)
Class com.android.build.gradle.internal.tasks.SigningConfigVersionsWriterTask$CreationAction: loaded 3 times (x 90B)
Class com.android.build.gradle.internal.tasks.DexMergingTask                          : loaded 3 times (x 341B)
Class com.android.build.gradle.tasks.MapSourceSetPathsTask                            : loaded 3 times (x 344B)
Class com.android.build.api.component.impl.OldVariantApiLegacySupportImpl$manifestPlaceholdersDslInfo$2: loaded 3 times (x 79B)
Class com.android.build.gradle.internal.tasks.ModuleMetadataWriterTask                : loaded 3 times (x 341B)
Class com.android.build.gradle.internal.dependency.VariantDependencies$computeArtifactCollection$1: loaded 3 times (x 78B)
Class com.android.tools.build.jetifier.processor.transform.proguard.ProGuardClassSpecParser: loaded 3 times (x 72B)
Class com.android.build.api.component.impl.LifecycleTasksImpl                         : loaded 3 times (x 75B)
Class com.android.build.api.component.impl.TestFixturesImpl                           : loaded 3 times (x 360B)
Class com.android.build.gradle.internal.core.dsl.impl.features.OptimizationDslInfoImpl: loaded 3 times (x 81B)
Class org.jetbrains.kotlin.gradle.plugin.internal.DefaultIdeaSyncDetector$createIdeaPropertiesEvaluator$1: loaded 3 times (x 72B)
Class org.jetbrains.kotlin.gradle.plugin.sources.android.KotlinAndroidSourceSetInfo$Mutable: loaded 3 times (x 76B)
Class [Lorg.jetbrains.kotlin.gradle.plugin.sources.android.checker.KotlinAndroidSourceSetLayoutChecker;: loaded 3 times (x 69B)
Class org.jetbrains.kotlin.gradle.utils.FutureKt                                      : loaded 3 times (x 71B)
Class org.jetbrains.kotlin.gradle.logging.GradleLoggingUtilsKt                        : loaded 3 times (x 71B)
Class com.android.build.gradle.internal.dsl.SigningConfig$AgpDecorated                : loaded 3 times (x 150B)
Class com.android.build.gradle.internal.dsl.SdkComponentsImpl                         : loaded 3 times (x 84B)
Class com.android.build.gradle.internal.tasks.factory.BootClasspathConfigImpl$2       : loaded 3 times (x 79B)
Class com.android.build.gradle.internal.dsl.ApplicationPublishingImpl$AgpDecorated    : loaded 3 times (x 86B)
Class com.android.build.gradle.internal.dsl.ManagedDevices_Decorated                  : loaded 3 times (x 126B)
Class com.android.build.gradle.internal.dsl.CommonExtensionImpl$dataBinding$1         : loaded 3 times (x 75B)
Class com.android.build.gradle.internal.api.AndroidSourceSetName$Companion            : loaded 3 times (x 71B)
Class org.jetbrains.kotlin.metadata.ProtoBuf$ContractOrBuilder                        : loaded 3 times (x 70B)
Class com.android.build.gradle.internal.AvdComponentsBuildService$RegistrationAction  : loaded 3 times (x 74B)
Class com.android.build.gradle.internal.ide.dependencies.MavenCoordinatesCacheBuildService$RegistrationAction: loaded 3 times (x 74B)
Class [Lorg.jetbrains.kotlin.metadata.ProtoBuf$Visibility;                            : loaded 3 times (x 69B)
Class com.android.build.gradle.internal.plugins.AndroidPluginBaseServices$projectServices$2$1$2: loaded 3 times (x 79B)
Class com.google.gson.internal.LazilyParsedNumber                                     : loaded 3 times (x 78B)
Class com.google.gson.Gson$5                                                          : loaded 3 times (x 76B)
Class com.android.build.gradle.DynamicFeaturePlugin                                   : loaded 3 times (x 76B)
Class com.android.build.gradle.internal.services.AndroidLocationsBuildService$RegistrationAction: loaded 3 times (x 74B)
Class com.android.build.gradle.internal.plugins.BasePlugin$extension$2                : loaded 3 times (x 79B)
Class com.android.build.gradle.internal.plugins.DslContainerProvider                  : loaded 3 times (x 70B)
Class com.android.build.gradle.AppExtension                                           : loaded 3 times (x 219B)
Class org.jetbrains.kotlin.gradle.plugin.KotlinAndroidPluginWrapper                   : loaded 3 times (x 87B)
Class com.android.build.gradle.AppPlugin                                              : loaded 3 times (x 76B)
Class com.android.build.api.variant.HasUnitTestBuilder                                : loaded 3 times (x 70B)
Class com.android.build.gradle.options.ApiStage$Deprecated                            : loaded 3 times (x 72B)
Class com.android.ide.common.blame.SourceFileJsonTypeAdapter                          : loaded 3 times (x 75B)
Class com.sun.xml.bind.v2.model.impl.ClassInfoImpl$DuplicateException                 : loaded 3 times (x 82B)
Class org.jetbrains.kotlin.descriptors.DescriptorVisibility                           : loaded 3 times (x 78B)
Class com.sun.xml.bind.v2.model.core.Adapter                                          : loaded 3 times (x 72B)
Class kotlin.collections.SetsKt__SetsKt                                               : loaded 3 times (x 71B)
Class kotlin.LazyKt                                                                   : loaded 3 times (x 71B)
Class com.android.sdklib.repository.generated.repository.v3.PlatformDetailsType       : loaded 3 times (x 118B)
Class javax.xml.bind.UnmarshallerHandler                                              : loaded 3 times (x 70B)
Class com.google.gson.internal.bind.ObjectTypeAdapter$1                               : loaded 3 times (x 76B)
Class com.google.wireless.android.sdk.stats.DynamicLayoutInspectorEvent               : loaded 3 times (x 210B)
Class com.google.wireless.android.sdk.stats.GradleCppSyncStats                        : loaded 3 times (x 202B)
Class com.google.wireless.android.sdk.stats.SoongSyncStatsOrBuilder                   : loaded 3 times (x 70B)
Class com.google.wireless.android.sdk.stats.AvdLaunchEventOrBuilder                   : loaded 3 times (x 70B)
Class com.google.wireless.android.sdk.stats.IDeviceUsageEventOrBuilder                : loaded 3 times (x 70B)
Class com.google.wireless.android.sdk.stats.IntellijIndexingStatsOrBuilder            : loaded 3 times (x 70B)
Class com.google.wireless.android.sdk.stats.TypingLatencyStatsOrBuilder               : loaded 3 times (x 70B)
Class com.google.wireless.android.sdk.stats.TestRun$Builder                           : loaded 3 times (x 321B)
Class org.jetbrains.kotlin.daemon.common.DaemonReportCategory                         : loaded 3 times (x 79B)
Class org.jetbrains.kotlin.daemon.common.DaemonOptions                                : loaded 3 times (x 75B)
Class org.jetbrains.kotlin.compilerRunner.GradleKotlinCompilerWorkArguments$Companion : loaded 3 times (x 71B)
Class com.android.build.gradle.internal.DependencyResourcesComputer$initFromVariantScope$2$2: loaded 3 times (x 79B)
Class org.jetbrains.kotlin.compilerRunner.GradleCompilerRunner$Companion              : loaded 3 times (x 71B)
Class com.sun.xml.bind.v2.runtime.unmarshaller.ChildLoader                            : loaded 3 times (x 72B)
Class javax.xml.bind.JAXBElement$GlobalScope                                          : loaded 3 times (x 71B)
Class com.sun.xml.bind.v2.runtime.property.ValueProperty                              : loaded 3 times (x 102B)
Class javax.xml.bind.annotation.XmlSchemaTypes                                        : loaded 3 times (x 70B)
Class javax.xml.bind.annotation.XmlIDREF                                              : loaded 3 times (x 70B)
Class com.android.sdklib.repository.generated.repository.v1.SourceDetailsType         : loaded 3 times (x 112B)
Class javax.xml.bind.annotation.XmlElement                                            : loaded 3 times (x 70B)
Class com.sun.xml.bind.v2.model.runtime.RuntimeLeafInfo                               : loaded 3 times (x 70B)
Class com.android.repository.impl.meta.RepoPackageImpl$UsesLicense                    : loaded 3 times (x 73B)
Class com.android.build.gradle.internal.scope.InternalArtifactType$RUNTIME_LIBRARY_CLASSES_DIR: loaded 3 times (x 74B)
Class org.jetbrains.kotlin.gradle.plugin.mpp.compilationImpl.factory.KotlinJvmCompilerOptionsFactory$create$kotlinOptions$1: loaded 3 times (x 103B)
Class com.android.build.gradle.internal.cxx.logging.ThreadLoggingEnvironment$Companion: loaded 3 times (x 71B)
Class com.android.build.gradle.internal.scope.InternalArtifactType$UNIT_TEST_LINT_MODEL: loaded 3 times (x 74B)
Class com.android.build.gradle.internal.testing.utp.UtpDependency$7                   : loaded 3 times (x 127B)
Class com.android.build.gradle.internal.tasks.factory.AndroidVariantTaskCreationAction: loaded 3 times (x 92B)
Class com.android.build.gradle.internal.tasks.DexFileDependenciesTask$CreationAction  : loaded 3 times (x 93B)
Class com.android.build.gradle.internal.tasks.CheckManifest$CreationAction$handleProvider$1: loaded 3 times (x 127B)
Class com.android.build.gradle.internal.dependency.VariantDependencies$computeArtifactCollection$2: loaded 3 times (x 75B)
Class com.android.build.gradle.internal.TestFixturesTaskManager                       : loaded 3 times (x 81B)
Class com.android.build.gradle.internal.core.dsl.impl.DslInfoCommonKt$initTestApplicationId$2: loaded 3 times (x 74B)
Class com.android.build.api.instrumentation.InstrumentationScope                      : loaded 3 times (x 79B)
Class [Lorg.jetbrains.kotlin.gradle.dsl.PlatformSourceSetConventionsChecker$CheckedPlatformInfo;: loaded 3 times (x 69B)
Class org.jetbrains.kotlin.gradle.plugin.diagnostics.KotlinGradleProjectCheckerContext: loaded 3 times (x 72B)
Class org.jetbrains.kotlin.gradle.plugin.sources.android.configurator.MultiplatformLayoutV2DependsOnConfigurator: loaded 3 times (x 75B)
Class org.jetbrains.kotlin.gradle.plugin.diagnostics.checkers.DuplicateSourceSetChecker: loaded 3 times (x 74B)
Class org.jetbrains.kotlin.gradle.plugin.diagnostics.ToolingDiagnosticFactory         : loaded 3 times (x 73B)
Class org.jetbrains.kotlin.gradle.targets.KotlinTargetSideEffect                      : loaded 3 times (x 70B)
Class org.jetbrains.kotlin.gradle.dsl.KotlinTargetContainerWithNativeShortcuts        : loaded 3 times (x 70B)
Class org.jetbrains.kotlin.gradle.plugin.DefaultKotlinBasePlugin$setupAttributeMatchingStrategy$1$1: loaded 3 times (x 79B)
Class org.jetbrains.kotlin.statistics.metrics.NumericalMetrics$Companion              : loaded 3 times (x 71B)
Class [Lorg.jetbrains.kotlin.statistics.metrics.NumberAnonymizationPolicy;            : loaded 3 times (x 69B)
Class org.jetbrains.kotlin.statistics.metrics.NumberOverridePolicy$OVERRIDE           : loaded 3 times (x 85B)
Class org.jetbrains.kotlin.gradle.internal.properties.PropertiesBuildService$property$1: loaded 3 times (x 79B)
Class com.android.build.gradle.internal.lint.AndroidLintGlobalTask$UpdateBaselineCreationAction$Companion: loaded 3 times (x 71B)
Class com.google.wireless.android.sdk.stats.JavaProcessStatsOrBuilder                 : loaded 3 times (x 70B)
Class com.android.builder.signing.DefaultSigningConfig$Companion                      : loaded 3 times (x 71B)
Class com.android.build.gradle.internal.dsl.BundleOptionsAbi$AgpDecorated_Decorated   : loaded 3 times (x 125B)
Class com.android.build.api.artifact.Artifact$Companion                               : loaded 3 times (x 71B)
Class com.android.prefs.AndroidPathLocator                                            : loaded 3 times (x 73B)
Class com.android.build.gradle.internal.services.ClassesHierarchyBuildService         : loaded 3 times (x 80B)
Class com.android.build.gradle.internal.packaging.GradleKeystoreHelper                : loaded 3 times (x 71B)
Class com.android.build.api.dsl.FusedLibraryExtension                                 : loaded 3 times (x 70B)
Class com.android.build.gradle.internal.dsl.AndroidTestImpl                           : loaded 3 times (x 77B)
Class com.android.build.gradle.internal.ManagedDeviceUtilsKt$getManagedDeviceAvdFolder$1: loaded 3 times (x 75B)
Class com.android.build.gradle.internal.services.AndroidLocationsBuildService$Inject_ : loaded 3 times (x 110B)
Class com.google.protobuf.PrimitiveNonBoxingCollection                                : loaded 3 times (x 70B)
Class com.google.wireless.android.sdk.stats.InstantRunStatus                          : loaded 3 times (x 204B)
Class com.android.build.gradle.internal.profile.AnalyticsConfiguratorService$State    : loaded 3 times (x 79B)
Class com.android.build.gradle.internal.plugins.AndroidPluginBaseServices$projectServices$2$1$3: loaded 3 times (x 79B)
Class com.google.gson.stream.JsonReader                                               : loaded 3 times (x 97B)
Class com.android.build.gradle.options.FeatureStage$SoftlyEnforced                    : loaded 3 times (x 72B)
Class com.android.build.gradle.api.FusedLibraryPlugin                                 : loaded 3 times (x 74B)
Class com.android.build.gradle.internal.plugins.BasePlugin$variantManager$2           : loaded 3 times (x 79B)
Class com.android.build.gradle.internal.dsl.JavaCompileOptions                        : loaded 3 times (x 82B)
Class [Lorg.jetbrains.kotlin.metadata.ProtoBuf$Type$Argument$Projection;              : loaded 3 times (x 69B)
Class org.jetbrains.kotlin.incremental.classpathDiff.JavaClassSnapshot                : loaded 3 times (x 75B)
Class com.android.build.gradle.internal.dsl.OptimizationImpl                          : loaded 3 times (x 79B)
Class kotlin.collections.ArraysKt__ArraysJVMKt                                        : loaded 3 times (x 71B)
Class com.android.build.gradle.internal.scope.BootClasspathBuilder$computeAdditionalAndRequestedOptionalLibraries$4: loaded 3 times (x 79B)
Class com.android.build.gradle.internal.ide.dependencies.ArtifactCollections          : loaded 3 times (x 72B)
Class com.android.build.gradle.internal.dsl.InternalPrivacySandboxSdkExtension        : loaded 3 times (x 70B)
Class com.android.utils.JvmWideVariable                                               : loaded 3 times (x 72B)
Class com.google.wireless.android.sdk.stats.StudioPatchUpdaterEventOrBuilder          : loaded 3 times (x 70B)
Class com.google.wireless.android.sdk.stats.RenderSecurityManagerEventOrBuilder       : loaded 3 times (x 70B)
Class com.google.wireless.android.sdk.stats.DeviceManagerEventOrBuilder               : loaded 3 times (x 70B)
Class com.android.build.gradle.internal.dsl.decorator.annotation.NonNullableSetter    : loaded 3 times (x 70B)
Class org.jetbrains.kotlin.incremental.ClasspathChanges$ClasspathSnapshotEnabled      : loaded 3 times (x 72B)
Class com.android.build.api.dsl.DeviceGroup                                           : loaded 3 times (x 70B)
Class com.android.build.gradle.internal.testing.utp.UtpTestResultListener             : loaded 3 times (x 70B)
Class org.jetbrains.kotlin.gradle.tasks.configuration.AbstractKotlinCompileConfig$2$2$1: loaded 3 times (x 75B)
Class org.jetbrains.kotlin.build.report.metrics.BuildAttributes$Companion             : loaded 3 times (x 71B)
Class com.android.build.gradle.internal.lint.VariantInputs$initialize$4               : loaded 3 times (x 78B)
Class com.android.build.gradle.internal.lint.SdkVersionInput                          : loaded 3 times (x 73B)
Class [Lcom.android.tools.lint.model.LintModelModuleType;                             : loaded 3 times (x 69B)
Class com.sun.xml.bind.v2.runtime.property.TagAndType                                 : loaded 3 times (x 72B)
Class com.android.repository.impl.generated.v2.PatchesType                            : loaded 3 times (x 75B)
Class com.android.repository.api.LocalPackage                                         : loaded 3 times (x 70B)
Class com.android.repository.impl.generated.v1.DependencyType                         : loaded 3 times (x 81B)
Class javax.xml.bind.annotation.XmlSchema                                             : loaded 3 times (x 70B)
Class com.android.builder.sdk.LicenceNotAcceptedException                             : loaded 3 times (x 82B)
Class com.google.devtools.ksp.gradle.KotlinFactories$Companion$registerKotlinJvmCompileTask$1$1: loaded 3 times (x 79B)
Class com.android.build.gradle.internal.dsl.BundleOptionsLanguage$AgpDecorated_Decorated: loaded 3 times (x 125B)
Class com.android.build.gradle.internal.scope.BuildArtifactSpec                       : loaded 3 times (x 72B)
Class com.android.build.gradle.internal.VariantTaskManager$createAnchorAssembleTasks$3: loaded 3 times (x 75B)
Class org.jetbrains.kotlin.gradle.plugin.mpp.compilationImpl.factory.KotlinCompilationImplFactory$ProcessResourcesTaskNameFactory: loaded 3 times (x 70B)
Class com.android.build.gradle.internal.scope.InternalArtifactType$LINT_RETURN_VALUE  : loaded 3 times (x 74B)
Class com.android.build.gradle.internal.lint.VariantWithTests                         : loaded 3 times (x 72B)
Class com.android.build.gradle.internal.variant.BuildAuthorSpecifiedDefaultBuildTypeComparator: loaded 3 times (x 90B)
Class com.android.build.gradle.internal.testing.utp.UtpDependency$8                   : loaded 3 times (x 127B)
Class com.android.build.gradle.internal.scope.InternalArtifactType$ANDROID_TEST_LINT_MODEL: loaded 3 times (x 74B)
Class com.android.build.gradle.internal.scope.InternalArtifactType$R8_ART_PROFILE     : loaded 3 times (x 74B)
Class com.android.build.gradle.tasks.PackageAndroidArtifact$Companion$MANIFEST_DATA_ISSUE_REPORTER$1: loaded 3 times (x 73B)
Class com.android.ide.common.gradle.Version$Companion$ParseState$NUMERIC              : loaded 3 times (x 74B)
Class com.android.build.gradle.internal.scope.InternalArtifactType$MERGED_JAVA_RES    : loaded 3 times (x 74B)
Class com.android.build.api.component.impl.DefaultSourcesProviderImpl$getBaselineProfiles$1: loaded 3 times (x 127B)
Class com.android.build.api.variant.impl.ResourcesApkPackagingImpl                    : loaded 3 times (x 80B)
Class com.android.build.gradle.internal.tasks.ProcessJavaResTask$CreationAction$handleProvider$1: loaded 3 times (x 127B)
Class com.android.build.gradle.internal.tasks.factory.features.AndroidResourcesTaskCreationActionImpl: loaded 3 times (x 75B)
Class com.android.build.gradle.internal.scope.InternalArtifactType$METADATA_APPLICATION_ID: loaded 3 times (x 74B)
Class com.android.build.api.component.impl.ComponentImpl$computeLocalPackagedJars$1   : loaded 3 times (x 80B)
Class [Lcom.android.builder.dexing.DexingType;                                        : loaded 3 times (x 69B)
Class com.google.gson.internal.reflect.ReflectionHelper$RecordSupportedHelper         : loaded 3 times (x 78B)
Class com.android.build.gradle.internal.core.dsl.NestedComponentDslInfo               : loaded 3 times (x 70B)
Class com.android.build.api.variant.BuildConfigField                                  : loaded 3 times (x 72B)
Class com.android.build.gradle.internal.component.features.BuildConfigCreationConfig  : loaded 3 times (x 70B)
Class com.android.build.api.variant.AndroidTestBuilder                                : loaded 3 times (x 70B)
Class com.android.build.gradle.internal.core.dsl.impl.DslInfoUtilsKt                  : loaded 3 times (x 71B)
Class com.android.build.gradle.internal.dsl.BundleOptionsCountrySet$AgpDecorated_Decorated: loaded 3 times (x 130B)
Class org.jetbrains.kotlin.gradle.tasks.KotlinCompilationTask                         : loaded 3 times (x 70B)
Class org.jetbrains.kotlin.compose.compiler.gradle.ComposeCompilerGradlePluginExtension: loaded 3 times (x 75B)
Class org.jetbrains.kotlin.gradle.utils.ForEachAndroidVariantKt$sam$org_gradle_api_Action$0: loaded 3 times (x 75B)
Class org.jetbrains.kotlin.gradle.internal.KotlinDependenciesManagementKt             : loaded 3 times (x 71B)
Class org.jetbrains.kotlin.gradle.plugin.DefaultKotlinBasePlugin$setupAttributeMatchingStrategy$1$2: loaded 3 times (x 79B)
Class org.jetbrains.kotlin.gradle.internal.properties.PropertiesBuildService$property$2: loaded 3 times (x 79B)
Class org.jetbrains.kotlin.gradle.plugin.statistics.KotlinBuildStatsLoggerService     : loaded 3 times (x 72B)
Class com.android.build.gradle.internal.tasks.NonIncrementalGlobalTask                : loaded 3 times (x 327B)
Class com.android.build.gradle.internal.plugins.BasePlugin$createTasks$1              : loaded 3 times (x 75B)
Class com.android.build.gradle.internal.dsl.VcsInfoImpl$AgpDecorated                  : loaded 3 times (x 81B)
Class com.android.build.gradle.internal.plugins.BasePlugin$buildOutputs$2$1           : loaded 3 times (x 78B)
Class com.android.build.gradle.internal.dsl.AnnotationProcessorOptions$AgpDecorated   : loaded 3 times (x 106B)
Class com.android.build.api.artifact.impl.SingleInitialProviderRequestImpl$on$1       : loaded 3 times (x 75B)
Class org.jetbrains.kotlin.gradle.plugin.internal.CustomPropertiesFileValueSource$Inject_: loaded 3 times (x 113B)
Class com.android.build.gradle.internal.dsl.MultiDexConfigImpl                        : loaded 3 times (x 80B)
Class com.android.tools.analytics.CommonMetricsData                                   : loaded 3 times (x 71B)
Class org.jetbrains.kotlin.gradle.targets.native.toolchain.UnzipTransformationAction$Inject_1: loaded 3 times (x 111B)
Class org.jetbrains.kotlin.gradle.plugin.AndroidProjectHandler$configureTarget$plugin$1: loaded 3 times (x 79B)
Class com.android.build.gradle.internal.profile.AnalyticsConfiguratorService$Params$Inject_: loaded 3 times (x 106B)
Class com.android.build.gradle.options.FeatureStage                                   : loaded 3 times (x 72B)
Class com.android.build.gradle.internal.plugins.BasePlugin$variantFactory$2           : loaded 3 times (x 79B)
Class com.android.build.gradle.internal.component.PublishableCreationConfig           : loaded 3 times (x 70B)
Class com.android.build.gradle.internal.dsl.BaseAppModuleExtensionInternal            : loaded 3 times (x 443B)
Class org.jetbrains.kotlin.gradle.utils.Completable$await$1                           : loaded 3 times (x 88B)
Class com.android.build.gradle.internal.core.VariantSources                           : loaded 3 times (x 72B)
Class com.android.build.api.variant.ApkPackaging                                      : loaded 3 times (x 70B)
Class com.android.build.gradle.internal.component.features.RenderscriptCreationConfig : loaded 3 times (x 70B)
Class org.jetbrains.kotlin.descriptors.ValidateableDescriptor                         : loaded 3 times (x 70B)
Class kotlin.jvm.internal.CallableReference$NoReceiver                                : loaded 3 times (x 71B)
Class org.jetbrains.kotlin.metadata.ProtoBuf$EnumEntryOrBuilder                       : loaded 3 times (x 70B)
Class org.jetbrains.kotlin.metadata.jvm.JvmProtoBuf$JvmPropertySignature$1            : loaded 3 times (x 144B)
Class android.databinding.tool.processing.ScopedException                             : loaded 3 times (x 86B)
Class com.android.build.api.variant.impl.FlatSourceDirectoriesImpl$getAsFileTrees$1   : loaded 3 times (x 75B)
Class kotlin.text.StringsKt__StringBuilderKt                                          : loaded 3 times (x 71B)
Class org.jetbrains.kotlin.daemon.common.DaemonJVMOptions$mappers$1                   : loaded 3 times (x 137B)
Class com.google.gson.Gson$FutureTypeAdapter                                          : loaded 3 times (x 76B)
Class com.android.tools.build.jetifier.core.proguard.ProGuardType$Companion           : loaded 3 times (x 71B)
Class com.google.wireless.android.sdk.stats.LiveLiteralsEvent                         : loaded 3 times (x 202B)
Class com.google.wireless.android.sdk.stats.HeapReportEvent                           : loaded 3 times (x 198B)
Class com.google.wireless.android.sdk.stats.MetaMetricsOrBuilder                      : loaded 3 times (x 70B)
Class com.android.build.gradle.internal.tasks.MergeNativeLibsTask_Decorated           : loaded 3 times (x 402B)
Class com.android.build.api.variant.impl.LayeredSourceDirectoriesImpl$getVariantSourcesWithFilter$2$2: loaded 3 times (x 74B)
Class com.android.build.gradle.internal.tasks.featuresplit.PackagedDependenciesWriterTaskKt: loaded 3 times (x 71B)
Class com.android.build.gradle.internal.lint.SourceProviderInput$initialize$1         : loaded 3 times (x 74B)
Class com.android.build.gradle.internal.lint.VariantInputs$initialize$5               : loaded 3 times (x 78B)
Class com.sun.istack.SAXParseException2                                               : loaded 3 times (x 88B)
Class com.sun.xml.bind.v2.runtime.unmarshaller.DomLoader                              : loaded 3 times (x 78B)
Class com.sun.xml.bind.v2.runtime.ValueListBeanInfoImpl                               : loaded 3 times (x 89B)
Class com.android.repository.impl.meta.RepoPackageImpl$Dependencies                   : loaded 3 times (x 72B)
Class com.android.build.gradle.internal.SdkComponentsBuildService$VersionedSdkLoader$optionalLibrariesProvider$1: loaded 3 times (x 75B)
Class org.jetbrains.kotlin.gradle.plugin.mpp.InternalKotlinTargetKt$special$$inlined$extrasStoredFuture$1: loaded 3 times (x 79B)
Class [Lcom.android.build.api.artifact.Artifact$Single;                               : loaded 3 times (x 69B)
Class com.android.build.api.artifact.SingleArtifact$AAR                               : loaded 3 times (x 74B)
Class com.android.build.gradle.internal.publishing.PublishingSpecs$VariantSpec        : loaded 3 times (x 70B)
Class com.android.build.gradle.internal.VariantTaskManager$createAnchorAssembleTasks$4: loaded 3 times (x 75B)
Class org.jetbrains.kotlin.compilerRunner.UsesCompilerSystemPropertiesService         : loaded 3 times (x 70B)
Class org.jetbrains.kotlin.gradle.plugin.mpp.compilationImpl.KotlinCompilationSourceSetInclusion$Companion: loaded 3 times (x 71B)
Class com.android.build.gradle.internal.testing.utp.UtpDependency$9                   : loaded 3 times (x 127B)
Class com.android.build.gradle.internal.scope.InternalArtifactType$BUNDLE_IDE_REDIRECT_FILE: loaded 3 times (x 74B)
Class com.android.build.gradle.internal.scope.InternalArtifactType$APK_IDE_REDIRECT_FILE: loaded 3 times (x 74B)
Class com.android.build.gradle.internal.scope.InternalArtifactType$EXTERNAL_LIBS_DEX_ARCHIVE_WITH_ARTIFACT_TRANSFORMS: loaded 3 times (x 74B)
Class com.android.build.api.artifact.SingleArtifact$RUNTIME_SYMBOL_LIST               : loaded 3 times (x 74B)
Class com.android.build.gradle.tasks.ProcessManifestForInstantAppTask$CreationAction$handleProvider$1: loaded 3 times (x 127B)
Class com.android.build.gradle.tasks.CompatibleScreensManifest$CreationAction$handleProvider$1: loaded 3 times (x 127B)
Class com.android.build.gradle.tasks.ExtractDeepLinksTask$BaseCreationAction$handleProvider$1: loaded 3 times (x 127B)
Class com.android.build.api.component.impl.ComponentImpl$providedOnlyClasspath$2      : loaded 3 times (x 79B)
Class com.android.build.api.variant.impl.ApplicationVariantBuilderImpl$androidTest$2  : loaded 3 times (x 79B)
Class com.android.build.api.variant.impl.ApplicationVariantBuilderImpl$dependenciesInfo$2: loaded 3 times (x 79B)
Class com.android.build.gradle.internal.core.dsl.impl.ConsumableComponentDslInfoImpl$buildConfigDslInfo$2: loaded 3 times (x 79B)
Class com.android.build.gradle.internal.UnitTestTaskManager                           : loaded 3 times (x 81B)
Class org.jetbrains.kotlin.konan.target.KonanTarget$WATCHOS_DEVICE_ARM64              : loaded 3 times (x 78B)
Class org.jetbrains.kotlin.gradle.plugin.diagnostics.checkers.MissingNativeStdlibChecker$runChecks$1: loaded 3 times (x 88B)
Class [Lorg.jetbrains.kotlin.gradle.plugin.sources.android.AndroidVariantType;        : loaded 3 times (x 69B)
Class org.jetbrains.kotlin.gradle.plugin.sources.android.AndroidVariantType           : loaded 3 times (x 79B)
Class org.jetbrains.kotlin.gradle.plugin.mpp.KotlinTargetSoftwareComponent            : loaded 3 times (x 89B)
Class org.jetbrains.kotlin.gradle.plugin.mpp.KotlinVariant                            : loaded 3 times (x 101B)
Class org.jetbrains.kotlin.gradle.targets.native.ConfigureFrameworkExportSideEffectKt : loaded 3 times (x 71B)
Class org.jetbrains.kotlin.gradle.utils.WhenPluginEnabledKt                           : loaded 3 times (x 71B)
Class org.jetbrains.kotlin.tooling.core.ExtrasProperty                                : loaded 3 times (x 70B)
Class org.jetbrains.kotlin.gradle.plugin.VariantImplementationFactories               : loaded 3 times (x 75B)
Class com.android.build.gradle.internal.plugins.BasePlugin$createTasks$2              : loaded 3 times (x 77B)
Class com.android.build.gradle.internal.tasks.BaseTask                                : loaded 3 times (x 326B)
Class com.android.build.gradle.internal.dsl.BuildType$AgpDecorated_Decorated          : loaded 3 times (x 449B)
Class com.android.build.api.artifact.impl.ArtifactsImpl$1                             : loaded 3 times (x 78B)
Class com.android.build.gradle.internal.dsl.Splits                                    : loaded 3 times (x 90B)
Class com.android.build.gradle.internal.dsl.ProductFlavorFactory                      : loaded 3 times (x 77B)
Class com.android.build.api.dsl.TestVariantDimension                                  : loaded 3 times (x 70B)
Class com.android.build.gradle.internal.services.BaseServicesImpl$kotlinServices$2    : loaded 3 times (x 79B)
Class com.android.build.gradle.internal.ide.dependencies.MavenCoordinatesCacheBuildService$Parameters_Decorated: loaded 3 times (x 130B)
Class com.android.build.gradle.internal.TaskManager$createAnchorTasks$1               : loaded 3 times (x 75B)
Class com.android.build.gradle.internal.profile.AnalyticsService$Params               : loaded 3 times (x 70B)
Class com.android.build.gradle.internal.utils.AnalyticsEnabledValueSource$Inject_     : loaded 3 times (x 109B)
Class com.android.build.gradle.internal.utils.AnalyticsEnabledValueSource$Params_Decorated: loaded 3 times (x 130B)
Class com.android.build.gradle.internal.dependency.GenericTransformParameters         : loaded 3 times (x 70B)
Class com.google.gson.internal.bind.JsonAdapterAnnotationTypeAdapterFactory           : loaded 3 times (x 75B)
Class com.android.build.gradle.options.ProjectOptionService$Inject_                   : loaded 3 times (x 97B)
Class com.android.build.gradle.internal.plugins.BasePlugin$taskManagerConfig$2        : loaded 3 times (x 79B)
Class com.android.build.api.dsl.ApplicationVariantDimension                           : loaded 3 times (x 70B)
Class com.android.build.api.dsl.ApplicationBuildFeatures                              : loaded 3 times (x 70B)
Class com.android.build.gradle.internal.plugins.AppPlugin$ApplicationAndroidComponentsExtensionImplCompat: loaded 3 times (x 107B)
Class com.android.tools.analytics.TestSupportLibraries$setters$1$8                    : loaded 3 times (x 125B)
Class com.android.build.gradle.internal.scope.InternalArtifactType$NAVIGATION_JSON    : loaded 3 times (x 74B)
Class com.google.wireless.android.sdk.stats.MemorySettingsEventOrBuilder              : loaded 3 times (x 70B)
Class com.google.wireless.android.sdk.stats.FastPreviewEventOrBuilder                 : loaded 3 times (x 70B)
Class com.google.wireless.android.sdk.stats.CppHeadersViewEvent                       : loaded 3 times (x 198B)
Class kotlin.Lazy                                                                     : loaded 3 times (x 70B)
Class com.google.wireless.android.sdk.stats.BuildAttributionStats                     : loaded 3 times (x 206B)
Class com.google.wireless.android.sdk.stats.StudioProjectChange                       : loaded 3 times (x 194B)
Class com.google.wireless.android.sdk.stats.LintSession                               : loaded 3 times (x 220B)
Class com.google.wireless.android.sdk.stats.IntelliJNewUISwitchOrBuilder              : loaded 3 times (x 70B)
Class com.google.wireless.android.sdk.stats.EmulatorUiEventOrBuilder                  : loaded 3 times (x 70B)
Class com.android.tools.analytics.TestSupportLibraries$setters$1$1                    : loaded 3 times (x 125B)
Class org.jetbrains.kotlin.incremental.ClasspathSnapshotFiles                         : loaded 3 times (x 72B)
Class org.jetbrains.kotlin.gradle.plugin.statistics.BuildFusService$Parameters$Inject_: loaded 3 times (x 112B)
Class org.jetbrains.kotlin.gradle.dsl.KotlinCommonOptions$DefaultImpls                : loaded 3 times (x 71B)
Class com.android.ide.common.build.CommonBuiltArtifacts                               : loaded 3 times (x 70B)
Class com.android.build.gradle.internal.lint.SourceProviderInput$initialize$2         : loaded 3 times (x 74B)
Class com.android.build.gradle.internal.lint.VariantInputs$initialize$6               : loaded 3 times (x 79B)
Class org.jetbrains.kotlin.gradle.utils.ReportUtilsKt$addConfigurationMetrics$1$1     : loaded 3 times (x 75B)
Class org.jetbrains.kotlin.gradle.internal.StdlibDependencyManagementKt$WhenMappings  : loaded 3 times (x 71B)
Class com.sun.xml.bind.v2.runtime.reflect.TransducedAccessor$CompositeTransducedAccessorImpl: loaded 3 times (x 79B)
Class com.sun.xml.bind.v2.runtime.unmarshaller.XsiNilLoader$Single                    : loaded 3 times (x 80B)
Class com.android.repository.impl.meta.TrimStringAdapter                              : loaded 3 times (x 75B)
Class javax.xml.bind.annotation.XmlSchemaType                                         : loaded 3 times (x 70B)
Class com.sun.xml.bind.v2.model.impl.RuntimeBuiltinLeafInfoImpl                       : loaded 3 times (x 133B)
Class com.sun.xml.bind.v2.model.impl.BuiltinLeafInfoImpl                              : loaded 3 times (x 105B)
Class com.google.devtools.ksp.gradle.AndroidPluginIntegration$tryUpdateKspWithAndroidSourceSets$1: loaded 3 times (x 79B)
Class org.jetbrains.kotlin.tooling.core.Extras$Entry$Companion                        : loaded 3 times (x 71B)
Class com.android.build.gradle.internal.DependencyConfigurator$configureVariantTransforms$3$1$1: loaded 3 times (x 75B)
Class com.android.build.gradle.internal.cxx.configure.GradleLocalPropertiesKt$gradleLocalProperties$propertiesContent$1: loaded 3 times (x 75B)
Class com.android.build.gradle.internal.transforms.ShrinkResourcesNewShrinkerTask$CreationAction$handleProvider$1: loaded 3 times (x 127B)
Class com.android.build.api.variant.impl.TaskProviderBasedDirectoryEntryImpl          : loaded 3 times (x 83B)
Class com.android.build.api.variant.JniLibsTestedComponentPackaging                   : loaded 3 times (x 70B)
Class com.android.build.api.variant.JniLibsPackaging                                  : loaded 3 times (x 70B)
Class com.android.build.gradle.internal.tasks.factory.features.ResValuesTaskCreationActionImpl: loaded 3 times (x 75B)
Class com.android.build.gradle.tasks.ProcessManifestForInstantAppTask$CreationAction$handleProvider$2: loaded 3 times (x 127B)
Class com.android.build.api.artifact.impl.ScopedArtifactsImpl$ScopedArtifactsContainer: loaded 3 times (x 72B)
Class com.android.tools.build.jetifier.processor.transform.proguard.ProGuardClassFilterParser$replacer$1: loaded 3 times (x 79B)
Class com.google.gson.internal.$Gson$Types$ParameterizedTypeImpl                      : loaded 3 times (x 81B)
Class [Lcom.android.tools.build.jetifier.core.utils.LogLevel;                         : loaded 3 times (x 69B)
Class com.android.tools.build.jetifier.core.utils.LogLevel                            : loaded 3 times (x 79B)
Class com.android.build.api.variant.impl.VariantImpl$shadersCreationConfig$2          : loaded 3 times (x 79B)
Class com.android.build.api.component.impl.ComponentImpl$resValuesCreationConfig$2    : loaded 3 times (x 79B)
Class com.android.build.gradle.internal.core.dsl.impl.ConsumableComponentDslInfoImpl  : loaded 3 times (x 130B)
Class com.android.build.gradle.internal.profile.AnalyticsUtil                         : loaded 3 times (x 71B)
Class com.android.build.gradle.tasks.ProcessManifestForBundleTask$CreationAction      : loaded 3 times (x 90B)
Class com.google.devtools.ksp.gradle.model.builder.KspModelBuilder                    : loaded 3 times (x 75B)
Class org.jetbrains.kotlin.gradle.targets.js.dsl.KotlinWasmWasiTargetDsl              : loaded 3 times (x 70B)
Class org.jetbrains.kotlin.gradle.plugin.AndroidProjectHandler$configureTarget$1      : loaded 3 times (x 79B)
Class org.jetbrains.kotlin.gradle.plugin.sources.android.configurator.MultiplatformLayoutV2DefaultManifestLocationConfigurator: loaded 3 times (x 75B)
Class org.jetbrains.kotlin.gradle.plugin.diagnostics.checkers.DisabledNativeTargetsChecker: loaded 3 times (x 74B)
Class org.jetbrains.kotlin.gradle.plugin.mpp.compilationImpl.KotlinCreateSourcesJarTaskSideEffectKt$KotlinCreateSourcesJarTaskSideEffect$1: loaded 3 times (x 74B)
Class org.jetbrains.kotlin.gradle.internal.CompilerArgumentAware                      : loaded 3 times (x 70B)
Class org.jetbrains.kotlin.gradle.utils.ReportUtilsKt                                 : loaded 3 times (x 71B)
Class org.jetbrains.kotlin.gradle.utils.StoredLazyProperty                            : loaded 3 times (x 75B)
Class com.android.build.gradle.internal.dsl.SigningConfig$AgpDecorated_Decorated      : loaded 3 times (x 201B)
Class com.android.build.api.variant.impl.DirectoryEntries                             : loaded 3 times (x 72B)
Class com.android.build.api.dsl.DexPackaging                                          : loaded 3 times (x 70B)
Class com.android.build.api.dsl.TestBuildType                                         : loaded 3 times (x 70B)
Class com.android.prefs.Global                                                        : loaded 3 times (x 80B)
Class com.android.build.api.component.impl.DefaultSourcesProviderImpl$getShaders$1    : loaded 3 times (x 78B)
Class com.android.build.gradle.internal.scope.InternalArtifactType$FEATURE_SET_METADATA: loaded 3 times (x 74B)
Class com.android.build.gradle.internal.profile.NoOpAnalyticsConfiguratorService$Inject_: loaded 3 times (x 102B)
Class com.google.gson.internal.bind.NumberTypeAdapter                                 : loaded 3 times (x 74B)
Class [Lcom.android.build.gradle.options.SyncOptions$EvaluationMode;                  : loaded 3 times (x 69B)
Class com.android.build.gradle.internal.tasks.PerModuleReportDependenciesTask$CreationAction$Companion: loaded 3 times (x 71B)
Class com.android.build.gradle.internal.test.AbstractTestDataImpl                     : loaded 3 times (x 111B)
Class com.android.build.api.extension.impl.VariantApiOperationsRegistrar              : loaded 3 times (x 72B)
Class com.android.build.api.variant.ApplicationAndroidComponentsExtension             : loaded 3 times (x 70B)
Class com.android.build.gradle.internal.tasks.DeviceProviderInstrumentTestTask$CreationAction$Type: loaded 3 times (x 79B)
Class kotlin.collections.CollectionsKt                                                : loaded 3 times (x 71B)
Class org.jetbrains.org.objectweb.asm.tree.InsnNode                                   : loaded 3 times (x 78B)
Class [Lkotlin.jvm.functions.Function1;                                               : loaded 3 times (x 69B)
Class com.android.build.gradle.internal.dependency.AarToClassTransform                : loaded 3 times (x 78B)
Class kotlin.io.NoSuchFileException                                                   : loaded 3 times (x 82B)
Class com.android.build.gradle.internal.dependency.AsmClassesTransform                : loaded 3 times (x 79B)
Class com.google.wireless.android.sdk.stats.KotlinSupportDeclined                     : loaded 3 times (x 194B)
Class com.google.wireless.android.sdk.stats.ProjectViewSelectionChangeEvent           : loaded 3 times (x 196B)
Class com.google.wireless.android.sdk.stats.FirebaseManagementEvent                   : loaded 3 times (x 201B)
Class com.google.wireless.android.sdk.stats.LiveEditEvent                             : loaded 3 times (x 208B)
Class com.google.wireless.android.sdk.stats.EmulatorPerformanceStatsOrBuilder         : loaded 3 times (x 70B)
Class com.google.wireless.android.sdk.stats.AdbServerStatusOrBuilder                  : loaded 3 times (x 70B)
Class com.google.wireless.android.sdk.stats.TestRun$PreviewScreenshotRunOrBuilder     : loaded 3 times (x 70B)
Class com.android.tools.analytics.TestSupportLibraries$setters$1$2                    : loaded 3 times (x 125B)
Class org.jetbrains.kotlin.build.report.statistics.StatTag                            : loaded 3 times (x 79B)
Class org.jetbrains.kotlin.compilerRunner.GradleCompilationResults                    : loaded 3 times (x 77B)
Class org.jetbrains.kotlin.compilerRunner.GradleKotlinCompilerWorkArguments           : loaded 3 times (x 72B)
Class org.jetbrains.kotlin.cli.common.messages.MessageRenderer                        : loaded 3 times (x 70B)
Class org.jetbrains.kotlin.gradle.plugin.KotlinCompilerArgumentsProducerKt            : loaded 3 times (x 71B)
Class com.android.build.gradle.internal.signing.SigningConfigData                     : loaded 3 times (x 72B)
Class org.jetbrains.kotlin.gradle.tasks.K2MultiplatformStructure_Decorated            : loaded 3 times (x 131B)
Class org.jetbrains.kotlin.compilerRunner.GradleCompilerRunner                        : loaded 3 times (x 73B)
Class com.android.build.gradle.internal.lint.SourceProviderInput$initialize$3         : loaded 3 times (x 74B)
Class com.android.build.gradle.internal.utils.DesugarLibUtils$getD8DesugarMethodFileFromTransform$1$1: loaded 3 times (x 74B)
Class com.android.build.gradle.internal.dependency.VariantDependencies$getArtifactCollectionForToolingModel$1: loaded 3 times (x 78B)
Class com.sun.xml.bind.v2.runtime.NameList                                            : loaded 3 times (x 72B)
Class com.sun.xml.bind.v2.runtime.reflect.TransducedAccessor                          : loaded 3 times (x 78B)
Class com.sun.xml.bind.v2.model.impl.RuntimeClassInfoImpl$RuntimePropertySeed         : loaded 3 times (x 84B)
Class javax.xml.bind.annotation.XmlAttachmentRef                                      : loaded 3 times (x 70B)
Class com.android.repository.api.Repository                                           : loaded 3 times (x 79B)
Class org.jetbrains.kotlin.gradle.internal.AndroidExtensionsSubpluginIndicator        : loaded 3 times (x 75B)
Class org.jetbrains.kotlin.gradle.plugin.statistics.KotlinBuildStatisticsUtilsKt      : loaded 3 times (x 71B)
Class com.android.build.gradle.internal.scope.InternalArtifactType$PREFAB_PACKAGE     : loaded 3 times (x 74B)
Class org.jetbrains.kotlin.gradle.plugin.AndroidProjectHandlerKt                      : loaded 3 times (x 71B)
Class com.android.build.gradle.internal.dependency.RecalculateStackFramesTransform$Parameters: loaded 3 times (x 70B)
Class com.android.build.gradle.internal.dependency.FilterShrinkerRulesTransform$Parameters_Decorated: loaded 3 times (x 135B)
Class com.android.build.gradle.internal.lint.AndroidLintTextOutputTask$LintVitalCreationAction: loaded 3 times (x 92B)
Class com.android.build.gradle.internal.lint.AndroidLintTextOutputTask$SingleVariantCreationAction: loaded 3 times (x 92B)
Class com.android.build.gradle.internal.transforms.ShrinkResourcesNewShrinkerTask$CreationAction$handleProvider$2: loaded 3 times (x 127B)
Class com.android.build.gradle.internal.scope.InternalArtifactType$SIGNING_CONFIG_DATA: loaded 3 times (x 74B)
Class com.android.build.gradle.internal.scope.InternalArtifactType$EXTRACTED_SDK_APKS : loaded 3 times (x 74B)
Class com.android.build.api.variant.impl.SourcesImpl$extras$2                         : loaded 3 times (x 79B)
Class com.android.build.gradle.internal.scope.InternalArtifactType$INSTANT_APP_MANIFEST: loaded 3 times (x 74B)
Class com.android.build.gradle.internal.scope.InternalArtifactType$LINT_PUBLISH_JAR   : loaded 3 times (x 74B)
Class com.android.build.api.component.impl.DeviceTestImpl$shadersCreationConfig$2     : loaded 3 times (x 79B)
Class com.android.build.gradle.internal.core.dsl.impl.DslInfoCommonKt$initTestApplicationId$testAppIdFromFlavors$1: loaded 3 times (x 78B)
Class com.android.build.api.variant.impl.VariantOutputConfigurationImplKt             : loaded 3 times (x 71B)
Class com.android.build.api.component.impl.AnnotationProcessorImpl$finalListOfClassNames$1: loaded 3 times (x 75B)
Class org.jetbrains.kotlin.gradle.dsl.AndroidMainSourceSetConventionsChecker$runChecks$1: loaded 3 times (x 88B)
Class org.jetbrains.kotlin.gradle.plugin.AndroidProjectHandler$configureTarget$2      : loaded 3 times (x 79B)
Class org.jetbrains.kotlin.gradle.plugin.sources.FragmentConsistencyChecks            : loaded 3 times (x 72B)
Class org.jetbrains.kotlin.gradle.plugin.sources.android.AndroidBaseSourceSetName$Companion: loaded 3 times (x 71B)
Class org.jetbrains.kotlin.gradle.plugin.sources.android.KotlinAndroidSourceSets      : loaded 3 times (x 71B)
Class org.jetbrains.kotlin.gradle.plugin.mpp.KotlinAndroidTarget$kotlinComponents$2   : loaded 3 times (x 79B)
Class org.jetbrains.kotlin.gradle.plugin.mpp.InternalKotlinTargetComponent            : loaded 3 times (x 93B)
Class org.jetbrains.kotlin.gradle.targets.CreateDefaultTestRunSideEffectKt$special$$inlined$KotlinTargetSideEffect$1: loaded 3 times (x 74B)
Class org.jetbrains.kotlin.gradle.utils.PersistentCachesKt                            : loaded 3 times (x 71B)
Class org.jetbrains.kotlin.gradle.utils.ProviderApiUtilsKt                            : loaded 3 times (x 71B)
Class org.jetbrains.kotlin.gradle.internal.properties.NativePropertiesLoader$forceDisableRunningInProcess$1: loaded 3 times (x 75B)
Class org.jetbrains.kotlin.gradle.internal.tasks.TaskWithLocalState                   : loaded 3 times (x 70B)
Class org.jetbrains.kotlin.statistics.metrics.BooleanMetrics                          : loaded 3 times (x 80B)
Class org.jetbrains.kotlin.gradle.internal.properties.PropertiesBuildService$Params   : loaded 3 times (x 70B)
Class com.android.build.api.AndroidPluginVersion                                      : loaded 3 times (x 75B)
Class com.android.build.gradle.internal.api.artifact.SourceArtifactType$ANDROID_RESOURCES: loaded 3 times (x 74B)
Class org.jetbrains.kotlin.gradle.plugin.mpp.compilationImpl.factory.KotlinJvmCompilerOptionsFactory$create$compilerOptions$1: loaded 3 times (x 77B)
Class com.google.protobuf.Descriptors$Descriptor                                      : loaded 3 times (x 76B)
Class com.google.wireless.android.sdk.stats.InstantRunStatusOrBuilder                 : loaded 3 times (x 70B)
Class [Lcom.android.tools.analytics.Environment$SystemProperty;                       : loaded 3 times (x 69B)
Class com.android.tools.analytics.AnalyticsSettings                                   : loaded 3 times (x 71B)
Class com.android.ide.common.blame.SourceFilePosition                                 : loaded 3 times (x 72B)
Class com.google.gson.ToNumberPolicy$1                                                : loaded 3 times (x 83B)
Class [Lcom.google.gson.FieldNamingStrategy;                                          : loaded 3 times (x 69B)
Class com.google.gson.internal.Excluder                                               : loaded 3 times (x 75B)
Class org.jetbrains.kotlin.compilerRunner.CompilerSystemPropertiesService$Companion   : loaded 3 times (x 71B)
Class com.android.build.gradle.internal.publishing.PublishingSpecs$OutputSpec         : loaded 3 times (x 70B)
Class org.jetbrains.kotlin.gradle.targets.js.ir.KotlinJsIrCompilation                 : loaded 3 times (x 202B)
Class org.jetbrains.kotlin.descriptors.Visibility                                     : loaded 3 times (x 79B)
Class org.jetbrains.kotlin.protobuf.FieldSet                                          : loaded 3 times (x 72B)
Class org.jetbrains.kotlin.protobuf.RopeByteString$RopeInputStream                    : loaded 3 times (x 92B)
Class org.jetbrains.kotlin.protobuf.CodedInputStream                                  : loaded 3 times (x 72B)
Class com.android.build.api.variant.impl.ConfigurableFileTreeBasedDirectoryEntryImpl  : loaded 3 times (x 84B)
Class com.android.build.gradle.internal.SdkComponentsBuildService$VersionedSdkLoader$annotationsJarProvider$1: loaded 3 times (x 75B)
Class kotlin.sequences.ConstrainedOnceSequence                                        : loaded 3 times (x 75B)
Class com.google.wireless.android.sdk.stats.DeviceMirroringSession                    : loaded 3 times (x 200B)
Class com.google.common.collect.SparseImmutableTable                                  : loaded 3 times (x 138B)
Class com.android.tools.analytics.TestSupportLibraries$setters$1$3                    : loaded 3 times (x 125B)
Class com.android.build.gradle.internal.test.TestsAnalytics                           : loaded 3 times (x 71B)
Class org.jetbrains.kotlin.daemon.common.CompileIterationResult$Companion             : loaded 3 times (x 71B)
Class [Lorg.jetbrains.kotlin.daemon.common.ReportSeverity;                            : loaded 3 times (x 69B)
Class org.jetbrains.kotlin.daemon.common.DaemonParamsKt                               : loaded 3 times (x 71B)
Class org.jetbrains.kotlin.gradle.dsl.KotlinCommonCompilerOptionsExtensionsKt         : loaded 3 times (x 71B)
Class com.android.build.gradle.internal.scope.InternalArtifactType$MICRO_APK_RES      : loaded 3 times (x 74B)
Class com.android.build.api.variant.impl.VariantOutputImpl$SerializedForm             : loaded 3 times (x 72B)
Class com.android.build.gradle.tasks.PackageAndroidArtifactKt                         : loaded 3 times (x 71B)
Class com.android.build.gradle.internal.lint.SourceProviderInput$initialize$4         : loaded 3 times (x 74B)
Class com.sun.xml.bind.v2.runtime.unmarshaller.LocatorExWrapper                       : loaded 3 times (x 86B)
Class [Lcom.sun.xml.bind.v2.model.annotation.AnnotationSource;                        : loaded 3 times (x 69B)
Class com.sun.xml.bind.InternalAccessorFactory                                        : loaded 3 times (x 70B)
Class com.sun.xml.bind.v2.model.impl.SingleTypePropertyInfoImpl                       : loaded 3 times (x 113B)
Class com.sun.xml.bind.v2.model.core.LeafInfo                                         : loaded 3 times (x 70B)
Class com.android.repository.impl.generated.generic.v2.package-info                   : loaded 3 times (x 70B)
Class com.android.sdklib.repository.generated.common.v3.package-info                  : loaded 3 times (x 70B)
Class com.android.sdklib.repository.generated.addon.v2.LibrariesType                  : loaded 3 times (x 75B)
Class com.android.sdklib.AndroidTargetHash                                            : loaded 3 times (x 71B)
Class org.jetbrains.kotlin.gradle.plugin.sources.KotlinDependencyScopeKt$WhenMappings : loaded 3 times (x 71B)
Class org.jetbrains.kotlin.gradle.tasks.K2MultiplatformCompilationTask                : loaded 3 times (x 70B)
Class com.android.build.gradle.internal.dependency.BaseDexingTransform$Parameters_Decorated: loaded 3 times (x 156B)
Class com.android.build.gradle.internal.dependency.AarTransform$Parameters            : loaded 3 times (x 70B)
Class com.android.build.gradle.internal.utils.HasConfigurableValuesKt                 : loaded 3 times (x 71B)
Class com.android.build.gradle.internal.tasks.featuresplit.FeatureSetMetadataWriterTask: loaded 3 times (x 335B)
Class com.android.build.api.component.impl.DefaultSourcesProviderImpl$getResources$1  : loaded 3 times (x 78B)
Class com.android.build.gradle.internal.scope.InternalArtifactType$FEATURE_RESOURCE_PKG: loaded 3 times (x 74B)
Class com.android.build.gradle.tasks.GenerateResValues$CreationAction                 : loaded 3 times (x 93B)
Class com.android.tools.build.jetifier.processor.transform.proguard.patterns.ReplacersRunner: loaded 3 times (x 72B)
Class com.android.tools.build.jetifier.core.type.TypesMap$JsonData                    : loaded 3 times (x 72B)
Class com.google.gson.internal.reflect.ReflectionHelper$RecordHelper                  : loaded 3 times (x 75B)
Class com.google.gson.internal.ReflectionAccessFilterHelper                           : loaded 3 times (x 71B)
Class com.android.build.gradle.internal.core.dsl.impl.InstrumentedTestDslInfoImpl$handleProfiling$2: loaded 3 times (x 74B)
Class com.android.build.api.component.impl.ModelV1LegacySupportImpl                   : loaded 3 times (x 77B)
Class com.android.build.api.variant.impl.HasDeviceTestsCreationConfig                 : loaded 3 times (x 70B)
Class com.android.build.gradle.internal.core.dsl.features.RenderscriptDslInfo         : loaded 3 times (x 70B)
Class com.android.build.gradle.internal.core.dsl.impl.VariantDslInfoImpl$initApplicationId$appIdFromFlavors$1: loaded 3 times (x 78B)
Class com.android.build.gradle.internal.variant.DimensionCombinator$Companion         : loaded 3 times (x 71B)
Class com.android.build.gradle.internal.variant.DimensionCombinator                   : loaded 3 times (x 72B)
Class org.jetbrains.kotlin.gradle.plugin.sources.android.configurator.AndroidKaptSourceSetConfigurator$configure$1: loaded 3 times (x 79B)
Class org.jetbrains.kotlin.gradle.utils.ConfigurationsKt$maybeCreateDependencyScope$1 : loaded 3 times (x 78B)
Class org.jetbrains.kotlin.gradle.plugin.sources.FragmentConsistencyChecks$languageVersionCheck$1: loaded 3 times (x 79B)
Class org.jetbrains.kotlin.gradle.plugin.sources.android.KotlinAndroidSourceSetLayout : loaded 3 times (x 72B)
Class org.jetbrains.kotlin.gradle.plugin.mpp.DecoratedKotlinCompilation               : loaded 3 times (x 191B)
Class org.jetbrains.kotlin.gradle.plugin.diagnostics.checkers.ExperimentalTryNextUsageChecker: loaded 3 times (x 74B)
Class [Lorg.jetbrains.kotlin.gradle.plugin.diagnostics.ToolingDiagnostic$Severity;    : loaded 3 times (x 69B)
Class [Lorg.jetbrains.kotlin.gradle.plugin.KotlinPlatformType;                        : loaded 3 times (x 69B)
Class org.jetbrains.kotlin.gradle.plugin.statistics.UsesBuildFusService               : loaded 3 times (x 70B)
Class org.jetbrains.kotlin.gradle.plugin.statistics.old.Pre232IdeaKotlinBuildStatsBeanService: loaded 3 times (x 95B)
Class org.jetbrains.kotlin.statistics.metrics.NumberOverridePolicy$AVERAGE            : loaded 3 times (x 85B)
Class org.jetbrains.kotlin.gradle.plugin.internal.SourceSetCompatibilityHelper$SourceSetCompatibilityHelperVariantFactory: loaded 3 times (x 70B)
Class com.android.build.gradle.internal.dsl.NdkBuildOptions$AgpDecorated_Decorated    : loaded 3 times (x 139B)
Class com.android.build.gradle.internal.dsl.NdkBuildOptions$AgpDecorated              : loaded 3 times (x 96B)
Class com.android.build.gradle.internal.dsl.CommonExtensionImpl$sdkComponents$2       : loaded 3 times (x 79B)
Class com.android.builder.model.PackagingOptions                                      : loaded 3 times (x 70B)
Class com.android.build.api.dsl.DynamicFeatureDefaultConfig                           : loaded 3 times (x 70B)
Class [Lcom.android.builder.core.ComponentType;                                       : loaded 3 times (x 69B)
Class com.android.build.gradle.internal.lint.LintFixBuildService$RegistrationAction   : loaded 3 times (x 74B)
Class com.android.sdklib.repository.generated.addon.v3.LibrariesType                  : loaded 3 times (x 75B)
Class com.android.builder.profile.NameAnonymizer$ProjectCacheLoader                   : loaded 3 times (x 76B)
Class com.android.tools.analytics.AnalyticsPaths                                      : loaded 3 times (x 71B)
Class com.google.gson.ToNumberPolicy$2                                                : loaded 3 times (x 83B)
Class com.android.build.api.extension.impl.DslLifecycleComponentsOperationsRegistrar  : loaded 3 times (x 72B)
Class com.android.ide.common.repository.GradleVersion$VersionSegment                  : loaded 3 times (x 75B)
Class org.jetbrains.kotlin.metadata.jvm.JvmProtoBuf$StringTableTypes$Record           : loaded 3 times (x 119B)
Class com.sun.xml.bind.api.RawAccessor                                                : loaded 3 times (x 73B)
Class com.sun.xml.bind.v2.model.impl.ClassInfoImpl                                    : loaded 3 times (x 137B)
Class com.sun.xml.bind.v2.model.impl.RuntimeBuiltinLeafInfoImpl$StringImpl            : loaded 3 times (x 134B)
Class com.sun.xml.bind.v2.model.impl.PropertySeed                                     : loaded 3 times (x 70B)
Class com.android.build.api.extension.impl.ApplicationAndroidComponentsExtensionImpl  : loaded 3 times (x 107B)
Class com.google.gson.Gson$1                                                          : loaded 3 times (x 76B)
Class org.jetbrains.kotlin.mpp.DeclarationSymbolMarker                                : loaded 3 times (x 70B)
Class org.jetbrains.kotlin.protobuf.MessageLite$Builder                               : loaded 3 times (x 70B)
Class com.android.build.gradle.internal.scope.InternalArtifactType$RENDERSCRIPT_SOURCE_OUTPUT_DIR: loaded 3 times (x 74B)
Class com.android.build.api.component.impl.features.ManifestPlaceholdersCreationConfigImpl: loaded 3 times (x 75B)
Class com.android.builder.profile.Recorder$VoidBlock                                  : loaded 3 times (x 70B)
Class com.google.wireless.android.sdk.stats.SmlGeolocationEvent                       : loaded 3 times (x 200B)
Class com.google.wireless.android.sdk.stats.MemorySettingsEvent                       : loaded 3 times (x 204B)
Class com.google.wireless.android.sdk.stats.ConnectionAssistantEventOrBuilder         : loaded 3 times (x 70B)
Class com.google.wireless.android.sdk.stats.StartupPerformanceCodeLoadedAndVisibleInEditorOrBuilder: loaded 3 times (x 70B)
Class com.google.wireless.android.sdk.stats.SuggestedImportEventOrBuilder             : loaded 3 times (x 70B)
Class com.android.tools.analytics.TestSupportLibraries$setters$1$4                    : loaded 3 times (x 125B)
Class com.google.common.collect.Tables                                                : loaded 3 times (x 71B)
Class org.jetbrains.kotlin.daemon.common.CompilerServicesFacadeBase                   : loaded 3 times (x 70B)
Class [Lorg.jetbrains.kotlin.daemon.common.OSKind;                                    : loaded 3 times (x 69B)
Class com.android.build.gradle.tasks.JavaCompileKt$computeJavaSourceWithoutDependencies$1$1: loaded 3 times (x 79B)
Class com.android.build.gradle.internal.tasks.CheckAarMetadataTask$CreationAction$configure$1: loaded 3 times (x 74B)
Class com.android.build.gradle.internal.lint.SourceProviderInput$initialize$5         : loaded 3 times (x 74B)
Class com.sun.xml.bind.IDResolver                                                     : loaded 3 times (x 75B)
Class com.android.sdklib.repository.generated.addon.v2.AddonDetailsType               : loaded 3 times (x 133B)
Class com.sun.xml.bind.v2.model.impl.Util                                             : loaded 3 times (x 71B)
Class [Lcom.sun.xml.bind.v2.model.core.PropertyKind;                                  : loaded 3 times (x 69B)
Class [Lcom.sun.xml.bind.v2.runtime.Location;                                         : loaded 3 times (x 69B)
Class com.sun.xml.bind.api.JAXBRIContext                                              : loaded 3 times (x 89B)
Class com.android.sdklib.repository.generated.addon.v3.package-info                   : loaded 3 times (x 70B)
Class com.android.build.gradle.internal.SdkLocator$SdkLocationSource                  : loaded 3 times (x 80B)
Class com.android.build.gradle.internal.tasks.BaseTask$ConfigureAction                : loaded 3 times (x 71B)
Class com.android.build.gradle.internal.tasks.UsesAnalytics$ConfigureAction           : loaded 3 times (x 71B)
Class com.android.build.gradle.internal.utils.ViolatingPluginDetector$detect$violatingPlugins$1: loaded 3 times (x 79B)
Class com.android.build.gradle.internal.scope.InternalArtifactType$COMPILE_R_CLASS_JAR: loaded 3 times (x 74B)
Class org.jetbrains.kotlin.gradle.tasks.configuration.BaseKotlinCompileConfig$1       : loaded 3 times (x 79B)
Class org.jetbrains.kotlin.gradle.plugin.UsesBuildFinishedListenerService             : loaded 3 times (x 70B)
Class org.jetbrains.kotlin.gradle.plugin.mpp.compilationImpl.factory.ConfigurationNaming$Default: loaded 3 times (x 75B)
Class org.jetbrains.kotlin.gradle.plugin.mpp.compilationImpl.KotlinCompilationSourceSetInclusion: loaded 3 times (x 72B)
Class com.android.build.gradle.internal.DependencyConfigurator$configureVariantTransforms$3$1: loaded 3 times (x 75B)
Class com.android.build.gradle.internal.ndk.NdkHandler                                : loaded 3 times (x 72B)
Class com.android.build.gradle.internal.lint.LintModelWriterTask$PerComponentCreationAction: loaded 3 times (x 90B)
Class com.android.build.gradle.internal.tasks.ProguardConfigurableTask                : loaded 3 times (x 349B)
Class com.android.build.gradle.internal.tasks.CompileArtProfileTask                   : loaded 3 times (x 343B)
Class com.android.build.gradle.tasks.MergeResources                                   : loaded 3 times (x 354B)
Class [Lcom.android.build.gradle.internal.TaskManager$MergeType;                      : loaded 3 times (x 69B)
Class com.android.build.gradle.internal.scope.InternalArtifactType$MANIFEST_MERGE_BLAME_FILE: loaded 3 times (x 74B)
Class com.android.build.gradle.internal.core.dsl.impl.InstrumentedTestDslInfoImpl$handleProfiling$fromFlavor$1: loaded 3 times (x 78B)
Class com.android.build.api.variant.Dexing                                            : loaded 3 times (x 70B)
Class com.android.build.api.variant.PropertyAccessNotAllowedException                 : loaded 3 times (x 82B)
Class org.jetbrains.kotlin.gradle.plugin.KotlinBaseApiPlugin                          : loaded 3 times (x 106B)
Class org.jetbrains.kotlin.gradle.targets.jvm.KotlinJvmTarget                         : loaded 3 times (x 170B)
Class org.jetbrains.kotlin.gradle.targets.js.dsl.KotlinWasmJsTargetDsl                : loaded 3 times (x 70B)
Class org.jetbrains.kotlin.gradle.plugin.diagnostics.checkers.DisabledNativeTargetsChecker$runChecks$1: loaded 3 times (x 88B)
Class org.jetbrains.kotlin.gradle.plugin.KotlinPluginLifecycleImpl$await$2$1          : loaded 3 times (x 79B)
Class org.jetbrains.kotlin.gradle.plugin.sources.DefaultLanguageSettingsBuilder       : loaded 3 times (x 100B)
Class org.jetbrains.kotlin.gradle.plugin.sources.FragmentConsistencyChecks$languageVersionCheck$2: loaded 3 times (x 78B)
Class org.jetbrains.kotlin.gradle.targets.CreateTargetConfigurationsSideEffectKt$CreateTargetConfigurationsSideEffect$1: loaded 3 times (x 74B)
Class org.jetbrains.kotlin.gradle.dsl.KotlinTargetContainerWithPresetFunctions        : loaded 3 times (x 70B)
Class org.jetbrains.kotlin.gradle.utils.GradleConfigurationUtilsKt                    : loaded 3 times (x 71B)
Class org.jetbrains.kotlin.gradle.plugin.StatisticsBuildFlowManager$subscribeForBuildResult$1: loaded 3 times (x 75B)
Class org.jetbrains.kotlin.gradle.plugin.internal.CustomPropertiesFileValueSource$Parameters: loaded 3 times (x 70B)
Class com.android.build.api.artifact.impl.SingleInitialProviderRequestImpl            : loaded 3 times (x 72B)
Class com.android.build.gradle.internal.BuildTypeData                                 : loaded 3 times (x 72B)
Class com.android.build.gradle.api.UnitTestVariant                                    : loaded 3 times (x 70B)
Class com.android.build.gradle.internal.dsl.SigningConfigImpl                         : loaded 3 times (x 97B)
Class com.android.ide.common.signing.KeystoreHelper                                   : loaded 3 times (x 71B)
Class com.android.build.gradle.internal.services.SymbolTableBuildService$RegistrationAction: loaded 3 times (x 74B)
Class com.android.manifmerger.ManifestMerger2$Invoker$Feature                         : loaded 3 times (x 79B)
Class com.android.build.gradle.internal.plugins.AndroidPluginBaseServices$configuratorService$2$1: loaded 3 times (x 79B)
Class com.google.common.base.Converter$ReverseConverter                               : loaded 3 times (x 90B)
Class com.google.gson.ToNumberPolicy$3                                                : loaded 3 times (x 83B)
Class com.android.build.gradle.internal.dsl.InternalCommonExtension                   : loaded 3 times (x 70B)
Class org.jetbrains.kotlin.gradle.plugin.KotlinCompilerArgumentsProducer$ContributeCompilerArgumentsContext: loaded 3 times (x 70B)
Class com.google.wireless.android.sdk.stats.ThreadingAgentUsageEventOrBuilder         : loaded 3 times (x 70B)
Class org.jetbrains.kotlin.protobuf.FieldSet$1                                        : loaded 3 times (x 71B)
Class org.jetbrains.org.objectweb.asm.tree.LdcInsnNode                                : loaded 3 times (x 78B)
Class com.android.build.gradle.internal.ide.v2.GlobalSyncService$Parameters           : loaded 3 times (x 70B)
Class org.jetbrains.kotlin.incremental.classpathDiff.ClasspathEntrySnapshotter        : loaded 3 times (x 71B)
Class com.android.build.gradle.internal.services.SymbolTableBuildService              : loaded 3 times (x 79B)
Class com.android.builder.core.AbstractProductFlavor                                  : loaded 3 times (x 195B)
Class com.google.wireless.android.sdk.stats.SdkIndexLibraryDetails                    : loaded 3 times (x 204B)
Class com.google.wireless.android.sdk.stats.OSMetrics                                 : loaded 3 times (x 198B)
Class com.google.wireless.android.sdk.stats.IdePluginInfo                             : loaded 3 times (x 198B)
Class com.android.tools.analytics.TestSupportLibraries$setters$1$5                    : loaded 3 times (x 125B)
Class org.jetbrains.kotlin.statistics.metrics.SumMetricContainer                      : loaded 3 times (x 80B)
Class org.jetbrains.kotlin.gradle.plugin.statistics.KotlinTaskExecutionMetrics        : loaded 3 times (x 71B)
Class org.jetbrains.kotlin.compilerRunner.GradleCompilerServicesFacadeImpl$WhenMappings: loaded 3 times (x 71B)
Class org.jetbrains.kotlin.daemon.client.KotlinCompilerClient$connectAndLease$1$result$1: loaded 3 times (x 79B)
Class org.jetbrains.kotlin.daemon.common.DummyProfiler                                : loaded 3 times (x 79B)
Class com.google.wireless.android.sdk.stats.UpgradeAssistantProcessorEventOrBuilder   : loaded 3 times (x 70B)
Class org.jetbrains.kotlin.gradle.logging.GradlePrintingMessageCollector              : loaded 3 times (x 77B)
Class org.jetbrains.kotlin.gradle.tasks.KotlinCompile$WhenMappings                    : loaded 3 times (x 71B)
Class com.android.build.gradle.internal.tasks.CheckAarMetadataTask$CreationAction$configure$2: loaded 3 times (x 74B)
Class org.jetbrains.kotlin.gradle.tasks.DefaultKotlinJavaToolchain$getToolsJarFromJvm$1: loaded 3 times (x 75B)
Class org.jetbrains.kotlin.build.report.metrics.GcMetrics                             : loaded 3 times (x 72B)
Class com.android.build.gradle.internal.lint.VariantInputs                            : loaded 3 times (x 104B)
Class com.android.build.gradle.internal.scope.BootClasspathBuilder$computeAdditionalAndRequestedOptionalLibraries$1: loaded 3 times (x 79B)
Class com.android.repository.impl.generated.v2.RepositoryType                         : loaded 3 times (x 86B)
Class [Ljavax.xml.bind.annotation.XmlNs;                                              : loaded 3 times (x 69B)
Class com.google.devtools.ksp.gradle.KspGradleSubplugin$applyToCompilation$kspTaskProvider$1$1: loaded 3 times (x 79B)
Class com.android.build.gradle.internal.publishing.KotlinMultiplatformVariantSpecBuilder: loaded 3 times (x 90B)
Class org.jetbrains.kotlin.gradle.plugin.diagnostics.UsesKotlinToolingDiagnosticsKt   : loaded 3 times (x 71B)
Class org.jetbrains.kotlin.gradle.tasks.configuration.BaseKotlinCompileConfig$2       : loaded 3 times (x 79B)
Class org.jetbrains.kotlin.gradle.plugin.BuildFinishedListenerService$Companion$registerIfAbsent$2$1$1: loaded 3 times (x 75B)
Class [Lcom.android.build.gradle.internal.dependency.DexingOutputSplitTransform$DexOutput;: loaded 3 times (x 69B)
Class com.android.build.gradle.internal.DependencyConfigurator$configureVariantTransforms$3$2: loaded 3 times (x 75B)
Class com.android.build.gradle.internal.dependency.ClassesDirToClassesTransform       : loaded 3 times (x 78B)
Class com.android.build.gradle.internal.dependency.AarResourcesCompilerTransform      : loaded 3 times (x 78B)
Class com.android.build.gradle.internal.dependency.MockableJarTransform$Inject_1      : loaded 3 times (x 109B)
Class com.google.wireless.android.sdk.stats.SmlAiExcludeEvent                         : loaded 3 times (x 200B)
Class com.android.build.gradle.internal.scope.InternalArtifactType$UNIT_TEST_LINT_PARTIAL_RESULTS: loaded 3 times (x 74B)
Class com.android.build.gradle.internal.test.AbstractTestDataImpl$minSdkVersion$1     : loaded 3 times (x 79B)
Class com.android.builder.compiling.BuildConfigType                                   : loaded 3 times (x 79B)
Class com.android.build.api.component.impl.DefaultSourcesProvider                     : loaded 3 times (x 70B)
Class com.android.build.gradle.internal.res.LinkAndroidResForBundleTask               : loaded 3 times (x 348B)
Class com.android.build.api.component.impl.OldVariantApiLegacySupportImpl$JavaCompileOptionsForOldVariantAPI: loaded 3 times (x 75B)
Class com.android.build.gradle.internal.tasks.ApplicationIdWriterTask                 : loaded 3 times (x 335B)
Class [Lcom.android.build.gradle.internal.publishing.AndroidArtifacts$ArtifactType;   : loaded 3 times (x 69B)
Class com.android.tools.build.jetifier.core.proguard.ProGuardTypesMap                 : loaded 3 times (x 72B)
Class com.android.build.api.variant.impl.VariantOutputConfigurationImpl               : loaded 3 times (x 76B)
Class com.android.build.api.variant.impl.ApplicationVariantImpl$renderscript$2        : loaded 3 times (x 79B)
Class com.android.build.gradle.internal.component.features.InstrumentationCreationConfig: loaded 3 times (x 70B)
Class com.android.build.api.variant.impl.HasHostTestsCreationConfig                   : loaded 3 times (x 70B)
Class com.android.build.gradle.internal.core.dsl.features.PrivacySandboxDslInfo       : loaded 3 times (x 70B)
Class org.jetbrains.kotlin.gradle.plugin.KotlinJvmFactory                             : loaded 3 times (x 70B)
Class org.jetbrains.kotlin.konan.target.KonanTarget$IOS_X64                           : loaded 3 times (x 78B)
Class org.jetbrains.kotlin.gradle.plugin.sources.android.KotlinAndroidSourceSetFactory$getOrCreateKotlinSourceSet$1: loaded 3 times (x 79B)
Class org.jetbrains.kotlin.gradle.plugin.mpp.InternalKotlinCompilation                : loaded 3 times (x 70B)
Class org.jetbrains.kotlin.gradle.utils.WhenEvaluatedKt                               : loaded 3 times (x 71B)
Class org.jetbrains.kotlin.gradle.targets.native.internal.AddKotlinPlatformIntegersSupportLibraryKt: loaded 3 times (x 71B)
Class org.jetbrains.kotlin.gradle.plugin.AbstractKotlinJsPluginWrapper                : loaded 3 times (x 87B)
Class org.jetbrains.kotlin.gradle.plugin.KotlinPluginWrapperKt                        : loaded 3 times (x 71B)
Class com.android.build.api.artifact.impl.SingleArtifactContainer$initArtifactContainer$1: loaded 3 times (x 79B)
Class com.android.build.gradle.internal.services.VariantServicesImpl                  : loaded 3 times (x 116B)
Class com.android.build.gradle.internal.dsl.ExternalNativeBuildOptions                : loaded 3 times (x 93B)
Class com.android.build.api.dsl.KeepRules                                             : loaded 3 times (x 70B)
Class [Lcom.google.protobuf.Internal$EnumLite;                                        : loaded 3 times (x 69B)
Class com.google.protobuf.CodedInputStream$ArrayDecoder                               : loaded 3 times (x 120B)
Class com.android.tools.analytics.HostData$osBean$2                                   : loaded 3 times (x 78B)
Class com.android.tools.analytics.HostData                                            : loaded 3 times (x 71B)
Class com.google.wireless.android.sdk.stats.MemoryUsageReportEvent                    : loaded 3 times (x 211B)
Class com.android.build.gradle.internal.LoggerWrapper                                 : loaded 3 times (x 86B)
Class com.google.gson.ToNumberPolicy$4                                                : loaded 3 times (x 83B)
Class com.android.build.gradle.options.Option$Status$Deprecated                       : loaded 3 times (x 72B)
Class com.google.wireless.android.sdk.stats.SuggestedImportEvent                      : loaded 3 times (x 196B)
Class com.android.build.gradle.internal.utils.GuavaKtxKt                              : loaded 3 times (x 71B)
Class com.android.build.gradle.internal.plugins.TestPlugin                            : loaded 3 times (x 96B)
Class com.google.devtools.ksp.gradle.KspGradleSubplugin                               : loaded 3 times (x 83B)
Class com.android.build.api.dsl.BundleDeviceTier                                      : loaded 3 times (x 70B)
Class com.android.build.api.dsl.BundleCountrySet                                      : loaded 3 times (x 70B)
Class com.android.build.api.dsl.BundleLanguage                                        : loaded 3 times (x 70B)
Class org.jetbrains.kotlin.metadata.ProtoBuf$Class$Kind$1                             : loaded 3 times (x 74B)
Class org.jetbrains.kotlin.protobuf.SmallSortedMap$Entry                              : loaded 3 times (x 88B)
Class org.jetbrains.kotlin.metadata.ProtoBuf$Package$1                                : loaded 3 times (x 144B)
Class org.jetbrains.kotlin.statistics.AnonymizerUtilsKt                               : loaded 3 times (x 71B)
Class org.jetbrains.org.objectweb.asm.tree.UnsupportedClassVersionException           : loaded 3 times (x 82B)
Class org.jetbrains.org.objectweb.asm.tree.RecordComponentNode                        : loaded 3 times (x 79B)
Class com.google.wireless.android.sdk.stats.ComposePreviewCanvasEvent                 : loaded 3 times (x 196B)
Class com.google.wireless.android.sdk.stats.VfsRefresh                                : loaded 3 times (x 194B)
Class com.android.tools.analytics.TestSupportLibraries$setters$1$6                    : loaded 3 times (x 125B)
Class com.google.wireless.android.sdk.stats.AndroidStudioEvent$Builder                : loaded 3 times (x 905B)
Class org.jetbrains.kotlin.daemon.client.KotlinCompilerClient$tryFindSuitableDaemonOrNewOpts$aliveWithMetadata$1: loaded 3 times (x 79B)
Class org.jetbrains.kotlin.cli.common.arguments.CommonCompilerArguments$VersionKind   : loaded 3 times (x 79B)
Class org.jetbrains.kotlin.gradle.plugin.KotlinCompilerArgumentsProducer$ArgumentType : loaded 3 times (x 79B)
Class org.jetbrains.kotlin.gradle.plugin.mpp.compilationImpl.DefaultKotlinCompilationFriendPathsResolver$resolveFriendPaths$1$1$compileTaskOutput$1: loaded 3 times (x 74B)
Class org.jetbrains.kotlin.gradle.tasks.KotlinCompile$scriptExtensions$1              : loaded 3 times (x 79B)
Class org.jetbrains.kotlin.gradle.tasks.K2MultiplatformStructure$Fragment             : loaded 3 times (x 72B)
Class com.android.build.gradle.internal.lint.AndroidArtifactInput_Decorated           : loaded 3 times (x 159B)
Class com.android.build.gradle.internal.lint.KotlinCompilationWrapper                 : loaded 3 times (x 72B)
Class com.android.build.gradle.internal.scope.BootClasspathBuilder$computeAdditionalAndRequestedOptionalLibraries$2: loaded 3 times (x 80B)
Class com.android.repository.impl.generated.v1.PatchesType                            : loaded 3 times (x 75B)
Class [Lcom.sun.xml.bind.v2.model.core.ID;                                            : loaded 3 times (x 69B)
Class javax.xml.bind.annotation.XmlAttribute                                          : loaded 3 times (x 70B)
Class com.android.sdklib.repository.generated.repository.v3.package-info              : loaded 3 times (x 70B)
Class com.android.build.gradle.internal.FileExistsValueSource$Params$Inject_          : loaded 3 times (x 106B)
Class org.jetbrains.kotlin.compilerRunner.CompilerSystemPropertiesService$Companion$registerIfAbsent$1: loaded 3 times (x 75B)
Class org.jetbrains.kotlin.gradle.plugin.mpp.compilationImpl.KotlinAndroidCompilationAssociator: loaded 3 times (x 74B)
Class org.jetbrains.kotlin.gradle.plugin.mpp.KotlinJvmAndroidCompilationFactory       : loaded 3 times (x 81B)
Class com.android.build.gradle.internal.api.BaseVariantImpl                           : loaded 3 times (x 215B)
Class com.android.build.gradle.internal.tasks.PackageBundleTask$CreationAction        : loaded 3 times (x 90B)
Class com.android.build.gradle.tasks.JavaPreCompileTask                               : loaded 3 times (x 335B)
Class com.android.build.gradle.internal.res.LinkAndroidResForBundleTask$CreationAction$handleProvider$1: loaded 3 times (x 127B)
Class com.android.build.gradle.tasks.ProcessApplicationManifest$CreationAction        : loaded 3 times (x 90B)
Class com.android.build.gradle.internal.scope.InternalArtifactType$COMPILE_MANIFEST_JAR: loaded 3 times (x 74B)
Class com.android.tools.build.jetifier.core.config.Config$Companion                   : loaded 3 times (x 71B)
Class com.android.build.gradle.internal.tasks.StripDebugSymbolsTask$CreationAction    : loaded 3 times (x 90B)
Class com.android.build.api.component.impl.ComponentImpl$sources$2                    : loaded 3 times (x 79B)
Class com.android.build.api.variant.impl.ApplicationVariantImpl_Decorated             : loaded 3 times (x 664B)
Class com.android.build.gradle.internal.variant.ApplicationVariantData                : loaded 3 times (x 76B)
Class com.android.build.gradle.internal.profile.ProfilingMode                         : loaded 3 times (x 79B)
Class com.android.build.api.variant.CanMinifyAndroidResources                         : loaded 3 times (x 70B)
Class org.jetbrains.kotlin.gradle.plugin.diagnostics.checkers.WasmJsEnvironmentChecker: loaded 3 times (x 76B)
Class org.jetbrains.kotlin.gradle.plugin.diagnostics.checkers.AndroidPluginWithoutAndroidTargetChecker: loaded 3 times (x 74B)
Class org.jetbrains.kotlin.gradle.report.BuildScanExtensionHolder                     : loaded 3 times (x 72B)
Class org.jetbrains.kotlin.statistics.metrics.NumberOverridePolicy                    : loaded 3 times (x 85B)
Class org.jetbrains.kotlin.statistics.metrics.StringAnonymizationPolicy$AllowedListAnonymizer$Companion: loaded 3 times (x 71B)
Class org.jetbrains.kotlin.gradle.plugin.internal.DefaultProjectIsolationStartParameterAccessor_Decorated: loaded 3 times (x 121B)
Class org.jetbrains.kotlin.gradle.plugin.internal.ProjectIsolationStartParameterAccessorKt: loaded 3 times (x 71B)
Class org.jetbrains.kotlin.gradle.testing.internal.KotlinTestsRegistry                : loaded 3 times (x 72B)
Class com.android.build.api.artifact.impl.TypedStorageProvider$getArtifact$1$1        : loaded 3 times (x 79B)
Class com.android.build.gradle.internal.tasks.GlobalTask                              : loaded 3 times (x 70B)
Class com.android.build.api.artifact.impl.StorageProviderImpl$fileStorage$1           : loaded 3 times (x 78B)
Class com.android.build.api.dsl.JacocoOptions                                         : loaded 3 times (x 70B)
Class com.android.build.gradle.internal.api.LazyAndroidSourceSet                      : loaded 3 times (x 72B)
Class com.android.build.gradle.internal.CompileOptionsInternal                        : loaded 3 times (x 70B)
Class com.android.builder.profile.AnalyticsProfileWriter$Companion                    : loaded 3 times (x 71B)
Class kotlin.text.StringsKt__StringsKt                                                : loaded 3 times (x 71B)
Class com.google.protobuf.ProtocolStringList                                          : loaded 3 times (x 70B)
Class com.android.build.gradle.internal.errors.SyncIssueReporterImpl$GlobalSyncIssueService$Parameters_Decorated: loaded 3 times (x 133B)
Class com.google.gson.internal.sql.SqlTypesSupport                                    : loaded 3 times (x 71B)
Class com.google.gson.Gson                                                            : loaded 3 times (x 72B)
Class org.jetbrains.kotlin.descriptors.SourceElement                                  : loaded 3 times (x 70B)
Class com.android.build.gradle.internal.plugins.AndroidPluginBaseServices$projectServices$2: loaded 3 times (x 79B)
Class com.android.build.api.dsl.DefaultConfig                                         : loaded 3 times (x 70B)
Class com.android.build.gradle.internal.VariantManager                                : loaded 3 times (x 72B)
Class org.gradle.toolchains.foojay.FoojayToolchainsConventionPlugin$apply$1$1$1       : loaded 3 times (x 74B)
Class com.android.build.gradle.internal.dsl.JniLibsPackagingImpl                      : loaded 3 times (x 89B)
Class org.jetbrains.kotlin.metadata.ProtoBuf$TypeParameter$Variance$1                 : loaded 3 times (x 74B)
Class com.android.build.gradle.TestedExtension                                        : loaded 3 times (x 219B)
Class org.jetbrains.kotlin.protobuf.FieldSet$FieldDescriptorLite                      : loaded 3 times (x 70B)
Class org.jetbrains.kotlin.protobuf.AbstractMessageLite                               : loaded 3 times (x 98B)
Class org.jetbrains.kotlin.gradle.plugin.CompilerPluginConfig                         : loaded 3 times (x 72B)
Class com.android.build.gradle.internal.dsl.PrivacySandboxSdkExtensionImpl            : loaded 3 times (x 128B)
Class com.google.wireless.android.sdk.stats.SmlChatBotEvent                           : loaded 3 times (x 221B)
Class com.google.wireless.android.sdk.stats.ImportSampleEventOrBuilder                : loaded 3 times (x 70B)
Class com.android.tools.analytics.TestSupportLibraries$setters$1$7                    : loaded 3 times (x 125B)
Class org.jetbrains.kotlin.gradle.tasks.AbstractKotlinCompile$compilerRunner$1$2$1    : loaded 3 times (x 75B)
Class org.jetbrains.kotlin.gradle.tasks.AbstractKotlinCompile$WhenMappings            : loaded 3 times (x 71B)
Class com.android.build.api.variant.impl.LayeredSourceDirectoriesImpl$getVariantSourcesWithFilter$2$projectDir$1: loaded 3 times (x 75B)
Class org.jetbrains.kotlin.gradle.tasks.KotlinCompilerExecutionStrategy               : loaded 3 times (x 79B)
Class com.android.tools.lint.model.LintModelArtifact                                  : loaded 3 times (x 70B)
Class com.android.build.gradle.internal.lint.LintMode                                 : loaded 3 times (x 79B)
Class com.android.build.gradle.internal.scope.BootClasspathBuilder$computeAdditionalAndRequestedOptionalLibraries$3: loaded 3 times (x 77B)
Class com.sun.xml.bind.v2.model.impl.TypeRefImpl                                      : loaded 3 times (x 87B)
Class com.android.repository.impl.meta.Archive                                        : loaded 3 times (x 84B)
Class com.android.repository.api.Dependency                                           : loaded 3 times (x 77B)
Class org.jetbrains.kotlin.gradle.plugin.statistics.FusMetrics                        : loaded 3 times (x 70B)
Class org.jetbrains.kotlin.gradle.plugin.sources.DefaultKotlinSourceSet$special$$inlined$Iterable$1: loaded 3 times (x 79B)
Class org.jetbrains.kotlin.gradle.plugin.mpp.compilationImpl.factory.KotlinCompilationImplFactory$KotlinCompilerOptionsFactory$Options: loaded 3 times (x 72B)
Class com.android.build.gradle.internal.DependencyConfigurator$configureGeneralTransforms$13: loaded 3 times (x 75B)
Class com.android.ide.common.workers.WorkerExecutorFacade                             : loaded 3 times (x 70B)
Class com.android.build.gradle.internal.scope.InternalArtifactType$MERGED_STARTUP_PROFILE: loaded 3 times (x 74B)
Class com.android.build.gradle.internal.tasks.featuresplit.PackagedDependenciesWriterTask: loaded 3 times (x 335B)
Class com.android.build.gradle.internal.tasks.R8VersionCheckException                 : loaded 3 times (x 82B)
Class com.android.build.gradle.internal.scope.InternalArtifactType$COMPILE_AND_RUNTIME_NOT_NAMESPACED_R_CLASS_JAR: loaded 3 times (x 74B)
Class com.android.build.gradle.internal.tasks.factory.features.AndroidResourcesTaskCreationAction: loaded 3 times (x 70B)
Class com.android.build.gradle.tasks.ProcessPackagedManifestTask$CreationAction$handleProvider$1: loaded 3 times (x 127B)
Class com.android.tools.build.jetifier.core.rule.RewriteRulesMap                      : loaded 3 times (x 72B)
Class com.google.gson.internal.UnsafeAllocator                                        : loaded 3 times (x 72B)
Class com.android.build.gradle.internal.tasks.ExtractNativeDebugMetadataTask$FullCreationAction: loaded 3 times (x 91B)
Class com.android.build.gradle.internal.services.VariantBuilderServicesImpl$ValueImpl : loaded 3 times (x 76B)
Class org.jetbrains.kotlin.gradle.plugin.KotlinCompilation                            : loaded 3 times (x 70B)
Class org.jetbrains.kotlin.gradle.plugin.KotlinTargetConfiguratorKt                   : loaded 3 times (x 71B)
Class org.jetbrains.kotlin.tooling.core.Extras$Type$Companion                         : loaded 3 times (x 71B)
Class com.android.build.gradle.internal.tasks.DeviceSerialTestTask                    : loaded 3 times (x 321B)
Class com.android.build.gradle.internal.dsl.LanguageSplitOptions                      : loaded 3 times (x 79B)
Class com.android.build.gradle.internal.dsl.ApplicationAndroidResourcesImpl           : loaded 3 times (x 126B)
Class org.gradle.toolchains.foojay.FoojayToolchainsConventionPlugin$apply$1$1$1$1     : loaded 3 times (x 74B)
Class org.gradle.internal.installation.CurrentGradleInstallation                      : loaded 2 times (x 73B)
Class org.gradle.util.GradleVersion                                                   : loaded 2 times (x 81B)
Class jdk.internal.jrtfs.JrtDirectoryStream                                           : loaded 2 times (x 89B)
Class org.gradle.internal.service.DefaultServiceLocator                               : loaded 2 times (x 83B)
Class com.android.zipflinger.Source                                                   : loaded 2 times (x 86B)
Class org.jetbrains.kotlin.compilerRunner.btapi.SharedApiClassesClassLoaderProvider   : loaded 2 times (x 74B)
Class org.jetbrains.kotlin.com.intellij.openapi.util.ThreadLocalCachedValue           : loaded 2 times (x 75B)
Class org.gradle.internal.installation.CurrentGradleInstallationLocator               : loaded 2 times (x 71B)
Class com.android.zipflinger.BytesSource                                              : loaded 2 times (x 87B)
Class org.jetbrains.kotlin.buildtools.api.SharedApiClassesClassLoaderImpl             : loaded 2 times (x 101B)
Class org.jetbrains.kotlin.incremental.storage.LinkedHashMapExternalizer              : loaded 2 times (x 80B)
Class org.jetbrains.kotlin.metadata.ProtoBuf$1                                        : loaded 2 times (x 71B)
Class org.gradle.internal.time.Timer                                                  : loaded 2 times (x 70B)
Class org.gradle.util.internal.GUtil                                                  : loaded 2 times (x 71B)
Class ijJvmDebugger1_6exoogiqucn4ifsb74qw96f7m                                        : loaded 2 times (x 171B)
Class org.jetbrains.kotlin.incremental.storage.NullableValueExternalizer              : loaded 2 times (x 76B)
Class com.android.build.gradle.internal.feature.BundleAllClasses$doTaskAction$1       : loaded 2 times (x 75B)
Class org.jetbrains.kotlin.gradle.internal.kapt.incremental.AnnotationTypeExtractorVisitor: loaded 2 times (x 77B)
Class org.jetbrains.kotlin.incremental.storage.ClassIdExternalizer                    : loaded 2 times (x 75B)
Class com.android.zipflinger.FreeStore$Zone                                           : loaded 2 times (x 73B)
Class org.jetbrains.kotlin.incremental.classpathDiff.ClassFile                        : loaded 2 times (x 72B)
Class org.jetbrains.kotlin.incremental.storage.FqNameExternalizer                     : loaded 2 times (x 75B)
Class org.jetbrains.kotlin.incremental.storage.SetExternalizer                        : loaded 2 times (x 80B)
Class org.gradle.tooling.model.BuildIdentifier                                        : loaded 2 times (x 70B)
Class com.android.zipflinger.LargeFileSource                                          : loaded 2 times (x 87B)
Class org.jetbrains.kotlin.metadata.jvm.deserialization.JvmMetadataVersion$Companion  : loaded 2 times (x 71B)
Class com.android.build.gradle.internal.feature.BundleAllClasses$BundleAllClassesWorkAction$Inject_: loaded 2 times (x 108B)
Class org.jetbrains.kotlin.gradle.internal.ClassLoadersCachingBuildService$Inject_    : loaded 2 times (x 96B)
Class com.google.gson.internal.bind.TypeAdapters$EnumTypeAdapter$1                    : loaded 2 times (x 77B)
Class com.android.zipflinger.CentralDirectory                                         : loaded 2 times (x 79B)
Class org.jetbrains.kotlin.incremental.classpathDiff.RegularKotlinClassSnapshot       : loaded 2 times (x 76B)
Class org.gradle.internal.time.Time                                                   : loaded 2 times (x 71B)
Class com.android.build.gradle.internal.tasks.NonIncrementalTask$taskAction$$inlined$recordTaskAction$1: loaded 2 times (x 75B)
Class org.jetbrains.kotlin.incremental.DifferenceCalculatorForPackageFacade           : loaded 2 times (x 74B)
Class com.android.zipflinger.ZipSourceEntry                                           : loaded 2 times (x 86B)
Class org.jetbrains.kotlin.incremental.classpathDiff.JavaClassMemberLevelSnapshotExternalizer: loaded 2 times (x 75B)
Class org.gradle.internal.exceptions.DefaultMultiCauseException                       : loaded 2 times (x 95B)
Class org.jetbrains.kotlin.incremental.DifferenceCalculatorForPackageFacade$Companion$getNonPrivateMembers$membersResolvers$3: loaded 2 times (x 125B)
Class org.jetbrains.kotlin.incremental.classpathDiff.PackageFacadeKotlinClassSnapshotExternalizer: loaded 2 times (x 75B)
Class jdk.internal.jimage.decompressor.CompressedResourceHeader                       : loaded 2 times (x 71B)
Class org.jetbrains.kotlin.incremental.KotlinClassInfo                                : loaded 2 times (x 72B)
Class org.jetbrains.kotlin.incremental.DifferenceCalculatorForPackageFacade$Companion$getNonPrivateMembers$membersResolvers$2: loaded 2 times (x 125B)
Class org.gradle.tooling.model.ProjectModel                                           : loaded 2 times (x 70B)
Class jdk.internal.jrtfs.JrtFileSystem                                                : loaded 2 times (x 102B)
Class org.jetbrains.kotlin.incremental.DifferenceCalculatorForPackageFacade$Companion$getNonPrivateMembers$membersResolvers$1: loaded 2 times (x 125B)
Class org.gradle.internal.time.CountdownTimer                                         : loaded 2 times (x 70B)
Class org.gradle.internal.exceptions.MultiCauseException                              : loaded 2 times (x 70B)
Class [Lorg.jetbrains.kotlin.com.intellij.util.io.DataExternalizer;                   : loaded 2 times (x 69B)
Class org.jetbrains.kotlin.incremental.ProtoDifferenceUtilsKt                         : loaded 2 times (x 71B)
Class org.jetbrains.kotlin.incremental.classpathDiff.JavaClassSnapshotExternalizer    : loaded 2 times (x 75B)
Class com.android.zipflinger.ZipArchive                                               : loaded 2 times (x 95B)
Class org.jetbrains.kotlin.incremental.classpathDiff.KotlinClassHeaderClassVisitor    : loaded 2 times (x 87B)
Class org.jetbrains.kotlin.incremental.ProtoData                                      : loaded 2 times (x 71B)
Class ijKotlinCoroutineJvmDebugInit1_522lvnjp0jm881vnayjmxv074$_run_closure1$_closure2: loaded 2 times (x 139B)
Class com.android.zipflinger.Sources                                                  : loaded 2 times (x 71B)
Class com.android.builder.errors.DefaultIssueReporter                                 : loaded 2 times (x 74B)
Class com.android.build.gradle.internal.tasks.NonIncrementalTaskKt                    : loaded 2 times (x 71B)
Class org.jetbrains.kotlin.incremental.classpathDiff.ClasspathEntrySnapshotExternalizer: loaded 2 times (x 75B)
Class org.jetbrains.kotlin.incremental.PackagePartProtoData                           : loaded 2 times (x 72B)
Class jdk.internal.jimage.ImageStrings                                                : loaded 2 times (x 70B)
Class com.android.utils.PathUtils                                                     : loaded 2 times (x 71B)
Class org.gradle.internal.exceptions.NonGradleCauseExceptionsHolder                   : loaded 2 times (x 70B)
Class com.google.wireless.android.sdk.stats.GradleTaskExecution                       : loaded 2 times (x 204B)
Class com.android.zipflinger.ZipSource                                                : loaded 2 times (x 81B)
Class org.jetbrains.kotlin.incremental.classpathDiff.PackageFacadeKotlinClassSnapshot : loaded 2 times (x 76B)
Class org.jetbrains.kotlin.incremental.classpathDiff.ClassSnapshotExternalizer        : loaded 2 times (x 76B)
Class org.gradle.internal.classpath.DefaultClassPath$ImmutableUniqueList$Builder      : loaded 2 times (x 75B)
Class com.google.gson.internal.LinkedTreeMap$KeySet$1                                 : loaded 2 times (x 80B)
Class org.jetbrains.kotlin.incremental.ClasspathChanges$ClasspathSnapshotEnabled$IncrementalRun$ToBeComputedByIncrementalCompiler: loaded 2 times (x 73B)
Class jdk.internal.jimage.decompressor.ZipDecompressor                                : loaded 2 times (x 75B)
Class Settings_gradle                                                                 : loaded 2 times (x 124B)
Class org.jetbrains.kotlin.inline.InlineFunction                                      : loaded 2 times (x 75B)
Class org.gradle.internal.classloader.VisitableURLClassLoader                         : loaded 2 times (x 117B)
Class ijJvmDebugger1_6exoogiqucn4ifsb74qw96f7m$_run_closure1$_closure2                : loaded 2 times (x 140B)
Class org.gradle.api.internal.classpath.Module$ModuleAlias                            : loaded 2 times (x 70B)
Class Settings_gradle$1$1                                                             : loaded 2 times (x 74B)
Class com.android.zipflinger.Zip64                                                    : loaded 2 times (x 71B)
Class com.android.build.gradle.tasks.JavaCompileUtils$WhenMappings                    : loaded 2 times (x 71B)
Class org.jetbrains.kotlin.incremental.classpathDiff.JavaElementSnapshotExternalizer  : loaded 2 times (x 75B)
Class org.gradle.internal.classloader.ClassLoaderSpec                                 : loaded 2 times (x 71B)
Class org.jetbrains.kotlin.incremental.classpathDiff.JavaElementSnapshot              : loaded 2 times (x 72B)
Class com.google.wireless.android.sdk.stats.AnnotationProcessorInfo$InclusionType$1   : loaded 2 times (x 76B)
Class com.google.wireless.android.sdk.stats.GradleTaskExecutionOrBuilder              : loaded 2 times (x 70B)
Class org.jetbrains.kotlin.incremental.ClassNodeSnapshotter                           : loaded 2 times (x 71B)
Class org.jetbrains.kotlin.com.intellij.util.io.DataExternalizer                      : loaded 2 times (x 70B)
Class org.jetbrains.kotlin.incremental.DifferenceCalculator                           : loaded 2 times (x 73B)
Class org.gradle.tooling.GradleConnectionException                                    : loaded 2 times (x 83B)
Class org.jetbrains.kotlin.incremental.DifferenceCalculatorForPackageFacade$Companion : loaded 2 times (x 71B)
Class org.gradle.util.internal.DefaultGradleVersion                                   : loaded 2 times (x 82B)
Class jdk.internal.jimage.decompressor.ZipDecompressorFactory                         : loaded 2 times (x 74B)
Class org.gradle.internal.classpath.DefaultClassPath                                  : loaded 2 times (x 90B)
Class org.gradle.internal.classloader.VisitableURLClassLoader$Spec                    : loaded 2 times (x 74B)
Class org.jetbrains.kotlin.buildtools.internal.CompilationServiceImpl                 : loaded 2 times (x 80B)
Class com.android.zipflinger.Zip64$Policy                                             : loaded 2 times (x 79B)
Class org.jetbrains.kotlin.incremental.classpathDiff.InnerClassesClassVisitor         : loaded 2 times (x 87B)
Class ijInit1_ic8vcn5f6c70j5a9pxamkuls                                                : loaded 2 times (x 171B)
Class org.gradle.internal.classloader.VisitableURLClassLoader$InstrumentingVisitableURLClassLoader: loaded 2 times (x 123B)
Class org.jetbrains.kotlin.buildtools.api.CompilationService                          : loaded 2 times (x 70B)
Class org.jetbrains.kotlin.utils.StringsKt                                            : loaded 2 times (x 71B)
Class org.jetbrains.kotlin.incremental.classpathDiff.ClassFileWithContentsProvider    : loaded 2 times (x 72B)
Class jdk.internal.jimage.ImageReader$Directory                                       : loaded 2 times (x 84B)
Class com.android.zipflinger.ZipMap                                                   : loaded 2 times (x 81B)
Class org.jetbrains.kotlin.inline.InlineFunctionOrAccessor                            : loaded 2 times (x 70B)
Class org.jetbrains.kotlin.incremental.ClassProtoData                                 : loaded 2 times (x 72B)
Class org.gradle.internal.time.Clock                                                  : loaded 2 times (x 70B)
Class com.intellij.gradle.toolingExtension.impl.model.utilDummyModel.DummyModel       : loaded 2 times (x 70B)
Class jdk.internal.jimage.decompressor.ResourceDecompressorRepository                 : loaded 2 times (x 71B)
Class org.jetbrains.kotlin.incremental.KotlinClassInfo$ExtraInfo                      : loaded 2 times (x 72B)
Class org.jetbrains.kotlin.incremental.storage.MapExternalizer                        : loaded 2 times (x 80B)
Class org.jetbrains.kotlin.serialization.deserialization.ProtoEnumFlagsUtilsKt$WhenMappings: loaded 2 times (x 71B)
Class jdk.internal.jimage.ImageReader$SharedImageReader$LocationVisitor               : loaded 2 times (x 70B)
Class org.gradle.api.specs.Spec                                                       : loaded 2 times (x 70B)
Class org.jetbrains.kotlin.incremental.storage.IntExternalizer                        : loaded 2 times (x 75B)
Class org.gradle.internal.time.TimeSource$1                                           : loaded 2 times (x 77B)
Class [Lcom.android.build.gradle.tasks.ProcessorInfo;                                 : loaded 2 times (x 69B)
Class org.jetbrains.kotlin.inline.InlineUtilKt$WhenMappings                           : loaded 2 times (x 71B)
Class org.gradle.internal.classloader.ClasspathUtil                                   : loaded 2 times (x 71B)
Class com.android.zipflinger.Entry                                                    : loaded 2 times (x 94B)
Class org.jetbrains.kotlin.incremental.storage.InlineFunctionExternalizer             : loaded 2 times (x 75B)
Class org.gradle.tooling.model.ProjectIdentifier                                      : loaded 2 times (x 70B)
Class sync_studio_tooling_37am2o6lanxxvsl800e0346y2                                   : loaded 2 times (x 171B)
Class jdk.internal.jrtfs.JrtPath                                                      : loaded 2 times (x 118B)
Class jdk.internal.jimage.ImageBufferCache                                            : loaded 2 times (x 71B)
Class com.android.build.gradle.tasks.JavaCompileUtils$readAnnotationProcessorsFromJsonFile$1$1: loaded 2 times (x 75B)
Class com.google.wireless.android.sdk.stats.GradleBuildProfileSpan$1                  : loaded 2 times (x 151B)
Class org.jetbrains.kotlin.incremental.classpathDiff.BasicClassInfo                   : loaded 2 times (x 72B)
Class org.gradle.internal.exceptions.ResolutionProvider                               : loaded 2 times (x 70B)
Class org.jetbrains.kotlin.descriptors.CallableMemberDescriptor$Kind                  : loaded 2 times (x 79B)
Class org.gradle.tooling.internal.gradle.GradleBuildIdentity                          : loaded 2 times (x 70B)
Class com.google.wireless.android.sdk.stats.AnnotationProcessorInfo$InclusionType     : loaded 2 times (x 87B)
Class org.jetbrains.kotlin.com.intellij.util.io.IOUtil$2                              : loaded 2 times (x 76B)
Class [Lkotlin.reflect.KFunction;                                                     : loaded 2 times (x 69B)
Class org.gradle.internal.time.TimeSource                                             : loaded 2 times (x 70B)
Class com.android.zipflinger.EndOfCentralDirectory                                    : loaded 2 times (x 77B)
Class org.jetbrains.kotlin.com.intellij.util.io.IOUtil$1                              : loaded 2 times (x 83B)
Class org.gradle.internal.service.CachingServiceLocator                               : loaded 2 times (x 82B)
Class com.android.build.gradle.internal.profile.ProfileAwareWorkAction$Parameters     : loaded 2 times (x 75B)
Class org.jetbrains.org.objectweb.asm.tree.ParameterNode                              : loaded 2 times (x 73B)
Class org.gradle.internal.classloader.ClassLoaderFactory                              : loaded 2 times (x 70B)
Class com.google.gson.internal.$Gson$Types$WildcardTypeImpl                           : loaded 2 times (x 80B)
Class jdk.internal.jrtfs.JrtFileAttributes                                            : loaded 2 times (x 83B)
Class org.gradle.internal.service.ServiceLookupException                              : loaded 2 times (x 82B)
Class [Lcom.android.builder.errors.IssueReporter$Severity;                            : loaded 2 times (x 69B)
Class org.jetbrains.kotlin.buildtools.api.CompilerArgumentsParseException             : loaded 2 times (x 82B)
Class org.jetbrains.kotlin.incremental.storage.ListExternalizer                       : loaded 2 times (x 80B)
Class org.gradle.internal.time.MonotonicClock                                         : loaded 2 times (x 77B)
Class jdk.internal.jimage.ImageReader$Resource                                        : loaded 2 times (x 84B)
Class jdk.internal.jimage.decompressor.Decompressor                                   : loaded 2 times (x 72B)
Class com.android.zipflinger.Archive                                                  : loaded 2 times (x 70B)
Class com.android.build.gradle.internal.feature.BundleAllClasses$BundleAllClassesWorkAction$Parameters$Inject_: loaded 2 times (x 109B)
Class org.jetbrains.kotlin.incremental.classpathDiff.RegularKotlinClassSnapshotExternalizer: loaded 2 times (x 75B)
Class com.android.zipflinger.ZipWriter                                                : loaded 2 times (x 86B)
Class org.gradle.internal.installation.GradleInstallation                             : loaded 2 times (x 75B)
Class jdk.internal.jimage.decompressor.ResourceDecompressor$StringsProvider           : loaded 2 times (x 70B)
Class jdk.internal.jimage.BasicImageReader$1                                          : loaded 2 times (x 77B)
Class org.gradle.api.internal.classpath.DefaultModuleRegistry                         : loaded 2 times (x 84B)
Class org.jetbrains.kotlin.incremental.storage.InlineFunctionOrAccessorExternalizer   : loaded 2 times (x 76B)
Class org.jetbrains.kotlin.incremental.storage.CollectionExternalizerV2               : loaded 2 times (x 80B)
Class org.jetbrains.kotlin.gradle.internal.kapt.incremental.ClassTypeExtractorVisitorKt: loaded 2 times (x 71B)
Class com.android.zipflinger.ZipSourceEntryPipe                                       : loaded 2 times (x 87B)
Class org.jetbrains.kotlin.incremental.storage.JvmClassNameExternalizer               : loaded 2 times (x 75B)
Class jdk.internal.jimage.ImageReader$Node                                            : loaded 2 times (x 84B)
Class com.android.build.gradle.internal.profile.ProfileAwareWorkAction                : loaded 2 times (x 77B)
Class org.jetbrains.kotlin.incremental.ConstantValueExternalizer                      : loaded 2 times (x 76B)
Class jdk.internal.jimage.decompressor.ResourceDecompressorFactory                    : loaded 2 times (x 74B)
Class org.gradle.internal.installation.GradleInstallation$1                           : loaded 2 times (x 75B)
Class org.gradle.api.internal.classpath.ModuleRegistry                                : loaded 2 times (x 70B)
Class com.android.build.gradle.internal.feature.BundleAllClasses$BundleAllClassesWorkAction$run$collector$1: loaded 2 times (x 79B)
Class com.android.zipflinger.Ints                                                     : loaded 2 times (x 71B)
Class org.jetbrains.kotlin.gradle.internal.kapt.incremental.ClassAbiExtractorKt       : loaded 2 times (x 71B)
Class ijInit1_ic8vcn5f6c70j5a9pxamkuls$_run_closure1                                  : loaded 2 times (x 140B)
Class jdk.internal.jimage.ImageReader$SharedImageReader                               : loaded 2 times (x 95B)
Class com.android.build.gradle.internal.tasks.Blocks$ThrowingBlock                    : loaded 2 times (x 70B)
Class jdk.internal.jimage.ImageReader                                                 : loaded 2 times (x 75B)
Class org.jetbrains.kotlin.incremental.storage.StringExternalizer                     : loaded 2 times (x 75B)
Class [Lcom.google.wireless.android.sdk.stats.AnnotationProcessorInfo$InclusionType;  : loaded 2 times (x 69B)
Class [Lcom.android.zipflinger.Zip64$Policy;                                          : loaded 2 times (x 69B)
Class com.android.zipflinger.CentralDirectoryRecord                                   : loaded 2 times (x 78B)
Class org.gradle.tooling.model.Model                                                  : loaded 2 times (x 70B)
Class jdk.internal.jimage.ImageStringsReader                                          : loaded 2 times (x 80B)
Class org.gradle.internal.Factory                                                     : loaded 2 times (x 70B)
Class org.gradle.api.internal.classpath.DefaultModuleRegistry$DefaultModuleAlias      : loaded 2 times (x 80B)
Class com.android.build.gradle.tasks.ProcessorInfo                                    : loaded 2 times (x 79B)
Class com.android.zipflinger.StreamSource                                             : loaded 2 times (x 87B)
Class org.gradle.internal.classpath.ClassPath                                         : loaded 2 times (x 70B)
Class Settings_gradle$1                                                               : loaded 2 times (x 74B)
Class org.jetbrains.kotlin.incremental.storage.InlinePropertyAccessorExternalizer     : loaded 2 times (x 75B)
Class com.google.wireless.android.sdk.stats.AnnotationProcessorInfo                   : loaded 2 times (x 200B)
Class com.android.builder.packaging.JarFlinger$Relocator                              : loaded 2 times (x 70B)
Class org.jetbrains.kotlin.gradle.internal.ClassLoaderCacheKey                        : loaded 2 times (x 72B)
Class org.jetbrains.kotlin.buildtools.api.KotlinBuildToolsException                   : loaded 2 times (x 82B)
Class jdk.internal.jimage.decompressor.ResourceDecompressor                           : loaded 2 times (x 70B)
Class org.gradle.api.internal.ClassPathRegistry                                       : loaded 2 times (x 70B)
Class org.gradle.internal.classpath.DefaultClassPath$ImmutableUniqueList              : loaded 2 times (x 199B)
Class com.google.wireless.android.sdk.stats.AnnotationProcessorInfo$Builder           : loaded 2 times (x 299B)
Class org.gradle.api.internal.DefaultClassPathRegistry                                : loaded 2 times (x 76B)
Class com.android.build.gradle.internal.feature.BundleAllClasses$BundleAllClassesWorkAction$Parameters: loaded 2 times (x 78B)
Class com.android.build.gradle.internal.feature.BundleAllClasses$BundleAllClassesWorkAction$Parameters_Decorated: loaded 2 times (x 139B)
Class org.jetbrains.kotlin.gradle.internal.kapt.incremental.ClassAbiExtractor         : loaded 2 times (x 87B)
Class org.jetbrains.kotlin.gradle.internal.kapt.incremental.ClasspathEntryData$ClasspathEntrySerializer: loaded 2 times (x 71B)
Class org.jetbrains.kotlin.incremental.classpathDiff.KotlinClassSnapshotExternalizer  : loaded 2 times (x 76B)
Class org.gradle.tooling.internal.gradle.GradleProjectIdentity                        : loaded 2 times (x 70B)
Class sync_studio_tooling_37am2o6lanxxvsl800e0346y2$_run_closure1                     : loaded 2 times (x 139B)
Class org.jetbrains.kotlin.incremental.SelectiveClassVisitor                          : loaded 2 times (x 87B)
Class org.jetbrains.kotlin.incremental.storage.LongExternalizer                       : loaded 2 times (x 75B)
Class org.jetbrains.kotlin.incremental.classpathDiff.KotlinClassInfoExternalizer      : loaded 2 times (x 75B)
Class jdk.internal.jimage.ImageHeader                                                 : loaded 2 times (x 71B)
Class org.gradle.api.internal.classpath.UnknownModuleException                        : loaded 2 times (x 82B)
Class com.android.zipflinger.LocalFileHeader                                          : loaded 2 times (x 75B)
Class org.jetbrains.kotlin.buildtools.internal.ClassLoaderUtilsKt                     : loaded 2 times (x 71B)
Class org.jetbrains.kotlin.incremental.classpathDiff.MultifileClassKotlinClassSnapshotExternalizer: loaded 2 times (x 75B)
Class org.gradle.api.internal.classpath.Module                                        : loaded 2 times (x 70B)
Class com.google.wireless.android.sdk.stats.AnnotationProcessorInfoOrBuilder          : loaded 2 times (x 70B)
Class org.jetbrains.kotlin.gradle.internal.kapt.incremental.ClasspathAnalyzerKt       : loaded 2 times (x 71B)
Class org.gradle.tooling.internal.gradle.DefaultBuildIdentifier                       : loaded 2 times (x 79B)
Class org.jetbrains.kotlin.buildtools.api.CompilationService$Companion                : loaded 2 times (x 71B)
Class org.jetbrains.kotlin.serialization.deserialization.ProtoEnumFlagsUtilsKt        : loaded 2 times (x 71B)
Class org.gradle.internal.time.DefaultCountdownTimer                                  : loaded 2 times (x 88B)
Class org.jetbrains.kotlin.incremental.classpathDiff.JavaClassMemberLevelSnapshot     : loaded 2 times (x 72B)
Class org.jetbrains.kotlin.incremental.classpathDiff.InaccessibleClassSnapshotExternalizer: loaded 2 times (x 75B)
Class org.gradle.api.internal.classpath.DefaultModuleRegistry$DefaultModule           : loaded 2 times (x 82B)
Class org.jetbrains.kotlin.incremental.KotlinClassInfo$Companion                      : loaded 2 times (x 71B)
Class org.jetbrains.kotlin.incremental.storage.DelegateDataExternalizer               : loaded 2 times (x 76B)
Class jdk.internal.jimage.ImageBufferCache$2                                          : loaded 2 times (x 91B)
Class org.jetbrains.kotlin.incremental.classpathDiff.BasicClassInfo$Companion         : loaded 2 times (x 71B)
Class org.gradle.internal.time.DefaultTimer                                           : loaded 2 times (x 80B)
Class jdk.internal.jimage.ImageBufferCache$1                                          : loaded 2 times (x 83B)
Class com.android.build.gradle.internal.tasks.Blocks                                  : loaded 2 times (x 71B)
Class org.jetbrains.kotlin.incremental.classpathDiff.KotlinClassSnapshot              : loaded 2 times (x 74B)
Class com.android.zipflinger.Location                                                 : loaded 2 times (x 78B)
Class jdk.internal.jrtfs.JrtDirectoryStream$1                                         : loaded 2 times (x 83B)
Class jdk.internal.jimage.ImageLocation                                               : loaded 2 times (x 90B)
Class org.jetbrains.kotlin.gradle.internal.kapt.incremental.ClassTypeExtractorVisitor : loaded 2 times (x 87B)
Class org.jetbrains.kotlin.gradle.internal.kapt.incremental.MethodTypeExtractorVisitor: loaded 2 times (x 104B)
Class kotlin.collections.CollectionsKt___CollectionsKt$withIndex$1                    : loaded 2 times (x 79B)
Class org.jetbrains.kotlin.incremental.classpathDiff.ExtraInfoExternalizer            : loaded 2 times (x 75B)
Class ijKotlinCoroutineJvmDebugInit1_522lvnjp0jm881vnayjmxv074                        : loaded 2 times (x 171B)
Class org.jetbrains.kotlin.incremental.storage.FloatExternalizer                      : loaded 2 times (x 75B)
Class org.gradle.tooling.model.UnsupportedMethodException                             : loaded 2 times (x 82B)
Class com.google.common.collect.Iterators$SingletonIterator                           : loaded 2 times (x 81B)
Class jdk.internal.jrtfs.JrtFileSystemProvider                                        : loaded 2 times (x 101B)
Class org.gradle.internal.service.ServiceLocator                                      : loaded 2 times (x 70B)
Class com.android.zipflinger.Crc32                                                    : loaded 2 times (x 71B)
Class jdk.internal.jrtfs.SystemImage$2                                                : loaded 2 times (x 76B)
Class ijKotlinCoroutineJvmDebugInit1_522lvnjp0jm881vnayjmxv074$_run_closure1          : loaded 2 times (x 139B)
Class org.jetbrains.kotlin.incremental.classpathDiff.ClassSnapshotter                 : loaded 2 times (x 71B)
Class org.jetbrains.kotlin.incremental.storage.DoubleExternalizer                     : loaded 2 times (x 75B)
Class jdk.internal.jrtfs.SystemImage$1                                                : loaded 2 times (x 78B)
Class org.gradle.internal.classloader.InstrumentingClassLoader                        : loaded 2 times (x 70B)
Class org.gradle.internal.classpath.TransformedClassPath                              : loaded 2 times (x 96B)
Class com.android.build.gradle.internal.profile.TaskProfilingRecord$Companion         : loaded 2 times (x 71B)
Class com.android.zipflinger.FreeStore                                                : loaded 2 times (x 77B)
Class jdk.internal.jimage.ImageReader$LinkNode                                        : loaded 2 times (x 84B)
Class com.android.zipflinger.ZipReader                                                : loaded 2 times (x 82B)
Class org.jetbrains.kotlin.incremental.storage.ExternalizersKt                        : loaded 2 times (x 71B)
Class org.jetbrains.kotlin.incremental.classpathDiff.MultifileClassKotlinClassSnapshot: loaded 2 times (x 76B)
Class org.gradle.internal.service.UnknownServiceException                             : loaded 2 times (x 83B)
Class org.jetbrains.kotlin.gradle.internal.kapt.incremental.FieldTypeExtractorVisitor : loaded 2 times (x 76B)
Class org.jetbrains.kotlin.incremental.classpathDiff.ClassSnapshotter$WhenMappings    : loaded 2 times (x 71B)
Class jdk.internal.jrtfs.SystemImage                                                  : loaded 2 times (x 74B)
Class org.gradle.api.internal.ClassPathProvider                                       : loaded 2 times (x 70B)
Class [Lorg.gradle.api.internal.ClassPathProvider;                                    : loaded 2 times (x 69B)
Class org.gradle.api.internal.DefaultClassPathProvider                                : loaded 2 times (x 76B)
Class ijJvmDebugger1_6exoogiqucn4ifsb74qw96f7m$_run_closure1                          : loaded 2 times (x 139B)
Class com.android.builder.packaging.JarFlinger                                        : loaded 2 times (x 88B)
Class org.jetbrains.kotlin.metadata.jvm.deserialization.JvmMetadataVersion            : loaded 2 times (x 74B)
Class [Lorg.jetbrains.kotlin.descriptors.CallableMemberDescriptor$Kind;               : loaded 2 times (x 69B)
Class org.gradle.tooling.internal.gradle.DefaultProjectIdentifier                     : loaded 2 times (x 86B)
Class org.jetbrains.kotlin.incremental.KotlinClassInfoKt                              : loaded 2 times (x 71B)
Class org.jetbrains.kotlin.com.intellij.util.io.IOUtil                                : loaded 2 times (x 71B)
Class org.jetbrains.kotlin.inline.InlinePropertyAccessor                              : loaded 2 times (x 75B)
Class org.gradle.internal.classloader.ClassLoaderVisitor                              : loaded 2 times (x 76B)
Class com.android.zipflinger.PayloadInputStream                                       : loaded 2 times (x 93B)
Class org.gradle.internal.classloader.DefaultClassLoaderFactory                       : loaded 2 times (x 82B)
Class com.android.zipflinger.ZipInfo                                                  : loaded 2 times (x 72B)
Class org.jetbrains.kotlin.gradle.internal.ParentClassLoaderProvider                  : loaded 2 times (x 70B)
Class org.jetbrains.kotlin.buildtools.internal.CompilationServiceProxy                : loaded 2 times (x 81B)
Class com.google.wireless.android.sdk.stats.AnnotationProcessorInfo$1                 : loaded 2 times (x 151B)
Class com.google.gson.internal.LinkedTreeMap$KeySet                                   : loaded 2 times (x 136B)
Class org.gradle.internal.operations.MultipleBuildOperationFailures                   : loaded 2 times (x 95B)
Class jdk.internal.jimage.decompressor.StringSharingDecompressorFactory               : loaded 2 times (x 74B)
Class org.jetbrains.kotlin.incremental.storage.ProtoMapValue                          : loaded 2 times (x 72B)
Class org.jetbrains.kotlin.inline.InlineUtilKt                                        : loaded 2 times (x 71B)
Class org.gradle.internal.classloader.ClassLoaderHierarchy                            : loaded 2 times (x 70B)
Class com.android.build.gradle.internal.feature.BundleAllClasses$BundleAllClassesWorkAction: loaded 2 times (x 77B)
Class com.android.zipflinger.Zip64Locator                                             : loaded 2 times (x 74B)
Class org.jetbrains.kotlin.gradle.internal.ClassLoadersCachingBuildService$getClassLoader$1: loaded 2 times (x 79B)
Class org.jetbrains.kotlin.incremental.classpathDiff.ClassFileWithContents            : loaded 2 times (x 72B)
Class org.jetbrains.kotlin.incremental.classpathDiff.BasicClassInfoClassVisitor       : loaded 2 times (x 87B)
Class jdk.internal.jimage.BasicImageReader                                            : loaded 2 times (x 95B)
Class org.gradle.internal.classloader.FilteringClassLoader                            : loaded 2 times (x 105B)
Class org.jetbrains.kotlin.gradle.internal.kapt.incremental.ClassAbiExtractorKt$lazyAsmApiVersion$1: loaded 2 times (x 78B)
Class org.jetbrains.kotlin.incremental.classpathDiff.AccessibleClassSnapshotExternalizer: loaded 2 times (x 76B)
Class org.jetbrains.kotlin.incremental.classpathDiff.JarReader                        : loaded 2 times (x 82B)

---------------  S Y S T E M  ---------------

OS:
 Windows 11 , 64 bit Build 26100 (10.0.26100.9168)
OS uptime: 3 days 15:18 hours
Hyper-V role detected

CPU: total 8 (initial active 8) (8 cores per cpu, 2 threads per core) family 23 model 160 stepping 0 microcode 0x8a0000b, cx8, cmov, fxsr, ht, mmx, 3dnowpref, sse, sse2, sse3, ssse3, sse4a, sse4.1, sse4.2, popcnt, lzcnt, tsc, tscinvbit, avx, avx2, aes, clmul, bmi1, bmi2, adx, sha, fma, vzeroupper, clflush, clflushopt, hv, rdtscp, rdpid, f16c
Processor Information for the first 8 processors :
  Max Mhz: 2401, Current Mhz: 2401, Mhz Limit: 2401

Memory: 4k page, system-wide physical 7412M (489M free)
TotalPageFile size 24930M (AvailPageFile size 1M)
current process WorkingSet (physical memory assigned to process): 837M, peak: 837M
current process commit charge ("private bytes"): 1083M, peak: 1083M

vm_info: OpenJDK 64-Bit Server VM (21.0.10+-14961533-b1163.108) for windows-amd64 JRE (21.0.10+-14961533-b1163.108), built on 2026-03-02T19:58:50Z by "builder" with MS VC++ 16.10 / 16.11 (VS2019)

END.
